GET /files/ 82.4ms sql=35
GET /files/projects/ 22.2ms sql=7
GET /files/commission-manage/ 126.7ms sql=32
GET /files/hospital-info/ 24.0ms sql=26
GET /database/devices/ 30.0ms sql=8
GET /files/hospital-info/ 22.2ms sql=26
GET /database/devices/ 24.9ms sql=8
GET /files/task-management/ 48.8ms sql=30
GET /files/process/ 11.0ms sql=5
GET /files/htmlpdf/ 126.7ms sql=169
GET /files/process/ 9.4ms sql=5
GET /files/hospital-info/ 29.5ms sql=26
GET /files/hospital-info/ 93.8ms sql=184
GET /files/hospital-info/ 88.4ms sql=180
GET /files/hospital-info/ 86.5ms sql=177
GET / 773.5ms sql=12
GET /files/task-management/ 9163.3ms sql=37
GET /database/devices/ 4123.9ms sql=10
GET /files/task-management/ 10502.9ms sql=37
GET / 236.7ms sql=7
GET /files/htmlpdf/ 72120.7ms sql=704
GET /files/htmlpdf/ 78140.2ms sql=704
GET /files/htmlpdf/ 80847.1ms sql=704
GET /files/htmlpdf/api/template-jsons/ 178871.8ms sql=3155
GET /files/htmlpdf/ 76189.0ms sql=704
GET / 182.3ms sql=7
GET /files/ 82154.6ms sql=833
GET /files/htmlpdf/ 51300.3ms sql=704
GET /files/task-management/ 6435.3ms sql=37
GET /files/htmlpdf/api/template-jsons/ 128985.6ms sql=3175
GET /files/ 60756.4ms sql=828
GET /files/htmlpdf/ 48198.6ms sql=704
GET /help/usage/ 173.4ms sql=2
GET /files/htmlpdf/ 60117.0ms sql=709
GET /files/task-management/ 19049.0ms sql=54
GET /help/usage/ 84.8ms sql=2
GET /files/htmlpdf/ 91110.6ms sql=704
GET /files/ 105889.7ms sql=836
GET /files/htmlpdf/ 98819.5ms sql=704
GET /files/task-management/ 40061.0ms sql=54
GET /files/htmlpdf/api/template-jsons/ 215893.4ms sql=3185
GET /files/htmlpdf/ 105461.4ms sql=710
GET / 35.6ms sql=0
GET /login/ 70.6ms sql=0
GET /files/hospital-info/ 3426.4ms sql=26
GET /files/task-management/ 9868.4ms sql=30
GET /files/hospital-info/ 4015.8ms sql=26
GET /files/htmlpdf/ 15450.3ms sql=169
GET /files/task-management/ 10431.1ms sql=30
GET /files/htmlpdf/ 16114.0ms sql=169
GET /files/htmlpdf/ 15974.1ms sql=169
GET /files/htmlpdf/ 15102.5ms sql=169
GET /files/htmlpdf/ 14573.7ms sql=170
GET /files/htmlpdf/ 13440.9ms sql=170
GET /files/htmlpdf/ 13244.5ms sql=176
GET /files/htmlpdf/editor/1866/ 765.8ms sql=5
GET /files/htmlpdf/editor/1866/ 168.4ms sql=5
GET /files/htmlpdf/template/1866/ 40.9ms sql=2
GET /files/htmlpdf/api/template-jsons/ 1455.0ms sql=2
GET /files/task-management/ 756.8ms sql=41
GET /files/task-management/ 189.2ms sql=31
GET /files/task-management/ 691.5ms sql=41
GET /files/htmlpdf/editor/1765/ 5.9ms sql=7
GET /files/htmlpdf/editor/1765/ 6.3ms sql=7
GET /files/htmlpdf/template/1765/ 7.0ms sql=4
GET /files/htmlpdf/editor/1790/ 20.0ms sql=5
GET /files/htmlpdf/editor/1790/ 21.4ms sql=5
GET /files/htmlpdf/api/template-jsons/ 1327.4ms sql=3185
GET /files/htmlpdf/api/template-jsons/ 8.2ms sql=2
GET /files/htmlpdf/template/1790/ 1.4ms sql=2
GET /files/task-management/ 1392.0ms sql=41
GET /files/task-management/ 1645.4ms sql=42
GET /files/htmlpdf/editor/1762/ 99.3ms sql=5
GET /files/htmlpdf/editor/1762/ 93.3ms sql=5
GET /files/htmlpdf/api/template-jsons/ 730.5ms sql=2
GET /files/htmlpdf/template/1762/ 38.0ms sql=2
GET /files/task-management/ 3703.1ms sql=42
GET /files/task-management/ 2422.7ms sql=42
GET /files/htmlpdf/editor/1762/ 86.3ms sql=5
GET /files/htmlpdf/editor/1762/ 33.6ms sql=5
GET /files/htmlpdf/api/template-jsons/ 414.6ms sql=2
GET /files/htmlpdf/template/1762/ 1.4ms sql=2
GET /database/devices/ 27.5ms sql=15
GET /files/task-management/ 31.5ms sql=37
GET /help/usage/ 0.4ms sql=0
GET /files/task-management/ 117.1ms sql=59
GET /files/htmlpdf/ 401.8ms sql=704
GET /files/htmlpdf/ 371.3ms sql=715
GET /files/htmlpdf/ 409.3ms sql=715
GET /files/htmlpdf/ 399.7ms sql=710
GET /files/task-management/ 99.8ms sql=54
GET /files/task-management/ 287.6ms sql=42
GET /files/task-management/ 112.9ms sql=52
GET /files/task-management/ 66.7ms sql=50
GET /files/task-management/ 55.0ms sql=52
GET /files/task-management/ 67.1ms sql=50
GET /files/htmlpdf/editor/1762/ 4.9ms sql=5
GET /files/htmlpdf/editor/1762/ 5.1ms sql=5
GET /files/htmlpdf/api/template-jsons/ 9.2ms sql=2
GET /files/htmlpdf/template/1762/ 1.4ms sql=2
GET /files/task-management/ 509.1ms sql=57
GET /files/htmlpdf/ 5722.8ms sql=700
GET /files/htmlpdf/ 6135.9ms sql=705
GET /files/htmlpdf/ 6293.8ms sql=705
GET /files/htmlpdf/ 3523.1ms sql=705
GET /files/htmlpdf/ 775.4ms sql=705
GET /files/htmlpdf/editor/2111/ 6.1ms sql=7
GET /files/htmlpdf/editor/2111/ 5.9ms sql=7
GET /files/htmlpdf/template/2111/ 13.4ms sql=4
GET /files/htmlpdf/api/template-jsons/ 1269.4ms sql=3202
GET /files/task-management/ 247.1ms sql=42
GET / 0.3ms sql=0
GET /login/ 0.9ms sql=0
GET /files/htmlpdf/ 0.4ms sql=0
GET /files/task-management/ 84.0ms sql=59
GET /files/htmlpdf/ 379.5ms sql=702
GET /files/htmlpdf/editor/1991/ 5.5ms sql=7
GET /files/htmlpdf/editor/1991/ 5.5ms sql=7
GET /files/htmlpdf/template/1991/ 13.5ms sql=4
GET /files/htmlpdf/api/template-jsons/ 1298.6ms sql=3202
GET /files/task-management/ 92.8ms sql=59
GET /files/task-management/ 73.6ms sql=54
GET /files/htmlpdf/ 351.5ms sql=702
GET /files/htmlpdf/editor/1866/ 6.5ms sql=7
GET /files/htmlpdf/editor/1866/ 6.9ms sql=7
GET /files/htmlpdf/template/1866/ 6.1ms sql=4
GET /files/htmlpdf/api/template-jsons/ 2741.2ms sql=3202
GET /files/htmlpdf/editor/1762/ 5.0ms sql=5
GET /files/htmlpdf/editor/1762/ 6.1ms sql=5
GET /files/htmlpdf/api/template-jsons/ 15.8ms sql=2
GET /files/htmlpdf/template/1762/ 1.5ms sql=2
GET /files/htmlpdf/ 355.4ms sql=702
GET /files/task-management/ 328.7ms sql=42
GET /files/htmlpdf/editor/1866/ 6.1ms sql=7
GET /files/htmlpdf/editor/1866/ 6.4ms sql=7
GET /files/htmlpdf/template/1866/ 13.9ms sql=4
GET /files/htmlpdf/api/template-jsons/ 7622.4ms sql=3202
GET /files/task-management/ 2185.8ms sql=31
GET /files/task-management/ 1807.8ms sql=41
GET /files/task-management/ 4521.2ms sql=41
GET /files/task-management/ 7997.9ms sql=54
GET /files/task-management/ 18426.9ms sql=41
GET /files/task-management/ 21721.0ms sql=41
GET /files/htmlpdf/template/1866/ 292.0ms sql=4
GET /files/task-management/ 21482.2ms sql=54
GET /files/htmlpdf/ 112953.8ms sql=702
GET /files/task-management/ 20665.4ms sql=54
GET /files/task-management/ 12363.5ms sql=54
GET /files/htmlpdf/ 67392.5ms sql=707
GET /files/htmlpdf/ 67505.2ms sql=709
GET /files/htmlpdf/editor/1927/ 35.9ms sql=7
GET /files/htmlpdf/editor/1927/ 6.8ms sql=7
GET /files/htmlpdf/template/1927/ 15.0ms sql=4
GET /files/htmlpdf/api/template-jsons/ 1500.3ms sql=3202
GET /files/task-management/ 1456.5ms sql=60
GET /files/htmlpdf/ 363.9ms sql=702
GET /files/htmlpdf/editor/1927/ 5.7ms sql=7
GET /files/htmlpdf/editor/1927/ 5.7ms sql=7
GET /files/htmlpdf/template/1927/ 13.1ms sql=4
GET /files/htmlpdf/api/template-jsons/ 1212.9ms sql=3202
GET /files/task-management/ 2945.0ms sql=41
GET /files/htmlpdf/editor/1762/ 165.3ms sql=5
GET /files/htmlpdf/editor/1762/ 151.0ms sql=5
GET /files/htmlpdf/api/template-jsons/ 825.4ms sql=2
GET /files/htmlpdf/template/1762/ 58.5ms sql=2
GET /files/task-management/ 6694.7ms sql=41
GET /files/htmlpdf/editor/1762/ 313.0ms sql=5
GET /files/htmlpdf/editor/1762/ 340.5ms sql=5
GET /files/htmlpdf/template/1762/ 331.9ms sql=2
GET /files/htmlpdf/api/template-jsons/ 2520.1ms sql=2
GET / 773.5ms sql=8
GET /files/task-management/ 12559.6ms sql=30
GET /files/task-management/ 18962.1ms sql=41
GET /files/task-management/ 72.9ms sql=0
GET /login/ 81.6ms sql=0
GET /files/task-management/ 2740.3ms sql=31
GET /files/htmlpdf/ 11538.6ms sql=169
GET /files/htmlpdf/ 6799.3ms sql=169
GET /files/task-management/ 5568.3ms sql=59
GET /files/htmlpdf/api/template-jsons/ 13188.1ms sql=557
GET /files/htmlpdf/ 5940.1ms sql=170
GET /files/htmlpdf/ 10905.3ms sql=174
GET /files/htmlpdf/editor/1762/ 399.8ms sql=5
GET /files/htmlpdf/editor/1762/ 987.8ms sql=5
GET /files/htmlpdf/api/template-jsons/ 2152.9ms sql=9
GET /files/htmlpdf/template/1762/ 152.5ms sql=2
GET /files/ 3245.1ms sql=849
GET /files/task-management/ 837.8ms sql=55
GET /files/ 6046.6ms sql=844
GET /files/task-management/ 497.1ms sql=60
GET /files/task-management/ 510.1ms sql=54
GET /files/htmlpdf/ 3217.7ms sql=717
GET /files/htmlpdf/editor/1947/ 39.7ms sql=7
GET /files/htmlpdf/editor/1947/ 38.0ms sql=7
GET /files/htmlpdf/api/template-jsons/ 19.0ms sql=19
GET /files/htmlpdf/template/1947/ 5.1ms sql=4
GET /files/task-management/ 2420.5ms sql=54
GET /files/task-management/ 2227.8ms sql=54
GET /files/htmlpdf/ 16021.1ms sql=717
GET /files/htmlpdf/editor/1954/ 105.6ms sql=6
GET /files/htmlpdf/editor/1954/ 112.6ms sql=6
GET /files/htmlpdf/api/template-jsons/ 392.3ms sql=11
GET /files/htmlpdf/template/1954/ 326.7ms sql=4
GET /files/htmlpdf/template/1947/ 19.5ms sql=0
GET /login/ 65.5ms sql=0
GET /files/task-management/ 82.9ms sql=58
GET /files/task-management/ 55.2ms sql=50
GET /files/task-management/ 68.7ms sql=52
GET /files/htmlpdf/ 393.7ms sql=715
GET /files/htmlpdf/editor/2114/ 5.9ms sql=7
GET /files/htmlpdf/editor/2114/ 5.9ms sql=7
GET /files/htmlpdf/api/template-jsons/ 6.7ms sql=8
GET /files/htmlpdf/template/2114/ 5.5ms sql=4
GET /files/htmlpdf/editor/1762/ 5.4ms sql=5
GET /files/htmlpdf/template/1762/ 43.2ms sql=2
GET /files/htmlpdf/api/template-jsons/ 540.3ms sql=9
GET /files/htmlpdf/api/template-jsons/ 416.2ms sql=9
GET /files/ 2930.3ms sql=127
GET /files/task-management/ 42.3ms sql=30
GET /files/htmlpdf/template/2114/ 1.6ms sql=0
GET /login/ 1.9ms sql=0
GET /files/task-management/ 187.4ms sql=30
GET /files/task-management/ 45.6ms sql=31
GET /files/task-management/ 60.0ms sql=41
GET /files/task-management/ 108.5ms sql=42
GET /files/htmlpdf/editor/1762/ 4.9ms sql=5
GET /files/htmlpdf/editor/1762/ 5.0ms sql=5
GET /files/htmlpdf/template/1762/ 2.4ms sql=2
GET /files/htmlpdf/api/template-jsons/ 451.1ms sql=9
GET /files/task-management/ 1137.6ms sql=42
GET /files/task-management/ 0.4ms sql=0
GET /login/ 25.9ms sql=0
GET /files/hospital-info/ 3812.4ms sql=26
GET /files/hospital-info/ 14017.8ms sql=184
GET /files/hospital-info/ 14396.4ms sql=184
GET /files/hospital-info/ 15109.8ms sql=184
GET /files/hospital-info/ 14312.3ms sql=184
GET /files/hospital-info/ 16487.7ms sql=180
GET /files/hospital-info/ 17072.2ms sql=184
GET /files/hospital-info/ 17744.9ms sql=180
GET /files/hospital-info/ 17239.6ms sql=177
GET /files/htmlpdf/api/template-jsons/ 4244.3ms sql=19
GET /files/hospital-info/ 21958.2ms sql=180
GET /files/htmlpdf/api/template-jsons/ 3093.6ms sql=27
GET /files/hospital-info/ 12901.4ms sql=177
GET /files/hospital-info/ 13541.1ms sql=180
GET /files/task-management/ 15916.1ms sql=59
GET /files/task-management/ 16657.8ms sql=54
GET /files/task-management/ 14584.2ms sql=54
GET /files/hospital-info/ 12142.0ms sql=177
GET / 173.4ms sql=7
GET /files/task-management/ 6982.5ms sql=37
GET /files/ 98313.4ms sql=860
GET /files/task-management/ 11596.3ms sql=54
GET /files/ 89174.3ms sql=860
GET /files/htmlpdf/ 68001.9ms sql=710
GET /files/htmlpdf/ 68093.9ms sql=704
GET /files/htmlpdf/ 444.7ms sql=716
GET /files/htmlpdf/editor/1954/ 5.8ms sql=6
GET /files/htmlpdf/editor/1954/ 5.7ms sql=6
GET /files/htmlpdf/template/1954/ 30.7ms sql=4
GET /files/htmlpdf/api/template-jsons/ 180.9ms sql=27
GET /files/hospital-info/ 109.0ms sql=153
GET /files/hospital-info/ 8.1ms sql=4
GET /files/hospital-info/ 16.2ms sql=15
GET /files/hospital-info/ 68.5ms sql=158
GET /files/hospital-info/ 67.9ms sql=155
GET /files/hospital-info/ 78.0ms sql=153
GET /files/hospital-info/ 73.6ms sql=153
GET /files/hospital-info/ 69.6ms sql=155
GET /files/hospital-info/ 64.3ms sql=158
GET /files/task-management/ 109.7ms sql=54
GET /files/task-management/ 82.7ms sql=54
GET /files/htmlpdf/ 393.1ms sql=710
GET /files/htmlpdf/editor/1927/ 8.9ms sql=7
GET /files/htmlpdf/editor/1927/ 6.5ms sql=7
GET /files/htmlpdf/template/1927/ 5.2ms sql=4
GET /files/htmlpdf/api/template-jsons/ 121.6ms sql=51
GET /files/task-management/ 90.5ms sql=54
GET / 11.4ms sql=12
GET /files/task-management/ 127.3ms sql=54
GET /files/htmlpdf/ 708.2ms sql=704
GET /files/htmlpdf/ 748.9ms sql=710
GET /files/htmlpdf/editor/1765/ 6.1ms sql=7
GET /files/htmlpdf/editor/1765/ 6.6ms sql=7
GET /files/htmlpdf/template/1765/ 20.1ms sql=4
GET /files/htmlpdf/api/template-jsons/ 1633.1ms sql=571
GET /files/task-management/ 119.9ms sql=59
GET /files/task-management/ 265.1ms sql=54
GET /files/task-management/ 96.5ms sql=54
GET /files/htmlpdf/ 370.5ms sql=710
GET /files/htmlpdf/editor/1954/ 5.1ms sql=6
GET /files/htmlpdf/editor/1954/ 5.6ms sql=6
GET /files/htmlpdf/api/template-jsons/ 103.0ms sql=27
GET /files/htmlpdf/template/1954/ 3.4ms sql=4
GET /files/task-management/ 16622.5ms sql=42
GET /files/htmlpdf/api/template-jsons/ 4361.3ms sql=35
GET /files/htmlpdf/ 115875.0ms sql=704
GET /files/htmlpdf/ 115968.8ms sql=704
GET /files/htmlpdf/ 112268.3ms sql=704
GET /files/task-management/ 20707.2ms sql=59
GET /files/ 128212.1ms sql=868
GET /files/task-management/ 18519.4ms sql=54
GET /logout/ 132.4ms sql=4
GET /login/ 32.6ms sql=0
GET / 647.4ms sql=12
GET /files/htmlpdf/ 49801.8ms sql=710
GET /files/task-management/ 2892.7ms sql=37
GET /files/task-management/ 1056.0ms sql=37
GET /files/task-management/ 497.1ms sql=37
GET /files/htmlpdf/ 12682.4ms sql=704
GET /files/task-management/ 252.5ms sql=37
GET /files/task-management/ 40.7ms sql=38
GET /files/task-management/ 48.9ms sql=54
GET /files/task-management/ 111.0ms sql=55
GET /files/htmlpdf/ 384.4ms sql=711
GET /files/htmlpdf/editor/2024/ 5.4ms sql=6
GET /files/htmlpdf/editor/2024/ 5.2ms sql=6
GET /files/htmlpdf/api/template-jsons/ 51.2ms sql=27
GET /files/htmlpdf/template/2024/ 7.3ms sql=4
GET /files/htmlpdf/ 343.3ms sql=709
GET /files/htmlpdf/ 354.9ms sql=704
GET /files/htmlpdf/ 393.7ms sql=704
GET /files/task-management/ 45.5ms sql=37
GET /files/task-management/ 50.4ms sql=37
GET /files/htmlpdf/ 410.6ms sql=704
GET /files/htmlpdf/ 430.2ms sql=704
GET /files/task-management/ 55.7ms sql=37
GET /files/task-management/ 44.5ms sql=37
GET /files/htmlpdf/api/template-jsons/ 1.2ms sql=0
GET /login/ 1.5ms sql=0
GET /files/htmlpdf/editor/2024/ 0.4ms sql=0
GET /login/ 1.0ms sql=0
GET /files/htmlpdf/api/template-jsons/ 74.8ms sql=35
GET /files/ 3071.0ms sql=881
GET /files/htmlpdf/ 6653.8ms sql=704
GET /files/htmlpdf/ 388.2ms sql=710
GET /files/htmlpdf/editor/2026/ 5.3ms sql=6
GET /files/htmlpdf/editor/2026/ 4.9ms sql=6
GET /files/htmlpdf/api/template-jsons/ 14.9ms sql=11
GET /files/htmlpdf/template/2026/ 3.9ms sql=4
GET /files/task-management/ 66.0ms sql=54
GET /files/task-management/ 61.2ms sql=54
GET /files/task-management/ 73.8ms sql=54
GET /files/htmlpdf/ 410.2ms sql=710
GET /files/htmlpdf/editor/2066/ 5.3ms sql=6
GET /files/htmlpdf/editor/2066/ 5.3ms sql=6
GET /files/htmlpdf/api/template-jsons/ 51.3ms sql=19
GET /files/htmlpdf/template/2066/ 2.6ms sql=4
GET /files/task-management/ 75.5ms sql=54
GET /files/task-management/ 255.7ms sql=54
GET /files/task-management/ 69.2ms sql=55
GET /files/htmlpdf/ 375.4ms sql=711
GET /files/htmlpdf/ 404.1ms sql=710
GET /files/htmlpdf/editor/2024/ 5.9ms sql=6
GET /files/htmlpdf/editor/2024/ 7.3ms sql=6
GET /files/htmlpdf/api/template-jsons/ 58.7ms sql=35
GET /files/htmlpdf/template/2024/ 2.6ms sql=4
GET /files/htmlpdf/editor/2026/ 0.4ms sql=0
GET /login/ 0.9ms sql=0
GET /files/task-management/ 0.4ms sql=0
GET /files/htmlpdf/api/template-jsons/ 79.3ms sql=43
GET /files/ 2754.7ms sql=889
GET /files/htmlpdf/ 5974.8ms sql=704
GET /files/htmlpdf/ 396.5ms sql=710
GET /files/htmlpdf/editor/1991/ 6.5ms sql=7
GET /files/htmlpdf/editor/1991/ 7.0ms sql=7
GET /files/htmlpdf/template/1991/ 191.5ms sql=4
GET /files/htmlpdf/api/template-jsons/ 349.8ms sql=91
GET /files/htmlpdf/template/2026/ 0.4ms sql=0
GET /login/ 1.0ms sql=0
GET /files/ 18.5ms sql=0
GET /login/ 5.3ms sql=0
GET / 7.1ms sql=8
GET /files/task-management/ 34.3ms sql=31
GET /files/task-management/ 81.6ms sql=30
GET /files/task-management/ 25.4ms sql=31
GET /files/task-management/ 35.9ms sql=41
GET /files/1740/preview/ 3.7ms sql=4
GET /files/1740/raw/ 1.0ms sql=2
GET /files/task-management/ 26.9ms sql=30
GET /files/task-management/ 23.9ms sql=30
GET /files/task-management/ 24.5ms sql=31
GET /files/task-management/ 35.2ms sql=41
GET /files/htmlpdf/editor/1740/ 4.1ms sql=5
GET /files/htmlpdf/editor/1740/ 3.4ms sql=5
GET /files/htmlpdf/api/template-jsons/ 10.7ms sql=9
GET /files/htmlpdf/template/1740/ 2.5ms sql=2
GET /files/task-management/ 287.8ms sql=41
GET /files/task-management/ 27.9ms sql=30
GET /files/task-management/ 27.2ms sql=30
GET /files/task-management/ 24.6ms sql=30
GET /files/task-management/ 24.0ms sql=30
GET /files/task-management/ 25.6ms sql=30
GET /files/task-management/ 24.8ms sql=30
GET /files/task-management/ 24.8ms sql=30
GET /files/task-management/ 26.7ms sql=30
GET /files/task-management/ 25.4ms sql=30
GET /files/task-management/ 24.8ms sql=30
GET /files/task-management/ 24.7ms sql=30
GET /files/task-management/ 23.8ms sql=30
GET /files/task-management/ 25.6ms sql=30
GET /files/task-management/ 24.0ms sql=30
GET /files/task-management/ 115.2ms sql=30
GET /files/ 21.7ms sql=35
GET /files/task-management/ 26.1ms sql=30
GET /files/task-management/ 24.7ms sql=30
GET /files/task-management/ 27.7ms sql=30
GET /files/task-management/ 25.6ms sql=30
GET /files/task-management/ 26.5ms sql=31
GET /files/task-management/ 32.7ms sql=41
GET /files/task-management/ 30.0ms sql=42
GET /files/task-management/ 30.7ms sql=41
GET /files/task-management/ 28.4ms sql=41
GET /files/task-management/ 31.8ms sql=42
GET /files/task-management/ 100.0ms sql=41
GET /files/1995/preview/ 3.0ms sql=4
GET /files/1995/raw/ 1.1ms sql=2
GET /files/task-management/ 34.6ms sql=41
GET /files/task-management/ 25.5ms sql=31
GET /files/task-management/ 25.2ms sql=31
GET /files/task-management/ 24.8ms sql=30
GET / 7.9ms sql=12
GET /files/htmlpdf/ 238.1ms sql=704
GET /files/task-management/ 26.1ms sql=30
GET /files/task-management/ 25.2ms sql=31
GET /files/task-management/ 32.5ms sql=41
GET /files/htmlpdf/ 233.6ms sql=704
GET /files/htmlpdf/ 237.2ms sql=704
GET /files/htmlpdf/ 231.9ms sql=704
GET /files/htmlpdf/ 232.4ms sql=704
GET /files/htmlpdf/ 253.1ms sql=704
GET /files/htmlpdf/ 243.7ms sql=704
GET /files/task-management/ 27.7ms sql=37
GET /files/ 10.7ms sql=18
GET /files/ 10.3ms sql=18
GET /files/ 18.8ms sql=18
GET /files/ 11.1ms sql=18
GET /files/ 268.6ms sql=935
GET /files/ 338.0ms sql=935
GET /files/ 279.6ms sql=935
GET /files/2108/download/ 4.8ms sql=10
GET /files/2108/download/ 3.4ms sql=10
GET /files/2091/download/ 3.7ms sql=10
GET /files/2091/download/ 3.4ms sql=10
GET /files/2089/download/ 3.3ms sql=10
GET /files/2089/download/ 3.4ms sql=10
GET /files/2069/download/ 3.3ms sql=10
GET /files/2069/download/ 3.4ms sql=10
GET /files/task-management/ 32.1ms sql=37
GET /files/htmlpdf/ 233.8ms sql=704
GET /files/task-management/ 31.6ms sql=37
GET /files/task-management/ 30.8ms sql=37
GET /files/task-management/ 28.7ms sql=37
GET /files/task-management/ 28.4ms sql=37
GET /files/task-management/ 27.1ms sql=37
GET /files/task-management/ 28.1ms sql=37
GET /files/task-management/ 28.7ms sql=42
GET /files/task-management/ 30.6ms sql=37
GET /files/task-management/ 28.6ms sql=37
GET /files/task-management/ 27.6ms sql=37
GET / 3.7ms sql=7
GET /files/ 11.6ms sql=18
GET /files/ 11.2ms sql=18
GET /files/ 361.9ms sql=935
GET /files/htmlpdf/ 248.7ms sql=704
GET /files/ 10.9ms sql=18
GET /files/htmlpdf/ 236.4ms sql=704
GET /files/htmlpdf/ 236.5ms sql=704
GET /files/htmlpdf/ 232.0ms sql=704
GET /files/htmlpdf/ 237.1ms sql=704
GET /files/htmlpdf/ 231.9ms sql=704
GET /files/htmlpdf/ 236.7ms sql=704
GET /files/htmlpdf/ 233.1ms sql=704
GET /files/htmlpdf/ 231.5ms sql=704
GET /files/htmlpdf/ 253.7ms sql=704
GET /files/htmlpdf/ 230.0ms sql=704
GET /files/htmlpdf/ 231.3ms sql=704
GET /files/htmlpdf/ 240.2ms sql=704
GET /files/htmlpdf/ 232.1ms sql=704
GET /files/htmlpdf/ 237.1ms sql=704
GET /files/htmlpdf/ 235.2ms sql=704
GET /files/htmlpdf/ 257.6ms sql=704
GET /files/htmlpdf/ 234.4ms sql=704
GET /files/htmlpdf/ 239.0ms sql=704
GET /files/htmlpdf/ 241.3ms sql=704
GET /files/htmlpdf/ 235.2ms sql=704
GET /files/htmlpdf/ 235.4ms sql=704
GET /files/htmlpdf/ 232.3ms sql=704
GET /files/htmlpdf/ 237.2ms sql=704
GET /files/htmlpdf/ 235.7ms sql=704
GET /files/htmlpdf/ 238.5ms sql=704
GET /files/htmlpdf/ 226.5ms sql=704
GET /files/htmlpdf/ 230.9ms sql=704
GET /files/htmlpdf/ 253.1ms sql=704
GET /files/htmlpdf/ 232.7ms sql=704
GET /files/htmlpdf/ 232.5ms sql=704
GET /files/htmlpdf/ 227.6ms sql=704
GET /files/htmlpdf/ 247.0ms sql=704
GET /files/htmlpdf/ 244.0ms sql=704
GET /files/htmlpdf/ 250.6ms sql=704
GET /files/htmlpdf/ 245.8ms sql=704
GET /files/ 12.9ms sql=18
GET /files/ 279.3ms sql=935
GET /files/ 280.3ms sql=935
GET /files/task-management/ 90.9ms sql=30
GET /files/ 307.0ms sql=935
GET /files/task-management/ 29.0ms sql=30
GET /files/task-management/ 26.6ms sql=30
GET /files/htmlpdf/ 237.3ms sql=704
GET /files/htmlpdf/ 226.5ms sql=704
GET /files/ 10.4ms sql=18
GET /files/ 272.4ms sql=935
GET /files/ 10.6ms sql=18
GET /files/ 12.6ms sql=18
GET /files/ 273.7ms sql=935
GET /files/ 9.7ms sql=18
GET /files/ 10.5ms sql=18
GET /files/ 11.1ms sql=18
GET /files/ 12.0ms sql=18
GET /files/ 272.4ms sql=935
GET /files/ 277.5ms sql=935
GET /files/ 295.4ms sql=935
GET /files/ 271.8ms sql=935
GET /files/ 269.2ms sql=935
GET /files/2090/download/ 1.7ms sql=4
GET /files/2090/download/ 1.8ms sql=4
GET /files/ 349.4ms sql=940
GET /files/ 276.4ms sql=935
GET /files/ 281.1ms sql=935
GET /files/2090/download/ 2.5ms sql=4
GET /files/2090/download/ 1.8ms sql=4
GET /files/task-management/ 26.0ms sql=37
GET /files/ 11.1ms sql=18
GET /files/ 11.6ms sql=18
GET /files/ 284.6ms sql=935
GET /files/ 293.8ms sql=935
GET /files/ 276.6ms sql=935
GET /files/task-management/ 25.4ms sql=31
GET /files/task-management/ 38.2ms sql=41
GET /files/2112/download/ 1.7ms sql=4
GET /files/2112/download/ 2.2ms sql=4
GET /files/task-management/ 39.9ms sql=42
GET /files/2111/download/ 1.7ms sql=4
GET /files/2111/download/ 2.0ms sql=4
GET /files/task-management/ 48.7ms sql=41
GET /files/task-management/ 40.9ms sql=41
GET /files/ 87.8ms sql=18
GET /files/ 10.7ms sql=18
GET /files/ 18.4ms sql=18
GET /files/ 10.1ms sql=18
GET /files/ 277.0ms sql=935
GET /files/ 11.7ms sql=18
GET /files/ 273.6ms sql=935
GET /files/ 12.3ms sql=18
GET /files/ 11.6ms sql=18
GET /files/ 9.8ms sql=18
GET /files/task-management/ 34.3ms sql=41
GET /files/ 10.7ms sql=18
GET /files/ 12.0ms sql=18
GET /files/ 12.4ms sql=18
GET /files/ 11.2ms sql=18
GET /files/ 266.6ms sql=935
GET /files/ 293.4ms sql=935
GET /files/task-management/ 27.3ms sql=37
GET /files/task-management/ 26.6ms sql=31
GET /files/task-management/ 26.2ms sql=30
GET /files/task-management/ 26.8ms sql=30
GET /files/task-management/ 27.8ms sql=37
GET /files/htmlpdf/ 243.3ms sql=704
GET /files/htmlpdf/ 236.8ms sql=704
GET /files/htmlpdf/ 256.1ms sql=713
GET /files/htmlpdf/editor/2095/ 4.1ms sql=6
GET /files/htmlpdf/editor/2095/ 3.5ms sql=6
GET /files/htmlpdf/api/template-jsons/ 4.0ms sql=8
GET /files/htmlpdf/template/2095/ 1.9ms sql=4
GET /files/task-management/ 36.4ms sql=52
GET /files/task-management/ 124.0ms sql=52
GET /files/task-management/ 41.5ms sql=54
GET /files/task-management/ 28.6ms sql=38
GET /files/task-management/ 33.8ms sql=52
GET /files/htmlpdf/editor/2095/ 3.2ms sql=6
GET /files/htmlpdf/editor/2095/ 3.3ms sql=6
GET /files/htmlpdf/api/template-jsons/ 4.4ms sql=8
GET /files/htmlpdf/template/2095/ 1.6ms sql=4
GET /files/task-management/ 36.1ms sql=52
GET /files/task-management/ 39.5ms sql=52
GET /files/htmlpdf/editor/2114/ 4.6ms sql=7
GET /files/htmlpdf/editor/2114/ 4.5ms sql=7
GET /files/htmlpdf/api/template-jsons/ 4.9ms sql=8
GET /files/htmlpdf/template/2114/ 1.6ms sql=4
GET /files/task-management/ 36.2ms sql=52
GET /files/2111/download/ 0.3ms sql=0
GET /files/task-management/ 66.9ms sql=45
GET /files/task-management/ 90.3ms sql=56
GET /files/task-management/ 48.9ms sql=60
GET /files/task-management/ 40.7ms sql=56
GET /files/task-management/ 52.2ms sql=60
GET /files/task-management/ 32.1ms sql=44
GET /files/task-management/ 41.3ms sql=60
GET /files/task-management/ 37.2ms sql=58
GET /files/task-management/ 32.7ms sql=43
GET /files/task-management/ 33.7ms sql=44
GET /files/task-management/ 37.1ms sql=44
GET /files/task-management/ 97.0ms sql=44
GET /files/task-management/ 35.8ms sql=44
GET /files/task-management/ 34.2ms sql=43
GET /files/task-management/ 34.9ms sql=44
GET /files/task-management/ 38.8ms sql=58
GET /files/2043/preview/ 4.9ms sql=5
GET /files/2043/raw/ 1.9ms sql=4
GET /files/task-management/ 33.5ms sql=44
GET /files/task-management/ 40.0ms sql=60
GET /files/task-management/ 52.7ms sql=60
GET /files/task-management/ 32.0ms sql=44
GET /files/task-management/ 40.1ms sql=58
GET /files/2043/preview/ 3.5ms sql=5
GET /files/2043/raw/ 1.8ms sql=4
GET /files/task-management/ 32.5ms sql=43
GET /files/task-management/ 93.3ms sql=44
GET /files/task-management/ 38.8ms sql=56
GET /files/2043/download/ 2.0ms sql=4
GET /files/task-management/ 72.3ms sql=61
GET /files/htmlpdf/editor/2013/ 3.8ms sql=6
GET /files/htmlpdf/editor/2013/ 3.4ms sql=6
GET /files/htmlpdf/api/template-jsons/ 48.3ms sql=11
GET /files/htmlpdf/template/2013/ 1.8ms sql=4
GET /files/task-management/ 62.6ms sql=61
GET /files/htmlpdf/editor/2013/ 3.4ms sql=6
GET /files/htmlpdf/editor/2013/ 3.7ms sql=6
GET /files/htmlpdf/api/template-jsons/ 97.4ms sql=11
GET /files/htmlpdf/template/2013/ 1.7ms sql=4
GET /files/task-management/ 66.7ms sql=61
GET /files/2013/preview/ 3.5ms sql=5
GET /files/2013/raw/ 1.9ms sql=4
GET /files/ 27.9ms sql=52
GET /files/task-management/ 33.2ms sql=43
GET /files/task-management/ 33.8ms sql=43
GET /files/task-management/ 30.8ms sql=44
GET /files/task-management/ 37.1ms sql=44
GET /files/task-management/ 37.7ms sql=56
GET /files/task-management/ 128.6ms sql=61
GET /files/2013/download/ 1.8ms sql=4
GET /files/task-management/ 68.6ms sql=61
GET /files/ 20.5ms sql=52
GET / 13.0ms sql=8
GET /files/task-management/ 36.8ms sql=37
GET /files/task-management/ 34.3ms sql=36
GET /files/task-management/ 29.3ms sql=37
GET /files/task-management/ 42.5ms sql=47
GET /files/1740/preview/ 3.5ms sql=4
GET /files/1740/raw/ 1.0ms sql=2
GET /files/task-management/ 56.8ms sql=48
GET /files/1558/preview/ 4.2ms sql=4
GET /files/1558/raw/ 1.1ms sql=2
GET / 29.7ms sql=12
GET /files/task-management/ 46.1ms sql=44
GET /files/htmlpdf/ 385.1ms sql=923
GET /files/htmlpdf/ 319.9ms sql=934
GET /files/task-management/ 44.2ms sql=60
GET /files/htmlpdf/ 336.5ms sql=934
GET /files/htmlpdf/editor/2095/ 3.8ms sql=6
GET /files/htmlpdf/editor/2095/ 3.3ms sql=6
GET /files/htmlpdf/api/template-jsons/ 7.6ms sql=11
GET /files/htmlpdf/template/2095/ 3.6ms sql=4
GET /files/task-management/ 44.7ms sql=60
GET /files/task-management/ 40.0ms sql=58
GET /files/task-management/ 51.1ms sql=60
GET /files/task-management/ 38.5ms sql=58
GET /files/htmlpdf/ 328.5ms sql=934
GET /files/htmlpdf/editor/2114/ 4.3ms sql=7
GET /files/htmlpdf/editor/2114/ 4.6ms sql=7
GET /files/htmlpdf/api/template-jsons/ 4.2ms sql=8
GET /files/htmlpdf/template/2114/ 1.7ms sql=4
GET /files/task-management/ 45.6ms sql=58
GET /files/task-management/ 127.0ms sql=60
GET /files/task-management/ 62.7ms sql=60
GET /files/htmlpdf/editor/2013/ 3.7ms sql=6
GET /files/htmlpdf/editor/2013/ 3.2ms sql=6
GET /files/htmlpdf/api/template-jsons/ 42.6ms sql=11
GET /files/htmlpdf/template/2013/ 1.6ms sql=4
GET /files/task-management/ 347.4ms sql=60
GET /files/task-management/ 59.6ms sql=48
GET /files/task-management/ 106.9ms sql=36
GET /files/task-management/ 32.1ms sql=36
GET /files/task-management/ 29.6ms sql=37
GET /files/task-management/ 50.8ms sql=47
GET /files/2013/preview/ 3.8ms sql=4
GET /files/2013/raw/ 0.9ms sql=2
GET /files/2013/preview/ 2.9ms sql=4
GET /files/2013/raw/ 1.0ms sql=2
GET /files/task-management/ 61.9ms sql=48
GET /files/2013/preview/ 4.1ms sql=4
GET /files/2013/raw/ 1.4ms sql=2
GET /files/task-management/ 52.5ms sql=47
GET /files/task-management/ 29.7ms sql=37
GET /files/task-management/ 116.3ms sql=47
GET /files/task-management/ 29.7ms sql=37
GET /files/task-management/ 53.0ms sql=47
GET /files/2013/preview/ 4.0ms sql=4
GET /files/2013/raw/ 1.4ms sql=2
GET /files/task-management/ 31.7ms sql=37
GET /files/task-management/ 40.5ms sql=47
GET /files/2032/preview/ 4.5ms sql=4
GET /files/2032/raw/ 1.1ms sql=2
GET /files/task-management/ 34.2ms sql=37
GET /files/task-management/ 33.7ms sql=37
GET /files/task-management/ 39.5ms sql=47
GET /files/1868/preview/ 4.2ms sql=4
GET /files/1868/raw/ 1.1ms sql=2
GET /files/task-management/ 32.5ms sql=37
GET /files/task-management/ 51.3ms sql=47
GET /files/2013/preview/ 3.3ms sql=4
GET /files/2013/raw/ 1.1ms sql=2
GET /files/task-management/ 31.5ms sql=37
GET /files/task-management/ 113.3ms sql=47
GET /files/1878/preview/ 3.4ms sql=4
GET /files/1878/raw/ 1.0ms sql=2
GET /files/task-management/ 31.0ms sql=36
GET /files/task-management/ 42.5ms sql=47
GET /files/2026/preview/ 3.5ms sql=4
GET /files/2026/raw/ 1.0ms sql=2
GET /files/task-management/ 33.3ms sql=37
GET /files/task-management/ 39.3ms sql=47
GET /files/task-management/ 31.1ms sql=37
GET /files/task-management/ 47.8ms sql=47
GET /files/task-management/ 29.9ms sql=37
GET /files/task-management/ 39.4ms sql=47
GET /files/task-management/ 31.4ms sql=37
GET /files/task-management/ 117.6ms sql=47
GET /files/2095/preview/ 3.1ms sql=4
GET /files/2095/raw/ 1.0ms sql=2
GET /files/task-management/ 31.1ms sql=37
GET /files/task-management/ 31.1ms sql=37
GET /files/task-management/ 29.6ms sql=37
GET /files/task-management/ 42.2ms sql=47
GET /files/1851/preview/ 3.0ms sql=4
GET /files/1851/raw/ 1.3ms sql=2
GET /files/task-management/ 57.4ms sql=65
GET /files/htmlpdf/editor/1851/ 4.0ms sql=5
GET /files/htmlpdf/editor/1851/ 3.7ms sql=5
GET /files/htmlpdf/api/template-jsons/ 10.0ms sql=9
GET /files/htmlpdf/template/1851/ 1.0ms sql=2
GET /files/htmlpdf/editor/2090/ 3.2ms sql=6
GET /files/htmlpdf/editor/2090/ 30.5ms sql=6
GET /files/htmlpdf/api/template-jsons/ 78.7ms sql=11
GET /files/htmlpdf/template/2090/ 16.9ms sql=4
GET /files/task-management/ 362.7ms sql=60
GET /files/task-management/ 472.1ms sql=60
GET /files/task-management/ 125.8ms sql=47
GET /files/task-management/ 132.8ms sql=60
GET /files/task-management/ 29.5ms sql=37
GET /files/htmlpdf/ 303.1ms sql=936
GET /files/task-management/ 32.7ms sql=37
GET /files/task-management/ 39.5ms sql=47
GET /files/htmlpdf/editor/1849/ 3.5ms sql=5
GET /files/htmlpdf/editor/1849/ 3.5ms sql=5
GET /files/htmlpdf/api/template-jsons/ 10.7ms sql=9
GET /files/htmlpdf/template/1849/ 1.0ms sql=2
GET /files/task-management/ 397.7ms sql=47
GET /files/htmlpdf/ 310.4ms sql=924
GET /files/htmlpdf/ 318.4ms sql=936
GET /files/task-management/ 34.2ms sql=36
GET /files/task-management/ 29.9ms sql=37
GET /files/task-management/ 39.2ms sql=47
GET /files/htmlpdf/editor/2111/ 3.1ms sql=6
GET /files/hospital-info/ 6.2ms sql=4
GET /files/htmlpdf/editor/2111/ 3.7ms sql=6
GET /files/htmlpdf/api/template-jsons/ 12.9ms sql=11
GET /files/htmlpdf/template/2111/ 1.8ms sql=4
GET /files/hospital-info/ 53.1ms sql=158
GET / 5.3ms sql=12
GET /files/task-management/ 31.5ms sql=43
GET /files/task-management/ 144.8ms sql=60
GET /files/htmlpdf/ 304.7ms sql=934
GET /files/htmlpdf/editor/2095/ 3.0ms sql=6
GET /files/htmlpdf/editor/2095/ 3.0ms sql=6
GET /files/htmlpdf/api/template-jsons/ 7.7ms sql=11
GET /files/htmlpdf/template/2095/ 1.5ms sql=4
GET /files/task-management/ 41.3ms sql=60
GET /files/task-management/ 54.5ms sql=60
GET /files/htmlpdf/ 340.2ms sql=936
GET /files/htmlpdf/editor/2013/ 3.4ms sql=6
GET /files/htmlpdf/editor/2013/ 3.6ms sql=6
GET /files/htmlpdf/api/template-jsons/ 31.2ms sql=11
GET /files/htmlpdf/template/2013/ 1.8ms sql=4
GET /files/task-management/ 358.0ms sql=60
GET /files/task-management/ 234.1ms sql=44
GET /files/task-management/ 389.0ms sql=44
GET /files/task-management/ 43.9ms sql=62
GET /files/task-management/ 128.5ms sql=60
GET /files/htmlpdf/ 318.8ms sql=936
GET /files/htmlpdf/ 307.8ms sql=924
GET /files/htmlpdf/ 326.2ms sql=938
GET /files/htmlpdf/editor/1868/ 3.2ms sql=6
GET /files/htmlpdf/editor/1868/ 3.5ms sql=6
GET /files/htmlpdf/api/template-jsons/ 7.5ms sql=11
GET /files/htmlpdf/template/1868/ 1.6ms sql=4
GET /files/htmlpdf/template/1868/ 0.9ms sql=0
GET /login/ 1.4ms sql=0
GET / 0.4ms sql=0
GET /login/ 0.6ms sql=0
GET /files/task-management/ 0.3ms sql=0
GET /login/ 0.7ms sql=0
GET /files/task-management/ 0.3ms sql=0
GET /login/ 0.8ms sql=0
GET / 0.2ms sql=0
GET / 5.6ms sql=8
GET /files/task-management/ 31.4ms sql=36
GET / 0.2ms sql=0
GET / 0.3ms sql=0
GET /login/ 0.6ms sql=0
GET / 4.2ms sql=8
GET /files/ 23.2ms sql=35
GET /files/ 301.4ms sql=545
GET /files/ 288.2ms sql=545
GET /files/ 275.8ms sql=545
GET /files/ 298.3ms sql=545
GET /files/ 303.6ms sql=545
GET /files/1729/preview/ 4.1ms sql=4
GET /files/1729/raw/ 1.1ms sql=2
GET /files/1728/preview/ 4.1ms sql=4
GET /files/1728/raw/ 0.7ms sql=2
GET /files/projects/ 14.8ms sql=6
GET / 5.5ms sql=8
GET /files/task-management/ 37.9ms sql=43
GET /files/task-management/ 34.9ms sql=43
GET /files/task-management/ 33.4ms sql=44
GET /files/task-management/ 44.0ms sql=60
GET / 5.8ms sql=12
GET /files/htmlpdf/ 311.0ms sql=923
GET /files/htmlpdf/ 308.9ms sql=934
GET /files/htmlpdf/editor/2114/ 4.4ms sql=7
GET /files/htmlpdf/editor/2114/ 4.4ms sql=7
GET /files/htmlpdf/api/template-jsons/ 5.1ms sql=8
GET /files/htmlpdf/template/2114/ 2.1ms sql=4
GET /files/task-management/ 38.3ms sql=58
GET /files/htmlpdf/editor/2114/ 3.9ms sql=7
GET /files/htmlpdf/editor/2114/ 4.1ms sql=7
GET /files/htmlpdf/api/template-jsons/ 4.8ms sql=8
GET /files/htmlpdf/template/2114/ 1.8ms sql=4
GET /files/task-management/ 41.1ms sql=58
GET /files/task-management/ 45.4ms sql=60
GET / 6.0ms sql=12
GET /api/v2/inspections/projects 9.7ms sql=0
GET /api/v2/inspections/projects/260001/tasks/18/ocr/tasks/50/autofill 3.2ms sql=0
GET / 6.1ms sql=12
GET /files/htmlpdf/ 311.2ms sql=923
GET /files/htmlpdf/ 344.9ms sql=934
GET /files/htmlpdf/editor/2095/ 3.2ms sql=6
GET /files/htmlpdf/editor/2095/ 3.2ms sql=6
GET /files/htmlpdf/api/template-jsons/ 7.2ms sql=11
GET /files/htmlpdf/template/2095/ 1.5ms sql=4
GET /files/task-management/ 125.3ms sql=60
GET /files/htmlpdf/ 334.1ms sql=939
GET /files/task-management/ 42.2ms sql=60
GET /files/task-management/ 41.2ms sql=58
GET /files/task-management/ 43.9ms sql=56
GET /files/task-management/ 43.2ms sql=60
GET /files/task-management/ 48.9ms sql=60
GET /files/htmlpdf/editor/2090/ 3.5ms sql=6
GET /files/htmlpdf/editor/2090/ 3.3ms sql=6
GET /files/htmlpdf/api/template-jsons/ 20.5ms sql=11
GET /files/htmlpdf/template/2090/ 2.3ms sql=4
GET /files/task-management/ 342.2ms sql=60
GET /files/task-management/ 55.1ms sql=60
GET /files/htmlpdf/ 327.3ms sql=917
GET /files/htmlpdf/ 458.7ms sql=924
GET /files/task-management/ 50.6ms sql=60
GET /files/task-management/ 47.3ms sql=58
GET /files/task-management/ 35.9ms sql=56
GET / 6.5ms sql=12
GET /files/ 10.4ms sql=18
GET /files/htmlpdf/ 301.9ms sql=899
GET /files/htmlpdf/ 325.2ms sql=912
GET /files/htmlpdf/ 317.8ms sql=908
GET /files/task-management/ 39.9ms sql=56
GET /files/ 11.5ms sql=18
GET /files/ 10.6ms sql=18
GET /files/ 310.9ms sql=1027
GET /files/ 318.1ms sql=1027
GET /files/ 327.6ms sql=1027
GET /files/ 387.4ms sql=1027
GET /files/ 330.7ms sql=1027
GET /files/ 10.0ms sql=12
GET /files/ 18.0ms sql=18
GET /files/ 11.5ms sql=18
GET /files/ 11.2ms sql=18
GET /files/ 11.1ms sql=18
GET /files/ 324.4ms sql=1027
GET /files/htmlpdf/ 304.0ms sql=899
GET /files/htmlpdf/ 306.8ms sql=899
GET /files/htmlpdf/ 306.0ms sql=900
GET /files/htmlpdf/ 324.2ms sql=906
GET /files/task-management/ 36.7ms sql=56
GET /files/task-management/ 37.0ms sql=56
GET /files/task-management/ 49.1ms sql=58
GET /files/task-management/ 43.6ms sql=56
GET /files/task-management/ 38.3ms sql=56
GET /files/htmlpdf/ 302.0ms sql=896
GET /files/ 9.9ms sql=18
GET /files/htmlpdf/ 302.2ms sql=891
GET /files/htmlpdf/ 322.1ms sql=896
GET /files/task-management/ 42.9ms sql=56
GET /files/htmlpdf/ 301.7ms sql=896
GET /files/task-management/ 133.3ms sql=56
GET /files/task-management/ 0.4ms sql=0
GET /login/ 0.7ms sql=0
GET /files/task-management/ 0.3ms sql=0
GET / 0.3ms sql=0
GET /login/ 0.7ms sql=0
GET /files/task-management/ 0.3ms sql=0
GET /login/ 0.7ms sql=0
GET /login/ 0.7ms sql=0
GET / 4.0ms sql=7
GET /files/ 10.8ms sql=18
GET /files/ 10.4ms sql=18
GET /files/projects/ 8.5ms sql=6
GET /files/hospital-info/ 4.7ms sql=3
GET /database/devices/ 20.6ms sql=10
GET /files/task-management/ 33.4ms sql=43
GET /database/devices/ 17.5ms sql=10
GET /files/task-management/ 33.3ms sql=43
GET /files/htmlpdf/ 305.1ms sql=891
GET /files/htmlpdf/ 330.9ms sql=891
GET /files/htmlpdf/ 306.3ms sql=902
GET /files/htmlpdf/ 319.1ms sql=892
GET /files/task-management/ 31.3ms sql=43
GET /files/task-management/ 39.5ms sql=56
GET /files/task-management/ 41.8ms sql=57
GET /files/task-management/ 45.8ms sql=56
GET /files/htmlpdf/ 313.6ms sql=896
GET /files/task-management/ 37.5ms sql=56
GET / 0.2ms sql=0
GET /login/ 0.8ms sql=0
GET / 0.2ms sql=0
GET /login/ 0.7ms sql=0
GET / 6.3ms sql=12
GET /files/htmlpdf/ 297.2ms sql=891
GET /files/htmlpdf/ 307.5ms sql=896
GET /files/task-management/ 129.4ms sql=56
GET /files/htmlpdf/ 301.8ms sql=896
GET /files/htmlpdf/ 0.3ms sql=0
GET /login/ 0.6ms sql=0
GET /files/task-management/ 38.4ms sql=56
GET / 0.3ms sql=0
GET /login/ 0.7ms sql=0
GET /login/ 0.6ms sql=0
GET / 5.6ms sql=12
GET /files/htmlpdf/ 292.3ms sql=891
GET /files/htmlpdf/ 0.3ms sql=0
GET /login/ 0.7ms sql=0
GET /files/htmlpdf/ 297.8ms sql=896
GET /files/task-management/ 38.5ms sql=56
GET /files/task-management/ 0.3ms sql=0
GET /login/ 1.1ms sql=0
GET /files/htmlpdf/ 308.9ms sql=896
GET /files/htmlpdf/ 0.3ms sql=0
GET /login/ 1.0ms sql=0
GET /files/task-management/ 41.3ms sql=56
GET /files/htmlpdf/ 305.8ms sql=896
GET /files/task-management/ 39.1ms sql=56
GET /files/htmlpdf/ 334.0ms sql=891
GET /files/task-management/ 41.3ms sql=56
GET /files/htmlpdf/ 316.8ms sql=896
GET /files/task-management/ 40.8ms sql=56
GET /login/ 0.5ms sql=0
GET / 5.7ms sql=12
GET /files/htmlpdf/ 297.9ms sql=891
GET /files/htmlpdf/ 304.0ms sql=896
GET /files/task-management/ 39.0ms sql=56
GET /files/task-management/ 128.3ms sql=61
GET /files/task-management/ 38.8ms sql=56
GET /files/task-management/ 37.3ms sql=56
GET /login/ 0.8ms sql=0
GET / 4.5ms sql=8
GET /files/task-management/ 29.2ms sql=36
GET /files/task-management/ 29.4ms sql=37
GET /files/task-management/ 35.7ms sql=47
GET /files/htmlpdf/ 116.0ms sql=219
GET /files/task-management/ 35.5ms sql=47
GET /files/task-management/ 37.5ms sql=47
GET /files/task-management/ 32.0ms sql=37
GET /files/task-management/ 42.0ms sql=47
GET /files/1752/download/ 1.0ms sql=2
GET /files/1752/download/ 1.2ms sql=2
GET /files/task-management/ 32.6ms sql=37
GET /files/task-management/ 36.1ms sql=47
GET / 0.2ms sql=0
GET /login/ 0.7ms sql=0
GET / 0.2ms sql=0
GET /login/ 0.6ms sql=0
GET /favicon.ico 3.7ms sql=0
GET /files/task-management/ 0.3ms sql=0
GET /files/task-management/ 0.3ms sql=0
GET /login/ 0.9ms sql=0
GET /login/ 0.7ms sql=0
GET / 0.4ms sql=0
GET /login/ 0.7ms sql=0
GET / 0.2ms sql=0
GET /files/1752/download/ 0.3ms sql=0
GET /login/ 0.9ms sql=0
GET /files/htmlpdf/ 0.3ms sql=0
GET /api/Event/Products/Average 3.9ms sql=0
GET / 0.2ms sql=0
GET /jw 3.8ms sql=0
GET /index/index/info 4.3ms sql=0
GET /index.php/user/login 101.9ms sql=0
GET /files/task-management/ 0.3ms sql=0
GET /login/ 3.4ms sql=0
GET /files/task-management/ 0.3ms sql=0
GET /login/ 0.6ms sql=0
GET / 0.3ms sql=0
GET /login/ 0.6ms sql=0
GET / 0.2ms sql=0
GET /login/ 0.8ms sql=0
GET / 0.3ms sql=0
GET /login/ 0.6ms sql=0
GET / 0.2ms sql=0
GET /login/ 0.6ms sql=0
GET / 0.2ms sql=0
GET /login/ 1.1ms sql=0
GET / 0.2ms sql=0
GET /login/ 3.9ms sql=0
GET / 6.7ms sql=8
GET /files/task-management/ 43.5ms sql=37
GET /files/task-management/ 74.8ms sql=36
GET /files/task-management/ 31.1ms sql=37
GET /files/task-management/ 38.8ms sql=47
GET /files/task-management/ 31.4ms sql=37
GET /files/task-management/ 35.7ms sql=47
GET /files/task-management/ 35.9ms sql=47
GET /files/task-management/ 35.7ms sql=47
GET /files/task-management/ 37.8ms sql=47
GET /files/task-management/ 35.8ms sql=47
GET /files/task-management/ 96.7ms sql=36
GET /files/task-management/ 29.5ms sql=37
GET /files/task-management/ 38.9ms sql=47
GET /files/1752/download/ 0.9ms sql=2
GET /files/1752/download/ 0.9ms sql=2
GET /files/1740/download/ 0.9ms sql=2
GET /files/1740/download/ 0.8ms sql=2
GET /files/task-management/ 32.6ms sql=37
GET /files/task-management/ 36.1ms sql=47
GET /files/task-management/ 39.3ms sql=47
GET /files/task-management/ 36.1ms sql=47
GET /files/htmlpdf/editor/2217/ 3.3ms sql=5
GET /files/htmlpdf/editor/2217/ 3.4ms sql=5
GET /files/htmlpdf/api/template-jsons/ 7.4ms sql=9
GET /files/htmlpdf/template/2217/ 0.8ms sql=2
GET /files/task-management/ 38.9ms sql=47
GET /files/task-management/ 36.3ms sql=47
GET /files/task-management/ 36.3ms sql=47
GET /files/task-management/ 100.7ms sql=47
GET /files/task-management/ 32.2ms sql=37
GET /files/task-management/ 36.7ms sql=47
GET /files/task-management/ 30.1ms sql=37
GET /files/task-management/ 36.1ms sql=47
GET /files/task-management/ 29.0ms sql=36
GET /files/htmlpdf/ 105.9ms sql=213
GET / 0.8ms sql=0
GET / 6.1ms sql=12
GET /files/htmlpdf/ 324.4ms sql=884
GET /files/htmlpdf/ 362.9ms sql=895
GET /files/htmlpdf/ 317.9ms sql=897
GET /files/htmlpdf/ 321.4ms sql=889
GET /files/task-management/ 34.0ms sql=55
GET /files/task-management/ 37.8ms sql=57
GET /files/task-management/ 44.1ms sql=59
GET /files/task-management/ 44.7ms sql=55
GET /files/task-management/ 54.0ms sql=57
GET /files/task-management/ 56.0ms sql=59
GET /files/htmlpdf/ 298.9ms sql=918
GET /files/htmlpdf/ 314.5ms sql=925
GET /files/htmlpdf/ 312.7ms sql=918
GET /files/task-management/ 123.6ms sql=59
GET /files/task-management/ 64.8ms sql=59
GET /files/task-management/ 40.0ms sql=59
GET /files/htmlpdf/ 321.5ms sql=925
GET /files/task-management/ 60.7ms sql=59
GET /files/task-management/ 52.3ms sql=57
GET /files/task-management/ 51.1ms sql=59
GET /files/task-management/ 43.5ms sql=59
GET /files/htmlpdf/editor/2219/ 3.3ms sql=6
GET /files/htmlpdf/editor/2219/ 3.1ms sql=6
GET /files/htmlpdf/api/template-jsons/ 8.1ms sql=11
GET /files/htmlpdf/template/2219/ 2.2ms sql=4
GET /files/htmlpdf/template/2223/ 1.7ms sql=4
GET /files/htmlpdf/template/2223/ 1.8ms sql=4
GET /files/htmlpdf/template/2223/ 1.8ms sql=4
GET /files/htmlpdf/api/template-jsons/ 12.2ms sql=19
GET /files/htmlpdf/api/template-jsons/ 16.3ms sql=27
GET /files/task-management/ 42.2ms sql=64
GET /files/task-management/ 40.2ms sql=57
GET /files/task-management/ 39.2ms sql=55
GET /files/task-management/ 155.1ms sql=59
GET /files/htmlpdf/editor/2111/ 5.9ms sql=7
GET /files/htmlpdf/editor/2111/ 4.0ms sql=7
GET /files/htmlpdf/template/2111/ 11.5ms sql=4
GET /files/htmlpdf/api/template-jsons/ 141.9ms sql=115
GET /files/task-management/ 57.3ms sql=59
GET /files/htmlpdf/ 330.9ms sql=906
GET /files/htmlpdf/ 330.1ms sql=906
GET / 0.2ms sql=0
GET /login/ 0.6ms sql=0
GET /files/htmlpdf/ 326.6ms sql=907
GET /files/htmlpdf/ 348.4ms sql=919
GET /files/htmlpdf/editor/2223/ 3.2ms sql=6
GET /files/htmlpdf/editor/2223/ 4.0ms sql=6
GET /files/htmlpdf/api/template-jsons/ 21.1ms sql=11
GET /files/htmlpdf/template/2223/ 1.8ms sql=4
GET /favicon.ico 3.2ms sql=0
GET / 0.2ms sql=0
GET /login/ 0.6ms sql=0
GET /favicon.ico 3.4ms sql=0
GET / 0.3ms sql=0
GET / 0.2ms sql=0
GET /login/ 0.6ms sql=0
GET /files/htmlpdf/api/table-cell-at-point/ 0.3ms sql=0
GET / 0.2ms sql=0
GET / 0.2ms sql=0
GET /login/ 0.6ms sql=0
GET /files/htmlpdf/api/template-jsons/ 82.9ms sql=19
GET /files/task-management/ 525.8ms sql=64
GET /files/task-management/ 64.1ms sql=61
GET /files/task-management/ 61.8ms sql=59
GET /files/htmlpdf/ 303.0ms sql=912
GET /files/htmlpdf/editor/2223/ 2.9ms sql=6
GET /files/htmlpdf/editor/2223/ 3.1ms sql=6
GET /files/htmlpdf/api/template-jsons/ 30.8ms sql=19
GET /files/htmlpdf/template/2223/ 1.8ms sql=4
GET /files/task-management/ 151.8ms sql=59
GET /files/task-management/ 43.0ms sql=57
GET /files/task-management/ 51.0ms sql=59
GET /files/htmlpdf/ 322.2ms sql=912
GET /files/htmlpdf/editor/2223/ 3.0ms sql=6
GET /files/htmlpdf/editor/2223/ 3.5ms sql=6
GET /files/htmlpdf/api/template-jsons/ 24.6ms sql=19
GET /files/htmlpdf/template/2223/ 2.0ms sql=4
GET /files/task-management/ 52.6ms sql=59
GET /files/task-management/ 132.6ms sql=57
GET /files/task-management/ 55.0ms sql=59
GET /files/htmlpdf/ 328.0ms sql=912
GET /files/htmlpdf/editor/2223/ 3.4ms sql=6
GET /files/htmlpdf/editor/2223/ 3.3ms sql=6
GET /files/htmlpdf/api/template-jsons/ 26.2ms sql=19
GET /files/htmlpdf/template/2223/ 1.7ms sql=4
GET /files/task-management/ 53.8ms sql=59
GET /files/task-management/ 50.1ms sql=57
GET /index/index/info 3.2ms sql=0
GET /index.php/user/login 3.4ms sql=0
GET /api/Event/Products/Average 3.3ms sql=0
GET /jw 3.4ms sql=0
GET / 0.3ms sql=0
GET /files/task-management/ 151.5ms sql=64
GET /index/index/info 3.3ms sql=0
GET /files/htmlpdf/ 315.0ms sql=912
GET /files/htmlpdf/editor/2223/ 23.8ms sql=6
GET /files/htmlpdf/editor/2223/ 3.3ms sql=6
GET /files/htmlpdf/api/template-jsons/ 27.6ms sql=19
GET /files/htmlpdf/template/2223/ 3.9ms sql=4
GET /files/task-management/ 90.8ms sql=65
GET /files/task-management/ 41.8ms sql=59
GET /files/htmlpdf/ 327.7ms sql=919
GET /files/htmlpdf/editor/2219/ 3.2ms sql=6
GET /files/htmlpdf/editor/2219/ 3.3ms sql=6
GET /files/htmlpdf/api/template-jsons/ 12.2ms sql=27
GET /files/htmlpdf/template/2219/ 3.6ms sql=4
GET /files/htmlpdf/template/2223/ 1.7ms sql=4
GET /files/task-management/ 44.3ms sql=59
GET /files/task-management/ 56.1ms sql=59
GET /files/task-management/ 50.2ms sql=57
GET /files/task-management/ 55.9ms sql=59
GET /files/task-management/ 40.5ms sql=59
GET /files/htmlpdf/editor/2219/ 3.4ms sql=6
GET /files/htmlpdf/editor/2219/ 3.2ms sql=6
GET /files/htmlpdf/api/template-jsons/ 14.4ms sql=27
GET /files/htmlpdf/template/2219/ 1.6ms sql=4
GET /files/htmlpdf/template/2223/ 1.7ms sql=4
GET /files/htmlpdf/template/2223/ 1.6ms sql=4
GET /files/task-management/ 41.2ms sql=59
GET /files/task-management/ 56.5ms sql=59
GET /files/htmlpdf/editor/2223/ 3.1ms sql=6
GET /files/htmlpdf/editor/2223/ 3.0ms sql=6
GET /files/htmlpdf/api/template-jsons/ 25.5ms sql=19
GET /files/htmlpdf/template/2223/ 1.8ms sql=4
GET /files/task-management/ 52.4ms sql=59
GET /files/ 18.4ms sql=18
GET /files/ 491.9ms sql=1689
GET /files/ 533.7ms sql=1689
GET /files/htmlpdf/ 317.2ms sql=906
GET /files/htmlpdf/ 283.2ms sql=906
GET /files/htmlpdf/ 322.9ms sql=915
GET /files/htmlpdf/editor/2090/ 3.0ms sql=6
GET /files/htmlpdf/editor/2090/ 3.3ms sql=6
GET /files/htmlpdf/api/template-jsons/ 47.2ms sql=59
GET /files/htmlpdf/template/2090/ 1.6ms sql=4
GET /files/task-management/ 55.3ms sql=59
GET /files/task-management/ 55.4ms sql=61
GET /files/htmlpdf/ 131.3ms sql=213
GET /files/htmlpdf/ 102.2ms sql=214
GET /files/htmlpdf/ 108.0ms sql=218
GET /files/htmlpdf/editor/1740/ 3.8ms sql=5
GET /files/htmlpdf/editor/1740/ 3.7ms sql=5
GET /files/htmlpdf/api/template-jsons/ 11.0ms sql=9
GET /files/htmlpdf/template/1740/ 1.0ms sql=2
GET /files/task-management/ 473.4ms sql=46
GET /files/htmlpdf/ 117.9ms sql=213
GET /files/htmlpdf/ 111.7ms sql=213
GET /files/htmlpdf/ 114.1ms sql=214
GET /files/htmlpdf/ 111.5ms sql=218
GET /files/task-management/ 146.7ms sql=63
GET /files/htmlpdf/editor/1558/ 3.7ms sql=5
GET /files/htmlpdf/editor/1558/ 4.0ms sql=5
GET /files/htmlpdf/template/1558/ 5.9ms sql=2
GET /files/htmlpdf/api/template-jsons/ 127.1ms sql=9
GET /files/task-management/ 65.6ms sql=61
GET /files/task-management/ 142.0ms sql=59
GET /files/task-management/ 38.4ms sql=55
GET /files/task-management/ 44.2ms sql=62
GET /index/index/info 4.1ms sql=0
GET /files/task-management/ 45.3ms sql=59
GET /files/task-management/ 40.2ms sql=57
GET /files/task-management/ 43.9ms sql=59
GET /files/htmlpdf/ 315.4ms sql=931
GET /files/htmlpdf/editor/2236/ 3.2ms sql=6
GET /files/htmlpdf/editor/2236/ 3.1ms sql=6
GET /files/htmlpdf/api/template-jsons/ 9.0ms sql=11
GET /files/htmlpdf/template/2236/ 1.8ms sql=4
GET /files/task-management/ 41.3ms sql=59
GET /files/task-management/ 41.9ms sql=57
GET /files/task-management/ 41.4ms sql=55
GET /files/task-management/ 41.2ms sql=57
GET /files/task-management/ 43.3ms sql=59
GET /files/htmlpdf/editor/2237/ 3.3ms sql=6
GET /files/htmlpdf/editor/2237/ 4.1ms sql=6
GET /files/htmlpdf/api/template-jsons/ 9.5ms sql=11
GET /files/htmlpdf/template/2237/ 1.9ms sql=4
GET /files/task-management/ 43.3ms sql=59
GET /files/task-management/ 55.7ms sql=59
GET /files/htmlpdf/editor/2090/ 3.5ms sql=6
GET /files/htmlpdf/editor/2090/ 3.3ms sql=6
GET /files/htmlpdf/api/template-jsons/ 48.3ms sql=59
GET /files/htmlpdf/template/2090/ 1.8ms sql=4
GET / 5.9ms sql=7
GET /files/htmlpdf/ 308.9ms sql=918
GET /files/htmlpdf/ 412.7ms sql=918
GET /files/htmlpdf/ 318.0ms sql=931
GET /files/htmlpdf/editor/2090/ 4.0ms sql=6
GET /files/htmlpdf/editor/2090/ 3.3ms sql=6
GET /files/htmlpdf/api/template-jsons/ 54.4ms sql=59
GET /files/htmlpdf/template/2090/ 1.8ms sql=4
GET /files/task-management/ 525.4ms sql=59
GET /files/2090/preview/ 5.1ms sql=5
GET /files/2090/raw/ 2.2ms sql=4
GET /files/htmlpdf/editor/2090/ 3.2ms sql=6
GET /files/htmlpdf/editor/2090/ 3.1ms sql=6
GET /files/htmlpdf/api/template-jsons/ 53.6ms sql=59
GET /files/htmlpdf/template/2090/ 2.5ms sql=4
GET /files/task-management/ 176.7ms sql=64
GET /files/task-management/ 39.8ms sql=59
GET /files/htmlpdf/editor/2237/ 3.2ms sql=6
GET /files/htmlpdf/editor/2237/ 3.3ms sql=6
GET /files/htmlpdf/api/template-jsons/ 7.6ms sql=11
GET /files/htmlpdf/template/2237/ 1.8ms sql=4
GET /files/htmlpdf/template/2090/ 2.2ms sql=4
GET /files/task-management/ 44.6ms sql=59
GET /files/task-management/ 42.6ms sql=59
GET /files/htmlpdf/editor/2111/ 3.3ms sql=6
GET /files/htmlpdf/editor/2111/ 3.2ms sql=6
GET /files/htmlpdf/api/template-jsons/ 11.3ms sql=11
GET /files/htmlpdf/template/2111/ 2.0ms sql=4
GET /files/htmlpdf/template/2111/ 1.7ms sql=4
GET /files/task-management/ 43.3ms sql=59
GET /files/task-management/ 43.3ms sql=57
GET /files/task-management/ 40.5ms sql=55
GET /files/task-management/ 42.3ms sql=57
GET / 0.8ms sql=0
GET /files/task-management/ 46.7ms sql=59
GET /files/task-management/ 43.6ms sql=57
GET / 0.3ms sql=0
GET / 0.2ms sql=0
GET /login/ 1.0ms sql=0
GET / 0.2ms sql=0
GET /login/ 0.6ms sql=0
GET / 0.3ms sql=0
GET /login/ 0.6ms sql=0
GET /favicon.ico 5.2ms sql=0
GET /files/task-management/ 45.1ms sql=59
GET /files/htmlpdf/editor/2240/ 3.1ms sql=6
GET /files/htmlpdf/editor/2240/ 3.9ms sql=6
GET /files/htmlpdf/api/template-jsons/ 9.4ms sql=11
GET /files/htmlpdf/template/2240/ 1.8ms sql=4
GET /files/task-management/ 47.1ms sql=59
GET /files/htmlpdf/editor/2240/ 3.2ms sql=6
GET /files/htmlpdf/editor/2240/ 3.3ms sql=6
GET /files/htmlpdf/api/template-jsons/ 10.2ms sql=11
GET /files/htmlpdf/template/2240/ 2.2ms sql=4
GET /files/task-management/ 45.3ms sql=64
GET /files/htmlpdf/editor/2240/ 4.5ms sql=6
GET /files/htmlpdf/editor/2240/ 4.4ms sql=6
GET /files/htmlpdf/api/template-jsons/ 10.7ms sql=11
GET /files/htmlpdf/template/2240/ 3.1ms sql=4
GET / 3.6ms sql=7
GET /files/ 10.9ms sql=18
GET /files/htmlpdf/ 310.5ms sql=918
GET /files/htmlpdf/ 317.6ms sql=931
GET /files/task-management/ 44.9ms sql=59
GET /files/task-management/ 42.4ms sql=57
GET /files/task-management/ 40.2ms sql=55
GET /files/task-management/ 39.4ms sql=57
GET /files/task-management/ 44.6ms sql=59
GET /files/htmlpdf/editor/2242/ 3.3ms sql=6
GET /files/htmlpdf/editor/2242/ 3.1ms sql=6
GET /files/htmlpdf/api/template-jsons/ 9.4ms sql=11
GET /files/htmlpdf/template/2242/ 2.2ms sql=4
GET /files/task-management/ 73.7ms sql=65
GET /files/task-management/ 94.0ms sql=57
GET /files/task-management/ 43.7ms sql=59
GET /files/htmlpdf/editor/2242/ 3.8ms sql=6
GET /files/htmlpdf/editor/2242/ 3.9ms sql=6
GET /files/htmlpdf/api/template-jsons/ 10.4ms sql=11
GET /files/htmlpdf/template/2242/ 3.4ms sql=4
GET /files/task-management/ 42.5ms sql=59
GET /files/task-management/ 40.3ms sql=57
GET /files/htmlpdf/ 392.0ms sql=923
GET /files/htmlpdf/editor/2242/ 2.9ms sql=6
GET /files/htmlpdf/editor/2242/ 3.2ms sql=6
GET /files/htmlpdf/api/template-jsons/ 4.6ms sql=8
GET /files/htmlpdf/template/2242/ 1.8ms sql=4
GET /files/task-management/ 38.4ms sql=57
GET /files/task-management/ 41.5ms sql=59
GET /files/htmlpdf/editor/2242/ 3.8ms sql=6
GET /files/htmlpdf/editor/2242/ 3.2ms sql=6
GET /files/htmlpdf/api/template-jsons/ 9.7ms sql=11
GET /files/htmlpdf/template/2242/ 1.8ms sql=4
GET /files/htmlpdf/template/2111/ 1.7ms sql=4
GET /files/htmlpdf/editor/1558/ 21.9ms sql=5
GET /files/htmlpdf/template/1558/ 7.3ms sql=2
GET /files/htmlpdf/api/template-jsons/ 203.3ms sql=9
GET /files/task-management/ 506.5ms sql=65
GET /files/task-management/ 47.1ms sql=59
GET /files/htmlpdf/api/template-jsons/ 215.8ms sql=9
GET /files/ 1212.7ms sql=124
GET /files/task-management/ 56.9ms sql=64
GET /files/task-management/ 143.7ms sql=59
GET /files/task-management/ 48.9ms sql=59
GET /files/task-management/ 48.9ms sql=57
GET /files/task-management/ 50.7ms sql=59
GET /files/htmlpdf/editor/2247/ 3.3ms sql=6
GET /files/htmlpdf/editor/2247/ 3.5ms sql=6
GET /files/htmlpdf/api/template-jsons/ 9.8ms sql=11
GET /files/htmlpdf/template/2247/ 1.9ms sql=4
GET /files/task-management/ 32.8ms sql=35
GET /files/task-management/ 32.7ms sql=35
GET /files/task-management/ 37.0ms sql=36
GET /files/task-management/ 46.5ms sql=46
GET /files/task-management/ 136.8ms sql=47
GET /files/htmlpdf/editor/1558/ 3.3ms sql=5
GET /files/htmlpdf/editor/1558/ 3.5ms sql=5
GET /files/htmlpdf/template/1558/ 4.2ms sql=2
GET /files/htmlpdf/api/template-jsons/ 157.9ms sql=9
GET /files/htmlpdf/api/template-jsons/ 233.3ms sql=9
GET /files/ 1422.2ms sql=124
GET /files/htmlpdf/api/template-jsons/ 830.4ms sql=9
GET /files/ 1550.6ms sql=124
GET /files/ 294.7ms sql=124
GET /files/ 292.3ms sql=124
GET /files/2249/preview/ 22.9ms sql=4
GET /files/htmlpdf/template/2247/ 1.2ms sql=0
GET /login/ 1.4ms sql=0
GET /files/task-management/ 18.2ms sql=0
GET /login/ 4.0ms sql=0
GET /files/htmlpdf/ 123.9ms sql=214
GET /files/htmlpdf/ 173.0ms sql=213
GET /files/htmlpdf/ 112.5ms sql=214
GET /files/htmlpdf/ 114.1ms sql=218
GET /files/htmlpdf/editor/1558/ 4.4ms sql=5
GET /files/htmlpdf/editor/1558/ 3.9ms sql=5
GET /files/htmlpdf/template/1558/ 4.1ms sql=2
GET /files/htmlpdf/api/template-jsons/ 142.4ms sql=9
GET /files/htmlpdf/api/template-jsons/ 237.8ms sql=9
GET /files/ 1247.1ms sql=124
GET /files/htmlpdf/api/template-jsons/ 603.7ms sql=9
GET /files/ 1364.4ms sql=124
GET /files/ 288.3ms sql=124
GET /files/ 280.9ms sql=124
GET /files/2251/preview/ 22.5ms sql=4
GET /files/2251/download/ 1.1ms sql=2
GET /files/2251/download/ 1.1ms sql=2
GET /files/htmlpdf/ 108.4ms sql=213
GET /files/htmlpdf/ 105.7ms sql=213
GET /files/htmlpdf/ 109.1ms sql=214
GET /files/htmlpdf/ 118.0ms sql=218
GET /files/htmlpdf/editor/1740/ 3.2ms sql=5
GET /files/htmlpdf/editor/1740/ 4.7ms sql=5
GET /files/htmlpdf/api/template-jsons/ 11.8ms sql=9
GET /files/htmlpdf/template/1740/ 1.1ms sql=2
GET /files/task-management/ 337.0ms sql=46
GET /files/htmlpdf/ 110.1ms sql=213
GET /files/htmlpdf/ 111.8ms sql=213
GET /files/htmlpdf/ 212.8ms sql=214
GET /files/htmlpdf/ 115.5ms sql=218
GET /files/htmlpdf/editor/1740/ 3.7ms sql=5
GET /files/htmlpdf/editor/1740/ 3.2ms sql=5
GET /files/htmlpdf/api/template-jsons/ 11.3ms sql=9
GET /files/htmlpdf/template/1740/ 1.0ms sql=2
GET /files/htmlpdf/ 113.7ms sql=213
GET /files/htmlpdf/ 111.9ms sql=213
GET /files/htmlpdf/ 124.2ms sql=214
GET /files/htmlpdf/ 111.1ms sql=218
GET /files/htmlpdf/editor/1558/ 3.8ms sql=5
GET /files/htmlpdf/editor/1558/ 3.7ms sql=5
GET /files/htmlpdf/template/1558/ 4.6ms sql=2
GET /files/htmlpdf/api/template-jsons/ 214.1ms sql=9
GET /files/task-management/ 61.9ms sql=46
GET /files/ 18.2ms sql=38
GET /files/ 287.9ms sql=545
GET /files/ 200.9ms sql=124
GET /files/ 295.2ms sql=124
GET /files/ 257.7ms sql=124
GET /files/2251/download/ 1.1ms sql=2
GET /files/2251/download/ 1.5ms sql=2
GET / 0.3ms sql=0
GET /login/ 0.9ms sql=0
GET /files/task-management/ 0.3ms sql=0
GET /login/ 0.9ms sql=0
GET / 0.2ms sql=0
GET / 0.2ms sql=0
GET /login/ 0.6ms sql=0
GET / 0.2ms sql=0
GET / 0.2ms sql=0
GET /login/ 0.6ms sql=0
GET /files/ 301.3ms sql=545
GET /files/commission-manage/ 22.9ms sql=32
GET /files/projects/ 42.8ms sql=62
GET /files/commission-manage/ 19.4ms sql=32
GET /files/commission-manage/ 20.6ms sql=32
GET /files/commission-manage/ 21.2ms sql=32
GET /files/projects/ 9.5ms sql=6
GET /files/commission-manage/ 19.4ms sql=32
GET /files/projects/ 9.6ms sql=6
GET /files/projects/ 9.6ms sql=6
GET /files/projects/ 10.0ms sql=6
GET /files/projects/ 9.9ms sql=6
GET /files/projects/ 88.6ms sql=236
GET /files/projects/ 98.9ms sql=248
GET /files/task-management/ 30.7ms sql=35
GET /files/task-management/ 78.8ms sql=35
GET /files/task-management/ 31.1ms sql=36
GET /files/task-management/ 36.3ms sql=46
GET /files/task-management/ 59.9ms sql=47
GET /files/htmlpdf/editor/1558/ 3.4ms sql=5
GET /files/htmlpdf/editor/1558/ 3.8ms sql=5
GET /files/htmlpdf/template/1558/ 4.5ms sql=2
GET /files/htmlpdf/api/template-jsons/ 216.8ms sql=9
GET /files/task-management/ 62.1ms sql=47
GET / 0.2ms sql=0
GET /login/ 0.6ms sql=0
GET /files/htmlpdf/ 102.0ms sql=213
GET /files/htmlpdf/ 104.5ms sql=213
GET /files/htmlpdf/ 105.2ms sql=214
GET /files/htmlpdf/ 114.0ms sql=218
GET /files/htmlpdf/editor/1740/ 3.9ms sql=5
GET /files/htmlpdf/editor/1740/ 3.6ms sql=5
GET /files/htmlpdf/api/template-jsons/ 10.6ms sql=9
GET /files/htmlpdf/template/1740/ 1.0ms sql=2
GET /files/task-management/ 302.5ms sql=46
GET /files/htmlpdf/ 105.8ms sql=213
GET /files/htmlpdf/ 100.1ms sql=213
GET /files/htmlpdf/ 110.7ms sql=214
GET /files/htmlpdf/ 109.3ms sql=218
GET /files/htmlpdf/editor/1558/ 3.2ms sql=5
GET /files/htmlpdf/editor/1558/ 2.7ms sql=5
GET /files/htmlpdf/template/1558/ 1.2ms sql=2
GET /files/htmlpdf/api/template-jsons/ 229.0ms sql=9
GET /files/htmlpdf/editor/1558/ 83.7ms sql=5
GET /files/htmlpdf/template/1558/ 8.5ms sql=2
GET /files/htmlpdf/api/template-jsons/ 136.8ms sql=9
GET /files/task-management/ 313.5ms sql=47
GET /files/htmlpdf/editor/1558/ 3.5ms sql=5
GET /files/htmlpdf/editor/1558/ 3.5ms sql=5
GET /files/htmlpdf/template/1558/ 4.8ms sql=2
GET /files/htmlpdf/api/template-jsons/ 141.4ms sql=9
GET /files/task-management/ 680.3ms sql=46
GET /files/task-management/ 35.0ms sql=35
GET /files/task-management/ 31.8ms sql=36
GET /files/task-management/ 37.2ms sql=46
GET /files/htmlpdf/editor/1947/ 3.2ms sql=5
GET /files/htmlpdf/editor/1947/ 3.0ms sql=5
GET /files/htmlpdf/api/template-jsons/ 7.3ms sql=9
GET /files/htmlpdf/template/1947/ 0.8ms sql=2
GET /files/task-management/ 319.8ms sql=46
GET /files/task-management/ 49.0ms sql=47
GET /files/htmlpdf/editor/1927/ 2.9ms sql=5
GET /files/htmlpdf/editor/1927/ 3.2ms sql=5
GET /files/htmlpdf/api/template-jsons/ 36.4ms sql=9
GET /files/htmlpdf/template/1927/ 1.3ms sql=2
GET /files/task-management/ 48.7ms sql=47
GET /files/task-management/ 31.9ms sql=35
GET /files/task-management/ 103.8ms sql=36
GET /files/task-management/ 35.9ms sql=46
GET /files/task-management/ 58.7ms sql=46
GET /files/htmlpdf/editor/1558/ 3.2ms sql=5
GET /files/htmlpdf/editor/1558/ 3.4ms sql=5
GET /files/htmlpdf/template/1558/ 3.6ms sql=2
GET /files/htmlpdf/api/template-jsons/ 187.3ms sql=9
GET /files/htmlpdf/api/template-jsons/ 196.5ms sql=9
GET /files/ 1167.3ms sql=124
GET /files/ 268.0ms sql=124
GET /files/ 247.3ms sql=124
GET /files/2251/preview/ 19.5ms sql=4
GET /api/v2/inspections/projects/260001/tasks/02/export-frontend-json 4896.7ms sql=146
GET /files/htmlpdf/ 118.0ms sql=213
GET /files/htmlpdf/ 111.1ms sql=213
GET /files/htmlpdf/ 110.6ms sql=214
GET /files/htmlpdf/ 115.3ms sql=218
GET /files/htmlpdf/editor/1558/ 3.4ms sql=5
GET /files/htmlpdf/editor/1558/ 3.2ms sql=5
GET /files/htmlpdf/template/1558/ 4.4ms sql=2
GET /files/htmlpdf/api/template-jsons/ 153.1ms sql=9
GET /files/htmlpdf/api/template-jsons/ 226.0ms sql=9
GET /files/ 427.4ms sql=124
GET /files/htmlpdf/api/template-jsons/ 236.3ms sql=9
GET /files/ 1253.7ms sql=124
GET /files/ 217.5ms sql=124
GET /files/ 291.2ms sql=124
GET /files/2254/preview/ 44.9ms sql=4
GET /files/task-management/ 30.6ms sql=35
GET /files/task-management/ 31.8ms sql=35
GET /files/task-management/ 31.9ms sql=36
GET /files/task-management/ 42.7ms sql=46
GET /files/task-management/ 64.5ms sql=47
GET /files/commission-manage/ 23.6ms sql=32
GET /files/projects/ 12.2ms sql=6
GET /files/projects/ 10.2ms sql=6
GET /files/projects/ 10.0ms sql=6
GET /files/projects/ 9.6ms sql=6
GET /files/projects/ 98.5ms sql=236
GET /files/projects/ 194.4ms sql=248
GET /files/projects/ 97.2ms sql=236
GET /files/htmlpdf/ 112.0ms sql=213
GET /files/htmlpdf/ 111.2ms sql=213
GET /files/htmlpdf/ 111.6ms sql=214
GET /files/htmlpdf/ 114.5ms sql=218
GET /files/htmlpdf/editor/1558/ 4.0ms sql=5
GET /files/htmlpdf/editor/1558/ 3.3ms sql=5
GET /files/htmlpdf/template/1558/ 4.1ms sql=2
GET /files/htmlpdf/api/template-jsons/ 159.8ms sql=9
GET /files/htmlpdf/editor/1558/ 20.8ms sql=5
GET /files/htmlpdf/template/1558/ 12.8ms sql=2
GET /files/htmlpdf/api/template-jsons/ 212.8ms sql=9
GET /files/htmlpdf/api/template-jsons/ 230.9ms sql=9
GET /files/ 588.4ms sql=124
GET /files/htmlpdf/editor/1558/ 3.4ms sql=5
GET /files/htmlpdf/template/1558/ 71.4ms sql=2
GET /files/htmlpdf/api/template-jsons/ 226.6ms sql=9
GET /files/htmlpdf/ 113.1ms sql=214
GET /files/htmlpdf/ 109.8ms sql=213
GET /files/htmlpdf/ 109.2ms sql=214
GET /files/htmlpdf/ 116.5ms sql=218
GET /files/htmlpdf/editor/1558/ 3.8ms sql=5
GET /files/htmlpdf/editor/1558/ 3.3ms sql=5
GET /files/htmlpdf/template/1558/ 1.2ms sql=2
GET /files/htmlpdf/api/template-jsons/ 222.7ms sql=9
GET /files/htmlpdf/api/template-jsons/ 226.8ms sql=9
GET /files/ 416.6ms sql=124
GET /files/ 226.5ms sql=124
GET /files/ 346.8ms sql=124
GET /files/2256/preview/ 21.4ms sql=4
GET /files/2256/download/ 1.0ms sql=2
GET /files/2256/download/ 1.0ms sql=2
GET /files/htmlpdf/ 171.6ms sql=214
GET /files/htmlpdf/ 110.6ms sql=213
GET /files/htmlpdf/ 112.9ms sql=214
GET /files/htmlpdf/ 113.2ms sql=218
GET /files/htmlpdf/editor/1558/ 4.1ms sql=5
GET /files/htmlpdf/editor/1558/ 4.1ms sql=5
GET /files/htmlpdf/template/1558/ 3.3ms sql=2
GET /files/htmlpdf/api/template-jsons/ 339.7ms sql=13
GET /files/ 344.1ms sql=124
GET /files/ 210.1ms sql=124
GET /files/ 225.4ms sql=124
GET /files/task-management/ 114.9ms sql=35
GET /files/task-management/ 30.9ms sql=35
GET /files/task-management/ 33.4ms sql=36
GET /files/task-management/ 42.8ms sql=46
GET /files/task-management/ 64.4ms sql=47
GET /files/htmlpdf/editor/1558/ 3.3ms sql=5
GET /files/htmlpdf/editor/1558/ 3.3ms sql=5
GET /files/htmlpdf/template/1558/ 5.3ms sql=2
GET /files/htmlpdf/api/template-jsons/ 374.1ms sql=13
GET /files/htmlpdf/api/template-jsons/ 477.1ms sql=13
GET /files/ 652.8ms sql=124
GET /files/ 279.5ms sql=124
GET /files/ 280.3ms sql=124
GET /files/2258/preview/ 17.2ms sql=4
GET /files/2258/download/ 1.0ms sql=2
GET /files/2258/download/ 1.0ms sql=2
GET /files/htmlpdf/api/template-jsons/ 69.3ms sql=17
GET /files/task-management/ 90.4ms sql=65
GET /files/task-management/ 102.4ms sql=59
GET /files/task-management/ 83.1ms sql=59
GET /files/task-management/ 44.0ms sql=58
GET /files/task-management/ 51.1ms sql=55
GET /files/task-management/ 58.2ms sql=57
GET /files/task-management/ 62.1ms sql=59
GET /files/htmlpdf/ 350.1ms sql=944
GET /files/task-management/ 140.3ms sql=59
GET /files/task-management/ 47.4ms sql=59
GET /files/htmlpdf/ 352.5ms sql=957
GET /files/htmlpdf/editor/2242/ 3.6ms sql=6
GET /files/htmlpdf/editor/2242/ 3.5ms sql=6
GET /files/htmlpdf/api/template-jsons/ 13.0ms sql=14
GET /files/htmlpdf/template/2242/ 3.6ms sql=4
GET /files/htmlpdf/template/2261/ 1.8ms sql=4
GET /files/task-management/ 45.8ms sql=59
GET /files/htmlpdf/api/template-jsons/ 12.5ms sql=14
GET /files/htmlpdf/template/2242/ 4.3ms sql=4
GET /files/htmlpdf/ 345.8ms sql=963
GET /files/task-management/ 130.7ms sql=59
GET /files/task-management/ 49.1ms sql=61
GET /files/htmlpdf/editor/2242/ 4.0ms sql=6
GET /files/htmlpdf/editor/2242/ 3.5ms sql=6
GET /files/htmlpdf/api/template-jsons/ 17.1ms sql=16
GET /files/htmlpdf/template/2242/ 1.9ms sql=4
GET /files/task-management/ 46.8ms sql=61
GET /files/task-management/ 48.2ms sql=59
GET /files/task-management/ 62.4ms sql=59
GET /files/task-management/ 72.1ms sql=59
GET /files/task-management/ 49.8ms sql=59
GET /files/task-management/ 46.9ms sql=57
GET /files/task-management/ 130.1ms sql=59
GET /files/htmlpdf/editor/2242/ 3.2ms sql=6
GET /files/htmlpdf/editor/2242/ 3.2ms sql=6
GET /files/htmlpdf/api/template-jsons/ 13.4ms sql=14
GET /files/htmlpdf/template/2242/ 2.0ms sql=4
GET /files/task-management/ 46.7ms sql=59
GET /files/task-management/ 46.6ms sql=57
GET /files/task-management/ 44.8ms sql=59
GET /files/htmlpdf/editor/2242/ 3.5ms sql=6
GET /files/htmlpdf/editor/2242/ 3.8ms sql=6
GET /files/htmlpdf/api/template-jsons/ 11.6ms sql=14
GET /files/htmlpdf/template/2242/ 1.9ms sql=4
GET /files/task-management/ 44.5ms sql=59
GET /files/task-management/ 47.9ms sql=57
GET /files/task-management/ 42.9ms sql=59
GET /files/htmlpdf/editor/2242/ 4.7ms sql=6
GET /files/htmlpdf/editor/2242/ 3.7ms sql=6
GET /files/htmlpdf/api/template-jsons/ 10.3ms sql=14
GET /files/htmlpdf/template/2242/ 2.3ms sql=4
GET /files/task-management/ 44.9ms sql=59
GET /files/task-management/ 42.7ms sql=57
GET /files/htmlpdf/editor/1558/ 3.9ms sql=5
GET /files/htmlpdf/template/1558/ 12.8ms sql=2
GET /files/htmlpdf/api/template-jsons/ 622.4ms sql=13
GET /files/ 378.8ms sql=124
GET /files/htmlpdf/ 117.4ms sql=218
GET /files/htmlpdf/ 111.4ms sql=217
GET /files/htmlpdf/ 120.5ms sql=218
GET /files/htmlpdf/ 135.6ms sql=222
GET /files/htmlpdf/editor/1558/ 3.6ms sql=5
GET /files/htmlpdf/editor/1558/ 3.3ms sql=5
GET /files/htmlpdf/template/1558/ 4.1ms sql=2
GET /files/htmlpdf/api/template-jsons/ 441.4ms sql=13
GET /files/htmlpdf/api/template-jsons/ 515.4ms sql=13
GET /files/ 698.6ms sql=124
GET /files/ 281.9ms sql=124
GET /files/ 281.8ms sql=124
GET /files/2267/download/ 1.0ms sql=2
GET /files/2267/download/ 2.0ms sql=2
GET /files/task-management/ 61.7ms sql=65
GET /files/htmlpdf/editor/2242/ 4.4ms sql=6
GET /files/htmlpdf/editor/2242/ 3.4ms sql=6
GET /files/htmlpdf/api/template-jsons/ 54.4ms sql=14
GET /files/htmlpdf/template/2242/ 3.9ms sql=4
GET /files/task-management/ 53.9ms sql=59
GET /files/task-management/ 144.6ms sql=59
GET /files/htmlpdf/editor/2247/ 3.5ms sql=6
GET /files/htmlpdf/editor/2247/ 3.8ms sql=6
GET /files/htmlpdf/api/template-jsons/ 59.3ms sql=17
GET /files/htmlpdf/template/2247/ 1.8ms sql=4
GET /files/task-management/ 138.0ms sql=59
GET /files/task-management/ 39.5ms sql=55
GET /files/task-management/ 52.2ms sql=59
GET /files/htmlpdf/editor/2111/ 4.4ms sql=7
GET /files/htmlpdf/editor/2111/ 4.0ms sql=7
GET /files/htmlpdf/template/2111/ 11.6ms sql=4
GET /files/htmlpdf/api/template-jsons/ 281.6ms sql=119
GET /files/task-management/ 55.0ms sql=59
GET /files/task-management/ 45.5ms sql=61
GET /files/task-management/ 175.8ms sql=59
GET /files/htmlpdf/editor/1919/ 3.3ms sql=6
GET /files/htmlpdf/editor/1919/ 3.3ms sql=6
GET /files/htmlpdf/api/template-jsons/ 92.9ms sql=15
GET /files/htmlpdf/template/1919/ 1.8ms sql=4
GET /files/task-management/ 577.2ms sql=59
GET /files/task-management/ 557.6ms sql=59
GET /files/task-management/ 515.5ms sql=59
GET /files/task-management/ 46.1ms sql=61
GET /files/task-management/ 46.3ms sql=59
GET /files/task-management/ 45.9ms sql=61
GET /files/task-management/ 144.6ms sql=59
GET /files/task-management/ 34.1ms sql=43
GET /files/task-management/ 47.8ms sql=59
GET /files/htmlpdf/editor/2242/ 3.5ms sql=6
GET /files/htmlpdf/editor/2242/ 3.5ms sql=6
GET /files/htmlpdf/api/template-jsons/ 13.0ms sql=14
GET /files/htmlpdf/template/2242/ 1.8ms sql=4
GET /files/task-management/ 44.8ms sql=59
GET /files/task-management/ 57.0ms sql=59
GET /files/task-management/ 67.6ms sql=59
GET /files/htmlpdf/editor/2247/ 3.3ms sql=6
GET /files/htmlpdf/editor/2247/ 3.3ms sql=6
GET /files/htmlpdf/api/template-jsons/ 51.4ms sql=17
GET /files/htmlpdf/template/2247/ 1.8ms sql=4
GET /files/task-management/ 68.5ms sql=59
GET /files/task-management/ 63.2ms sql=57
GET /files/task-management/ 135.9ms sql=64
GET /files/htmlpdf/editor/2269/ 3.3ms sql=6
GET /files/htmlpdf/editor/2269/ 3.3ms sql=6
GET /files/htmlpdf/api/template-jsons/ 47.9ms sql=17
GET /files/htmlpdf/template/2269/ 1.8ms sql=4
GET /files/task-management/ 66.1ms sql=59
GET /files/task-management/ 102.5ms sql=57
GET /files/task-management/ 60.8ms sql=59
GET /files/htmlpdf/editor/2269/ 3.4ms sql=6
GET /files/htmlpdf/editor/2269/ 3.4ms sql=6
GET /files/htmlpdf/api/template-jsons/ 31.8ms sql=17
GET /files/htmlpdf/template/2269/ 1.8ms sql=4
GET /files/htmlpdf/editor/1919/ 0.9ms sql=0
GET /login/ 1.2ms sql=0
GET /files/task-management/ 158.4ms sql=59
GET /files/task-management/ 44.8ms sql=59
GET /files/htmlpdf/editor/2242/ 3.3ms sql=6
GET /files/htmlpdf/editor/2242/ 3.6ms sql=6
GET /files/htmlpdf/api/template-jsons/ 11.9ms sql=14
GET /files/htmlpdf/template/2242/ 1.8ms sql=4
GET /files/htmlpdf/editor/1558/ 27.5ms sql=5
GET /files/htmlpdf/template/1558/ 5.6ms sql=2
GET /files/htmlpdf/api/template-jsons/ 1377.7ms sql=13
GET /files/task-management/ 46.6ms sql=59
GET /files/task-management/ 40.0ms sql=57
GET /files/task-management/ 46.7ms sql=59
GET /files/htmlpdf/editor/2242/ 4.2ms sql=6
GET /files/htmlpdf/editor/2242/ 3.3ms sql=6
GET /files/htmlpdf/api/template-jsons/ 12.0ms sql=14
GET /files/htmlpdf/template/2242/ 1.8ms sql=4
GET /files/task-management/ 43.3ms sql=59
GET /files/task-management/ 40.5ms sql=57
GET /files/htmlpdf/editor/2269/ 0.4ms sql=0
GET /login/ 0.6ms sql=0
GET /files/htmlpdf/editor/1558/ 3.4ms sql=5
GET /files/htmlpdf/template/1558/ 4.2ms sql=2
GET /files/htmlpdf/api/template-jsons/ 363.4ms sql=13
GET /files/task-management/ 44.2ms sql=59
GET /files/htmlpdf/editor/2242/ 3.3ms sql=6
GET /files/htmlpdf/editor/2242/ 3.3ms sql=6
GET /files/htmlpdf/api/template-jsons/ 12.1ms sql=14
GET /files/htmlpdf/template/2242/ 1.9ms sql=4
GET /files/task-management/ 45.2ms sql=64
GET /files/task-management/ 42.4ms sql=57
GET /files/task-management/ 43.8ms sql=59
GET /files/htmlpdf/editor/2242/ 3.3ms sql=6
GET /files/htmlpdf/editor/2242/ 3.4ms sql=6
GET /files/htmlpdf/api/template-jsons/ 9.2ms sql=14
GET /files/htmlpdf/template/2242/ 1.8ms sql=4
GET /files/task-management/ 421.7ms sql=59
GET /files/task-management/ 41.1ms sql=57
GET /files/task-management/ 43.8ms sql=59
GET /files/htmlpdf/editor/2242/ 4.4ms sql=6
GET /files/htmlpdf/editor/2242/ 3.4ms sql=6
GET /files/htmlpdf/api/template-jsons/ 12.0ms sql=14
GET /files/htmlpdf/template/2242/ 1.8ms sql=4
GET /files/task-management/ 59.2ms sql=59
GET /files/task-management/ 45.8ms sql=57
GET /files/htmlpdf/editor/2242/ 3.3ms sql=6
GET /files/htmlpdf/editor/2242/ 3.4ms sql=6
GET /files/htmlpdf/api/template-jsons/ 6.5ms sql=11
GET /files/htmlpdf/template/2242/ 1.9ms sql=4
GET /files/htmlpdf/editor/1558/ 3.3ms sql=5
GET /files/htmlpdf/template/1558/ 1.2ms sql=2
GET /files/htmlpdf/api/template-jsons/ 443.3ms sql=13
GET /files/ 334.2ms sql=124
GET /files/htmlpdf/ 115.1ms sql=217
GET /files/htmlpdf/ 113.7ms sql=217
GET /files/htmlpdf/ 114.7ms sql=218
GET /files/htmlpdf/ 116.7ms sql=222
GET /files/htmlpdf/editor/1558/ 3.3ms sql=5
GET /files/htmlpdf/editor/1558/ 3.6ms sql=5
GET /files/htmlpdf/template/1558/ 6.0ms sql=2
GET /files/htmlpdf/api/template-jsons/ 473.7ms sql=13
GET /files/htmlpdf/api/template-jsons/ 420.6ms sql=13
GET /files/ 661.8ms sql=124
GET /files/ 203.1ms sql=124
GET /files/ 300.8ms sql=124
GET /files/2276/preview/ 18.8ms sql=4
GET /files/2276/download/ 3.9ms sql=2
GET /files/2276/download/ 2.6ms sql=2
GET /files/htmlpdf/template/2261/ 1.8ms sql=4
GET /api/v2/inspections/projects/260001/tasks/10/export-frontend-json 545.5ms sql=136
GET /files/task-management/ 49.7ms sql=64
GET /files/task-management/ 47.2ms sql=57
GET /files/task-management/ 47.5ms sql=59
GET /files/htmlpdf/editor/2278/ 4.1ms sql=6
GET /files/htmlpdf/editor/2278/ 3.4ms sql=6
GET /files/htmlpdf/api/template-jsons/ 72.1ms sql=128
GET /files/htmlpdf/template/2278/ 2.4ms sql=4
GET /files/task-management/ 82.1ms sql=65
GET /files/task-management/ 93.7ms sql=59
GET /files/htmlpdf/editor/2219/ 22.2ms sql=6
GET /files/htmlpdf/editor/2219/ 4.2ms sql=6
GET /files/htmlpdf/api/template-jsons/ 18.7ms sql=30
GET /files/htmlpdf/template/2219/ 4.1ms sql=4
GET /files/htmlpdf/template/2223/ 1.9ms sql=4
GET /files/task-management/ 59.5ms sql=65
GET /files/task-management/ 35.3ms sql=43
GET /files/htmlpdf/ 124.8ms sql=217
GET /files/htmlpdf/ 114.5ms sql=217
GET /files/htmlpdf/ 112.0ms sql=218
GET /files/htmlpdf/ 116.1ms sql=222
GET /files/htmlpdf/editor/1558/ 3.2ms sql=5
GET /files/htmlpdf/editor/1558/ 3.3ms sql=5
GET /files/htmlpdf/template/1558/ 5.1ms sql=2
GET /files/htmlpdf/api/template-jsons/ 386.7ms sql=13
GET /files/ 378.3ms sql=124
GET /files/htmlpdf/ 113.6ms sql=217
GET /files/htmlpdf/ 113.2ms sql=217
GET /files/htmlpdf/ 113.1ms sql=218
GET /files/htmlpdf/ 123.9ms sql=222
GET /files/htmlpdf/editor/1558/ 3.2ms sql=5
GET /files/htmlpdf/editor/1558/ 3.4ms sql=5
GET /files/htmlpdf/template/1558/ 4.8ms sql=2
GET /files/htmlpdf/api/template-jsons/ 383.0ms sql=13
GET /files/htmlpdf/api/template-jsons/ 493.7ms sql=13
GET /files/ 686.1ms sql=124
GET /files/ 210.0ms sql=124
GET /files/ 372.1ms sql=124
GET /files/2281/download/ 1.0ms sql=2
GET /files/2281/download/ 1.1ms sql=2
GET /files/task-management/ 34.3ms sql=43
GET /files/task-management/ 39.4ms sql=55
GET /files/task-management/ 45.2ms sql=62
GET /files/task-management/ 53.0ms sql=59
GET /files/task-management/ 41.0ms sql=57
GET /files/htmlpdf/editor/2282/ 4.0ms sql=7
GET /files/htmlpdf/editor/2282/ 5.7ms sql=7
GET /files/htmlpdf/api/template-jsons/ 5.5ms sql=11
GET /files/htmlpdf/template/2282/ 2.3ms sql=4
GET /files/htmlpdf/template/2111/ 4.0ms sql=4
GET /files/htmlpdf/template/2111/ 2.4ms sql=4
GET /files/htmlpdf/template/2111/ 1.9ms sql=4
GET /files/htmlpdf/template/2111/ 2.5ms sql=4
GET /files/htmlpdf/template/2111/ 1.8ms sql=4
GET /files/htmlpdf/template/2111/ 1.8ms sql=4
GET /files/htmlpdf/template/2111/ 1.9ms sql=4
GET /files/htmlpdf/template/2111/ 2.0ms sql=4
GET /files/htmlpdf/template/2111/ 1.8ms sql=4
GET /files/htmlpdf/template/2111/ 1.8ms sql=4
GET /files/htmlpdf/template/2111/ 1.9ms sql=4
GET /files/htmlpdf/template/2111/ 1.8ms sql=4
GET /files/htmlpdf/template/2111/ 1.8ms sql=4
GET /files/htmlpdf/template/2111/ 1.8ms sql=4
GET /files/htmlpdf/template/2111/ 1.9ms sql=4
GET /files/htmlpdf/template/2111/ 1.8ms sql=4
GET /files/htmlpdf/template/2111/ 2.6ms sql=4
GET /files/htmlpdf/template/2111/ 1.8ms sql=4
GET /files/htmlpdf/template/2111/ 1.8ms sql=4
GET /files/htmlpdf/template/2111/ 1.8ms sql=4
GET /files/htmlpdf/template/2111/ 2.2ms sql=4
GET /files/htmlpdf/template/2111/ 1.9ms sql=4
GET /files/htmlpdf/template/2111/ 2.0ms sql=4
GET /files/htmlpdf/template/2111/ 1.8ms sql=4
GET /files/htmlpdf/template/2111/ 1.8ms sql=4
GET /files/htmlpdf/template/2111/ 1.8ms sql=4
GET /files/htmlpdf/template/2111/ 2.0ms sql=4
GET /files/htmlpdf/template/2111/ 1.8ms sql=4
GET /files/htmlpdf/template/2111/ 1.9ms sql=4
GET /files/task-management/ 61.9ms sql=65
GET /files/task-management/ 56.9ms sql=59
GET /files/htmlpdf/editor/2111/ 4.4ms sql=7
GET /files/htmlpdf/editor/2111/ 3.9ms sql=7
GET /files/htmlpdf/template/2111/ 3.0ms sql=4
GET /files/htmlpdf/api/template-jsons/ 295.0ms sql=119
GET /files/task-management/ 55.8ms sql=59
GET /files/task-management/ 91.2ms sql=63
GET /files/task-management/ 85.9ms sql=63
GET /files/task-management/ 101.8ms sql=57
GET /files/task-management/ 65.2ms sql=61
GET /files/task-management/ 51.9ms sql=57
GET /files/task-management/ 56.5ms sql=61
GET /files/htmlpdf/editor/2284/ 5.6ms sql=7
GET /files/htmlpdf/editor/2284/ 3.9ms sql=7
GET /files/htmlpdf/template/2284/ 11.1ms sql=4
GET /files/htmlpdf/api/template-jsons/ 290.1ms sql=121
GET /files/htmlpdf/ 119.5ms sql=217
GET /files/htmlpdf/ 121.2ms sql=217
GET /files/htmlpdf/ 187.9ms sql=218
GET /files/htmlpdf/ 114.6ms sql=222
GET /files/htmlpdf/editor/1558/ 3.8ms sql=5
GET /files/htmlpdf/editor/1558/ 3.8ms sql=5
GET /files/htmlpdf/template/1558/ 4.9ms sql=2
GET /files/htmlpdf/api/template-jsons/ 378.8ms sql=13
GET /files/ 339.0ms sql=124
GET /files/task-management/ 62.9ms sql=46
GET /files/htmlpdf/editor/1558/ 3.3ms sql=5
GET /files/htmlpdf/editor/1558/ 3.3ms sql=5
GET /files/htmlpdf/template/1558/ 4.9ms sql=2
GET /files/htmlpdf/api/template-jsons/ 468.3ms sql=13
GET /files/htmlpdf/api/template-jsons/ 445.6ms sql=13
GET /files/ 694.0ms sql=124
GET /files/ 211.4ms sql=124
GET /files/ 285.8ms sql=124
GET /files/2288/download/ 1.0ms sql=2
GET /files/2288/download/ 1.0ms sql=2
GET /files/task-management/ 73.5ms sql=64
GET /files/ 23.1ms sql=18
GET /files/ 583.3ms sql=1936
GET /files/ 577.9ms sql=1936
GET /files/ 668.9ms sql=1936
GET /files/2259/download/ 3.4ms sql=10
GET /files/2259/download/ 3.5ms sql=10
GET /files/task-management/ 42.1ms sql=42
GET /files/task-management/ 33.5ms sql=42
GET /files/htmlpdf/ 327.9ms sql=950
GET /files/htmlpdf/ 332.1ms sql=950
GET /files/htmlpdf/ 342.6ms sql=951
GET /files/htmlpdf/ 330.3ms sql=963
GET /files/task-management/ 45.3ms sql=59
GET /files/task-management/ 64.3ms sql=61
GET /files/htmlpdf/editor/2282/ 4.4ms sql=7
GET /files/htmlpdf/editor/2282/ 4.4ms sql=7
GET /files/htmlpdf/api/template-jsons/ 48.5ms sql=16
GET /files/htmlpdf/template/2282/ 1.8ms sql=4
GET /files/task-management/ 63.6ms sql=61
GET /files/task-management/ 44.1ms sql=59
GET /files/task-management/ 83.7ms sql=59
GET /files/task-management/ 88.8ms sql=61
GET /files/task-management/ 170.6ms sql=63
GET /files/htmlpdf/editor/2284/ 4.2ms sql=7
GET /files/htmlpdf/editor/2284/ 4.1ms sql=7
GET /files/htmlpdf/template/2284/ 10.4ms sql=4
GET /files/htmlpdf/api/template-jsons/ 448.1ms sql=139
GET /files/task-management/ 105.3ms sql=63
GET /files/task-management/ 36.9ms sql=47
GET /files/task-management/ 54.9ms sql=59
GET /files/task-management/ 60.6ms sql=59
GET /files/task-management/ 69.5ms sql=59
GET /files/task-management/ 132.3ms sql=59
GET /files/task-management/ 60.3ms sql=59
GET /files/htmlpdf/editor/2269/ 3.3ms sql=6
GET /files/htmlpdf/editor/2269/ 3.2ms sql=6
GET /files/htmlpdf/api/template-jsons/ 33.8ms sql=23
GET /files/htmlpdf/template/2269/ 1.8ms sql=4
GET /files/task-management/ 144.1ms sql=59
GET /files/task-management/ 50.9ms sql=59
GET /files/htmlpdf/editor/2269/ 3.4ms sql=6
GET /files/htmlpdf/editor/2269/ 4.1ms sql=6
GET /files/htmlpdf/api/template-jsons/ 50.9ms sql=31
GET /files/htmlpdf/template/2269/ 2.1ms sql=4
GET /files/task-management/ 50.5ms sql=59
GET /files/task-management/ 44.3ms sql=61
GET /files/htmlpdf/editor/1868/ 3.3ms sql=6
GET /files/htmlpdf/editor/1868/ 3.2ms sql=6
GET /files/htmlpdf/api/template-jsons/ 10.3ms sql=14
GET /files/htmlpdf/template/1868/ 1.8ms sql=4
GET /files/task-management/ 44.0ms sql=61
GET /files/task-management/ 178.9ms sql=59
GET /files/htmlpdf/editor/1919/ 4.5ms sql=6
GET /files/htmlpdf/editor/1919/ 3.3ms sql=6
GET /files/htmlpdf/api/template-jsons/ 116.3ms sql=15
GET /files/htmlpdf/template/1919/ 1.8ms sql=4
GET /files/task-management/ 91.9ms sql=59
GET /files/task-management/ 59.4ms sql=59
GET /files/htmlpdf/editor/2013/ 4.1ms sql=6
GET /files/htmlpdf/editor/2013/ 3.4ms sql=6
GET /files/htmlpdf/api/template-jsons/ 34.7ms sql=14
GET /files/htmlpdf/template/2013/ 1.8ms sql=4
GET /files/htmlpdf/template/2013/ 1.8ms sql=4
GET /files/htmlpdf/template/2013/ 1.9ms sql=4
GET /files/htmlpdf/ 151.0ms sql=218
GET /files/htmlpdf/ 285.8ms sql=217
GET /files/htmlpdf/ 516.9ms sql=218
GET /files/htmlpdf/ 117.6ms sql=222
GET /files/htmlpdf/template/2013/ 3.7ms sql=4
GET /files/htmlpdf/editor/1558/ 4.1ms sql=5
GET /files/htmlpdf/editor/1558/ 3.6ms sql=5
GET /files/htmlpdf/template/1558/ 1.4ms sql=2
GET /files/htmlpdf/api/template-jsons/ 464.0ms sql=13
GET /files/ 348.2ms sql=127
GET /files/htmlpdf/api/template-jsons/ 444.5ms sql=13
GET /files/ 623.2ms sql=127
GET /files/ 261.0ms sql=127
GET /files/ 292.5ms sql=127
GET /files/2294/preview/ 18.4ms sql=4
GET /files/2294/download/ 1.0ms sql=2
GET /files/2294/download/ 1.0ms sql=2
GET /files/htmlpdf/template/2013/ 1.9ms sql=4
GET /files/htmlpdf/template/2013/ 3.8ms sql=4
GET /files/htmlpdf/ 122.5ms sql=218
GET /files/htmlpdf/ 115.0ms sql=217
GET /files/htmlpdf/ 114.7ms sql=218
GET /files/htmlpdf/ 117.1ms sql=222
GET /files/htmlpdf/editor/1558/ 4.0ms sql=5
GET /files/htmlpdf/editor/1558/ 3.9ms sql=5
GET /files/htmlpdf/template/1558/ 5.5ms sql=2
GET /files/htmlpdf/api/template-jsons/ 423.5ms sql=13
GET /files/ 371.5ms sql=127
GET /files/htmlpdf/api/template-jsons/ 528.6ms sql=13
GET /files/ 708.5ms sql=127
GET /files/ 257.8ms sql=127
GET /files/ 295.6ms sql=127
GET /files/2296/preview/ 17.8ms sql=4
GET /files/2296/download/ 1.2ms sql=2
GET /files/2296/download/ 1.1ms sql=2
GET /files/htmlpdf/ 115.8ms sql=217
GET /files/ 20.4ms sql=38
GET /files/ 284.4ms sql=545
GET /files/ 292.9ms sql=127
GET /files/ 194.7ms sql=127
GET /files/ 283.6ms sql=127
GET /files/2246/preview/ 120.5ms sql=4
GET /files/2248/preview/ 40.4ms sql=4
GET /files/2249/preview/ 24.1ms sql=4
GET /files/2251/preview/ 20.8ms sql=4
GET /files/htmlpdf/template/2013/ 2.7ms sql=4
GET /files/task-management/ 153.2ms sql=65
GET /files/2101/download/ 1.9ms sql=4
GET /files/2101/download/ 1.7ms sql=4
GET /files/htmlpdf/ 106.6ms sql=217
GET /files/htmlpdf/ 111.3ms sql=217
GET /files/htmlpdf/ 111.3ms sql=218
GET /files/htmlpdf/ 106.7ms sql=222
GET /files/htmlpdf/editor/1558/ 3.8ms sql=5
GET /files/htmlpdf/editor/1558/ 3.4ms sql=5
GET /files/htmlpdf/template/1558/ 10.4ms sql=2
GET /files/htmlpdf/api/template-jsons/ 499.0ms sql=13
GET /files/ 341.9ms sql=127
GET /files/htmlpdf/ 115.8ms sql=217
GET /files/htmlpdf/ 110.2ms sql=217
GET /files/htmlpdf/ 113.3ms sql=218
GET /files/htmlpdf/ 107.6ms sql=222
GET /files/htmlpdf/editor/1558/ 3.2ms sql=5
GET /files/htmlpdf/editor/1558/ 3.6ms sql=5
GET /files/htmlpdf/template/1558/ 1.1ms sql=2
GET /files/htmlpdf/api/template-jsons/ 394.7ms sql=13
GET /files/htmlpdf/editor/2013/ 3.3ms sql=6
GET /files/htmlpdf/editor/2013/ 22.8ms sql=6
GET /files/htmlpdf/api/template-jsons/ 102.4ms sql=14
GET /files/htmlpdf/template/2013/ 5.2ms sql=4
GET /files/task-management/ 150.1ms sql=65
GET /files/task-management/ 65.8ms sql=59
GET /files/task-management/ 61.8ms sql=59
GET /files/htmlpdf/ 357.9ms sql=979
GET /files/htmlpdf/editor/2013/ 3.4ms sql=6
GET /files/htmlpdf/editor/2013/ 4.7ms sql=6
GET /files/htmlpdf/api/template-jsons/ 39.6ms sql=14
GET /files/htmlpdf/template/2013/ 3.5ms sql=4
GET /files/task-management/ 448.7ms sql=59
GET /files/task-management/ 48.3ms sql=59
GET /files/htmlpdf/editor/1558/ 3.3ms sql=5
GET /files/htmlpdf/template/1558/ 1.1ms sql=2
GET /files/htmlpdf/api/template-jsons/ 383.0ms sql=13
GET /files/ 310.9ms sql=127
GET /files/htmlpdf/editor/2278/ 3.3ms sql=6
GET /files/htmlpdf/editor/2278/ 3.4ms sql=6
GET /files/htmlpdf/api/template-jsons/ 73.6ms sql=136
GET /files/htmlpdf/template/2278/ 1.4ms sql=4
GET / 0.8ms sql=0
GET /login/ 1.5ms sql=0
GET /files/htmlpdf/template/2261/ 1.8ms sql=4
GET /files/task-management/ 0.3ms sql=0
GET /login/ 0.8ms sql=0
GET /files/htmlpdf/template/2261/ 1.6ms sql=4
GET /files/htmlpdf/template/2261/ 1.6ms sql=4
GET /files/htmlpdf/template/2261/ 1.6ms sql=4
GET /files/htmlpdf/template/2261/ 1.6ms sql=4
GET /files/htmlpdf/template/2261/ 1.8ms sql=4
GET /files/htmlpdf/template/2261/ 1.6ms sql=4
GET /files/htmlpdf/template/2269/ 1.9ms sql=4
GET /files/task-management/ 45.3ms sql=64
GET /files/task-management/ 46.2ms sql=59
GET /files/htmlpdf/editor/2269/ 3.4ms sql=6
GET /files/htmlpdf/editor/2269/ 23.2ms sql=6
GET /files/htmlpdf/api/template-jsons/ 63.5ms sql=31
GET /files/htmlpdf/template/2269/ 3.4ms sql=4
GET /files/task-management/ 74.8ms sql=65
GET /files/task-management/ 46.3ms sql=57
GET /files/task-management/ 115.7ms sql=59
GET /files/htmlpdf/editor/2269/ 3.4ms sql=6
GET /files/htmlpdf/editor/2269/ 3.4ms sql=6
GET /files/htmlpdf/template/2269/ 5.8ms sql=4
GET /files/htmlpdf/api/template-jsons/ 111.0ms sql=39
GET /files/task-management/ 460.0ms sql=59
GET /files/task-management/ 57.7ms sql=57
GET /files/task-management/ 145.5ms sql=59
GET /files/htmlpdf/editor/2301/ 3.2ms sql=6
GET /files/htmlpdf/editor/2301/ 3.0ms sql=6
GET /files/htmlpdf/api/template-jsons/ 85.7ms sql=39
GET /files/htmlpdf/template/2301/ 1.8ms sql=4
GET /files/task-management/ 56.7ms sql=59
GET /files/task-management/ 49.9ms sql=57
GET /files/task-management/ 140.2ms sql=59
GET /files/task-management/ 44.1ms sql=57
GET /files/task-management/ 95.1ms sql=63
GET /files/htmlpdf/editor/2301/ 3.2ms sql=6
GET /files/htmlpdf/editor/2301/ 3.5ms sql=6
GET /files/htmlpdf/template/2301/ 8.7ms sql=4
GET /files/htmlpdf/api/template-jsons/ 196.9ms sql=43
GET / 0.8ms sql=0
GET /login/ 1.1ms sql=0
GET / 6.1ms sql=8
GET /files/ 24.9ms sql=38
GET /files/ 302.9ms sql=565
GET /files/ 317.8ms sql=565
GET /files/ 367.1ms sql=565
GET /files/ 294.4ms sql=565
GET /files/ 316.5ms sql=565
GET /files/2309/preview/ 4.8ms sql=4
GET /files/ 22.3ms sql=40
GET /files/2310/preview/ 3.3ms sql=4
GET /files/2310/raw/ 1.1ms sql=2
GET /files/ 310.7ms sql=565
GET /files/2309/preview/ 3.9ms sql=4
GET /files/htmlpdf/ 115.2ms sql=217
GET /files/htmlpdf/ 110.1ms sql=217
GET /files/htmlpdf/ 115.7ms sql=218
GET /files/htmlpdf/ 114.9ms sql=222
GET /files/htmlpdf/editor/1558/ 3.5ms sql=5
GET /files/htmlpdf/editor/1558/ 3.7ms sql=5
GET /files/htmlpdf/template/1558/ 1.5ms sql=2
GET /files/htmlpdf/api/template-jsons/ 470.0ms sql=13
GET /files/ 19.6ms sql=38
GET /files/ 19.4ms sql=38
GET /files/ 18.1ms sql=38
GET /files/2121/preview/ 3.8ms sql=4
GET /files/2121/raw/ 0.9ms sql=2
GET /files/ 23.9ms sql=40
GET /files/ 19.9ms sql=40
GET /files/ 21.8ms sql=40
GET /files/task-management/ 34.3ms sql=35
GET /files/task-management/ 92.5ms sql=35
GET /files/task-management/ 117.2ms sql=46
GET /files/task-management/ 31.1ms sql=36
GET /files/task-management/ 40.5ms sql=46
GET /files/task-management/ 31.7ms sql=36
GET /files/task-management/ 39.9ms sql=46
GET /files/task-management/ 64.9ms sql=46
GET /files/task-management/ 40.5ms sql=46
GET /files/task-management/ 137.1ms sql=46
GET /files/task-management/ 31.2ms sql=36
GET /files/task-management/ 36.8ms sql=46
GET /files/task-management/ 99.9ms sql=46
GET /files/task-management/ 29.2ms sql=36
GET /files/task-management/ 39.1ms sql=46
GET /files/task-management/ 58.2ms sql=46
GET /files/htmlpdf/editor/1558/ 3.5ms sql=5
GET /files/htmlpdf/editor/1558/ 3.3ms sql=5
GET /files/htmlpdf/template/1558/ 4.9ms sql=2
GET /files/htmlpdf/api/template-jsons/ 421.1ms sql=13
GET /files/task-management/ 131.1ms sql=46
GET /files/ 18.0ms sql=38
GET /files/ 315.6ms sql=565
GET /files/ 298.2ms sql=565
GET /files/ 292.5ms sql=565
GET /files/ 291.9ms sql=565
GET /files/ 288.7ms sql=565
GET /files/ 293.9ms sql=565
GET /files/ 284.8ms sql=565
GET /files/ 363.7ms sql=565
GET /files/ 287.8ms sql=565
GET /files/htmlpdf/template/2284 3.8ms sql=0
GET /files/htmlpdf/template/2284/ 0.4ms sql=0
GET /login/ 0.7ms sql=0
GET /files/task-management/ 71.8ms sql=64
GET /files/task-management/ 33.8ms sql=43
GET /files/task-management/ 38.7ms sql=59
GET /files/htmlpdf/editor/2237/ 3.5ms sql=6
GET /files/htmlpdf/editor/2237/ 3.2ms sql=6
GET /files/htmlpdf/api/template-jsons/ 9.4ms sql=14
GET /files/htmlpdf/template/2237/ 1.8ms sql=4
GET /files/htmlpdf/template/2090/ 1.8ms sql=4
GET /files/task-management/ 41.7ms sql=59
GET /files/task-management/ 59.7ms sql=59
GET /files/htmlpdf/editor/2090/ 3.8ms sql=6
GET /files/htmlpdf/editor/2090/ 3.4ms sql=6
GET /files/htmlpdf/template/2090/ 10.5ms sql=4
GET /files/htmlpdf/api/template-jsons/ 179.6ms sql=63
GET /files/htmlpdf/api/template-jsons/ 0.3ms sql=0
GET /login/ 0.6ms sql=0
GET /files/ 578.2ms sql=2017
GET /files/ 11.2ms sql=18
GET /files/htmlpdf/ 338.8ms sql=966
GET /files/htmlpdf/ 330.2ms sql=979
GET /files/htmlpdf/editor/2219/ 3.2ms sql=6
GET /files/htmlpdf/editor/2219/ 3.3ms sql=6
GET /files/htmlpdf/api/template-jsons/ 16.8ms sql=30
GET /files/htmlpdf/template/2219/ 1.8ms sql=4
GET /files/htmlpdf/template/2223/ 1.8ms sql=4
GET /files/htmlpdf/template/2223/ 1.6ms sql=4
GET /files/task-management/ 43.7ms sql=59
GET /files/task-management/ 33.6ms sql=43
GET /files/task-management/ 40.9ms sql=59
GET /files/htmlpdf/editor/2282/ 3.9ms sql=7
GET /files/htmlpdf/editor/2282/ 3.6ms sql=7
GET /files/htmlpdf/api/template-jsons/ 10.3ms sql=14
GET /files/htmlpdf/template/2282/ 1.7ms sql=4
GET /files/htmlpdf/template/2284/ 1.8ms sql=4
GET /files/task-management/ 42.5ms sql=59
GET / 0.2ms sql=0
GET /login/ 0.7ms sql=0
GET /files/task-management/ 49.2ms sql=59
GET /files/htmlpdf/editor/2237/ 3.0ms sql=6
GET /files/htmlpdf/editor/2237/ 3.3ms sql=6
GET /files/htmlpdf/api/template-jsons/ 10.0ms sql=14
GET /files/htmlpdf/template/2237/ 1.8ms sql=4
GET /files/htmlpdf/template/2090/ 1.9ms sql=4
GET /files/htmlpdf/template/2090/ 1.6ms sql=4
GET /files/htmlpdf/template/2090/ 1.9ms sql=4
GET /files/htmlpdf/template/2090/ 1.6ms sql=4
GET /files/htmlpdf/template/2090/ 1.7ms sql=4
GET /files/htmlpdf/template/2090/ 1.9ms sql=4
GET /files/htmlpdf/template/2090/ 1.7ms sql=4
GET /files/htmlpdf/template/2090/ 1.8ms sql=4
GET /files/htmlpdf/template/2090/ 1.8ms sql=4
GET /files/htmlpdf/template/2090/ 1.8ms sql=4
GET /files/htmlpdf/template/2090/ 1.9ms sql=4
GET /files/htmlpdf/template/2090/ 1.8ms sql=4
GET /files/htmlpdf/template/2090/ 1.7ms sql=4
GET /files/htmlpdf/template/2090/ 1.7ms sql=4
GET /files/htmlpdf/template/2090/ 1.7ms sql=4
GET /files/htmlpdf/template/2090/ 1.8ms sql=4
GET /files/htmlpdf/template/2090/ 2.3ms sql=4
GET /files/htmlpdf/template/2090/ 1.8ms sql=4
GET /files/htmlpdf/template/2090/ 2.2ms sql=4
GET /files/htmlpdf/template/2090/ 1.8ms sql=4
GET /files/htmlpdf/template/2090/ 3.0ms sql=4
GET /files/htmlpdf/template/2090/ 1.8ms sql=4
GET /files/task-management/ 0.4ms sql=0
GET /login/ 0.7ms sql=0
GET /files/htmlpdf/template/2090/ 1.8ms sql=4
GET /files/task-management/ 48.7ms sql=64
GET /files/task-management/ 56.3ms sql=59
GET /files/htmlpdf/editor/2090/ 3.3ms sql=6
GET /files/htmlpdf/editor/2090/ 3.0ms sql=6
GET /files/htmlpdf/template/2090/ 8.1ms sql=4
GET /files/htmlpdf/api/template-jsons/ 95.0ms sql=87
GET /files/task-management/ 58.6ms sql=59
GET /files/task-management/ 43.5ms sql=59
GET /files/htmlpdf/editor/2237/ 3.1ms sql=6
GET /files/htmlpdf/editor/2237/ 5.2ms sql=6
GET /files/htmlpdf/api/template-jsons/ 22.7ms sql=38
GET /files/htmlpdf/template/2237/ 2.3ms sql=4
GET /files/htmlpdf/template/2090/ 1.9ms sql=4
GET /files/htmlpdf/template/2090/ 1.8ms sql=4
GET /files/htmlpdf/template/2090/ 3.6ms sql=4
GET /files/htmlpdf/template/2090/ 1.6ms sql=4
GET /files/htmlpdf/template/2090/ 2.0ms sql=4
GET /files/htmlpdf/template/2090/ 2.1ms sql=4
GET /files/htmlpdf/template/2090/ 1.8ms sql=4
GET /files/htmlpdf/template/2090/ 1.8ms sql=4
GET /files/htmlpdf/template/2090/ 2.7ms sql=4
GET /files/htmlpdf/template/2090/ 1.9ms sql=4
GET /files/htmlpdf/template/2090/ 1.8ms sql=4
GET /files/htmlpdf/template/2090/ 1.8ms sql=4
GET /files/htmlpdf/template/2090/ 2.1ms sql=4
GET /files/htmlpdf/template/2090/ 2.4ms sql=4
GET /files/htmlpdf/template/2090/ 2.0ms sql=4
GET /files/htmlpdf/template/2090/ 2.5ms sql=4
GET /files/htmlpdf/template/2090/ 1.9ms sql=4
GET /files/htmlpdf/template/2090/ 2.6ms sql=4
GET /files/htmlpdf/template/2090/ 2.1ms sql=4
GET /files/htmlpdf/template/2090/ 1.9ms sql=4
GET /files/htmlpdf/template/2090/ 1.7ms sql=4
GET /files/htmlpdf/template/2090/ 2.6ms sql=4
GET /files/htmlpdf/template/2090/ 2.7ms sql=4
GET /files/htmlpdf/template/2090/ 1.8ms sql=4
GET /files/htmlpdf/template/2090/ 1.8ms sql=4
GET /files/htmlpdf/template/2090/ 2.5ms sql=4
GET /files/htmlpdf/template/2090/ 2.5ms sql=4
GET /files/htmlpdf/template/2090/ 2.6ms sql=4
GET /files/htmlpdf/template/2090/ 2.1ms sql=4
GET /files/htmlpdf/template/2090/ 2.2ms sql=4
GET /files/htmlpdf/template/2090/ 2.8ms sql=4
GET /files/htmlpdf/template/2090/ 2.6ms sql=4
GET /files/htmlpdf/template/2090/ 1.8ms sql=4
GET /files/task-management/ 49.7ms sql=64
GET /files/task-management/ 51.0ms sql=59
GET /files/htmlpdf/editor/2278/ 3.1ms sql=6
GET /files/htmlpdf/editor/2278/ 3.3ms sql=6
GET /files/htmlpdf/template/2278/ 3.9ms sql=4
GET /files/htmlpdf/api/template-jsons/ 95.0ms sql=142
GET /files/htmlpdf/template/2261/ 1.9ms sql=4
GET /files/task-management/ 52.4ms sql=59
GET /files/htmlpdf/editor/2278/ 3.6ms sql=6
GET /files/htmlpdf/editor/2278/ 4.7ms sql=6
GET /files/htmlpdf/api/template-jsons/ 88.8ms sql=142
GET /files/htmlpdf/template/2278/ 1.7ms sql=4
GET /files/task-management/ 701.1ms sql=59
GET /files/task-management/ 68.7ms sql=59
GET /files/htmlpdf/editor/2301/ 3.5ms sql=6
GET /files/htmlpdf/editor/2301/ 4.4ms sql=6
GET /files/htmlpdf/template/2301/ 5.2ms sql=4
GET /files/htmlpdf/api/template-jsons/ 337.1ms sql=79
GET /files/task-management/ 70.7ms sql=59
GET /files/task-management/ 49.0ms sql=59
GET /files/htmlpdf/editor/2278/ 3.7ms sql=6
GET /files/htmlpdf/editor/2278/ 3.3ms sql=6
GET /files/htmlpdf/template/2278/ 4.0ms sql=4
GET /files/htmlpdf/api/template-jsons/ 84.5ms sql=142
GET /files/htmlpdf/template/2261/ 1.9ms sql=4
GET /files/htmlpdf/template/2261/ 2.0ms sql=4
GET /files/htmlpdf/template/2301/ 3.0ms sql=4
GET /files/htmlpdf/template/2301/ 1.8ms sql=4
GET /files/htmlpdf/template/2261/ 1.8ms sql=4
GET /files/htmlpdf/template/2261/ 1.8ms sql=4
GET /files/htmlpdf/template/2301/ 1.8ms sql=4
GET /files/htmlpdf/template/2261/ 2.8ms sql=4
GET /files/htmlpdf/template/2261/ 1.9ms sql=4
GET /files/htmlpdf/template/2261/ 2.7ms sql=4
GET /files/htmlpdf/template/2261/ 1.9ms sql=4
GET /files/htmlpdf/template/2301/ 2.4ms sql=4
GET /files/htmlpdf/template/2261/ 2.5ms sql=4
GET /files/htmlpdf/template/2261/ 1.9ms sql=4
GET /files/htmlpdf/template/2261/ 3.0ms sql=4
GET /files/ 962.5ms sql=2049
GET /files/htmlpdf/ 344.6ms sql=966
GET /files/htmlpdf/ 353.5ms sql=985
GET /files/task-management/ 45.0ms sql=59
GET /files/htmlpdf/editor/2278/ 3.0ms sql=6
GET /files/htmlpdf/editor/2278/ 3.3ms sql=6
GET /files/htmlpdf/template/2278/ 3.1ms sql=4
GET /files/htmlpdf/api/template-jsons/ 80.4ms sql=150
GET /files/task-management/ 131.5ms sql=59
GET /files/task-management/ 62.7ms sql=59
GET /files/task-management/ 58.0ms sql=59
GET /files/htmlpdf/editor/2261/ 3.2ms sql=6
GET /files/htmlpdf/editor/2261/ 3.0ms sql=6
GET /files/htmlpdf/api/template-jsons/ 31.0ms sql=15
GET /files/htmlpdf/template/2261/ 1.7ms sql=4
GET /files/task-management/ 63.5ms sql=64
GET /files/task-management/ 48.5ms sql=59
GET /files/htmlpdf/editor/2278/ 3.3ms sql=6
GET /files/htmlpdf/editor/2278/ 4.7ms sql=6
GET /files/htmlpdf/api/template-jsons/ 86.7ms sql=150
GET /files/htmlpdf/template/2278/ 2.4ms sql=4
GET /files/task-management/ 48.1ms sql=59
GET /files/task-management/ 51.6ms sql=62
GET /files/task-management/ 49.9ms sql=64
GET /files/htmlpdf/editor/2317/ 3.5ms sql=6
GET /files/htmlpdf/editor/2317/ 3.0ms sql=6
GET /files/htmlpdf/template/2317/ 4.1ms sql=4
GET /files/htmlpdf/api/template-jsons/ 167.9ms sql=150
GET /files/task-management/ 44.6ms sql=59
GET /files/task-management/ 121.8ms sql=57
GET /files/htmlpdf/editor/2317/ 3.3ms sql=6
GET /files/htmlpdf/editor/2317/ 3.7ms sql=6
GET /files/htmlpdf/template/2317/ 2.3ms sql=4
GET /files/htmlpdf/api/template-jsons/ 76.5ms sql=147
GET /files/ 563.6ms sql=2060
GET /files/htmlpdf/ 323.6ms sql=966
GET /files/htmlpdf/ 348.2ms sql=985
GET /files/task-management/ 46.3ms sql=59
GET /files/task-management/ 132.1ms sql=57
GET /files/task-management/ 46.7ms sql=59
GET /files/htmlpdf/editor/2319/ 3.3ms sql=6
GET /files/htmlpdf/editor/2319/ 3.2ms sql=6
GET /files/htmlpdf/template/2319/ 3.3ms sql=4
GET /files/htmlpdf/api/template-jsons/ 87.5ms sql=158
GET /files/htmlpdf/template/2301/ 1.9ms sql=4
GET /files/htmlpdf/template/2261/ 2.2ms sql=4
GET /files/htmlpdf/template/2301/ 1.6ms sql=4
GET /files/htmlpdf/template/2261/ 1.8ms sql=4
GET /files/htmlpdf/template/2261/ 1.8ms sql=4
GET /files/htmlpdf/template/2261/ 1.7ms sql=4
GET /files/htmlpdf/template/2261/ 1.8ms sql=4
GET /files/htmlpdf/template/2261/ 1.8ms sql=4
GET /files/htmlpdf/template/2301/ 1.8ms sql=4
GET /files/htmlpdf/template/2261/ 1.8ms sql=4
GET /files/htmlpdf/template/2301/ 1.6ms sql=4
GET /files/htmlpdf/template/2261/ 1.8ms sql=4
GET /files/htmlpdf/template/2261/ 1.8ms sql=4
GET /files/htmlpdf/template/2261/ 1.8ms sql=4
GET /files/htmlpdf/template/2261/ 1.7ms sql=4
GET /files/htmlpdf/template/2261/ 1.7ms sql=4
GET /files/htmlpdf/template/2261/ 1.7ms sql=4
GET /files/htmlpdf/template/2261/ 1.8ms sql=4
GET /files/htmlpdf/template/2261/ 1.7ms sql=4
GET /files/htmlpdf/template/2261/ 1.6ms sql=4
GET /files/htmlpdf/template/2261/ 1.8ms sql=4
GET /files/htmlpdf/template/2261/ 1.8ms sql=4
GET /files/htmlpdf/template/2301/ 1.8ms sql=4
GET /files/htmlpdf/template/2261/ 1.8ms sql=4
GET /files/htmlpdf/template/2319/ 0.3ms sql=0
GET /login/ 0.6ms sql=0
GET /files/htmlpdf/template/2261/ 1.6ms sql=4
GET /files/htmlpdf/template/2301/ 2.6ms sql=4
GET /files/htmlpdf/template/2261/ 1.8ms sql=4
GET /files/htmlpdf/template/2301/ 1.6ms sql=4
GET /files/htmlpdf/template/2261/ 1.6ms sql=4
GET /files/htmlpdf/template/2301/ 1.7ms sql=4
GET /files/htmlpdf/template/2261/ 1.6ms sql=4
GET /files/htmlpdf/template/2301/ 1.8ms sql=4
GET /files/htmlpdf/template/2261/ 1.8ms sql=4
GET /files/htmlpdf/template/2301/ 1.8ms sql=4
GET /files/htmlpdf/template/2261/ 1.8ms sql=4
GET /files/htmlpdf/template/2301/ 1.7ms sql=4
GET /files/htmlpdf/template/2261/ 1.7ms sql=4
GET /files/htmlpdf/template/2301/ 1.8ms sql=4
GET /files/htmlpdf/template/2261/ 1.7ms sql=4
GET /files/htmlpdf/template/2301/ 2.0ms sql=4
GET /files/htmlpdf/template/2261/ 2.0ms sql=4
GET /files/htmlpdf/template/2301/ 1.8ms sql=4
GET /files/htmlpdf/template/2261/ 1.6ms sql=4
GET /files/htmlpdf/template/2301/ 1.7ms sql=4
GET /files/htmlpdf/template/2261/ 1.7ms sql=4
GET /files/htmlpdf/template/2301/ 2.2ms sql=4
GET /files/htmlpdf/template/2261/ 1.7ms sql=4
GET /files/htmlpdf/template/2301/ 1.8ms sql=4
GET /files/task-management/ 47.0ms sql=64
GET /files/task-management/ 166.7ms sql=59
GET /files/task-management/ 49.0ms sql=57
GET /files/htmlpdf/editor/2301/ 3.4ms sql=6
GET /files/htmlpdf/editor/2301/ 3.2ms sql=6
GET /files/htmlpdf/api/template-jsons/ 136.5ms sql=76
GET /files/htmlpdf/template/2301/ 3.0ms sql=4
GET /files/task-management/ 117.7ms sql=57
GET /files/task-management/ 42.2ms sql=55
GET /files/task-management/ 59.8ms sql=57
GET /files/task-management/ 76.1ms sql=59
GET /files/htmlpdf/editor/2322/ 3.2ms sql=6
GET /files/htmlpdf/editor/2322/ 3.0ms sql=6
GET /files/htmlpdf/template/2322/ 15.1ms sql=4
GET /files/htmlpdf/api/template-jsons/ 242.9ms sql=79
GET /files/task-management/ 570.9ms sql=59
GET /files/task-management/ 134.1ms sql=57
GET /files/task-management/ 67.5ms sql=59
GET /files/htmlpdf/editor/2323/ 3.3ms sql=6
GET /files/htmlpdf/editor/2323/ 3.0ms sql=6
GET /files/htmlpdf/template/2323/ 9.1ms sql=4
GET /files/htmlpdf/api/template-jsons/ 219.5ms sql=79
GET /files/htmlpdf/editor/2322/ 0.4ms sql=0
GET /login/ 0.7ms sql=0
GET / 5.3ms sql=7
GET /files/htmlpdf/ 326.4ms sql=966
GET /files/htmlpdf/ 335.2ms sql=985
GET /files/task-management/ 46.8ms sql=59
GET /files/task-management/ 64.6ms sql=59
GET /files/task-management/ 61.5ms sql=57
GET /files/task-management/ 140.9ms sql=64
GET /files/htmlpdf/editor/2324/ 3.2ms sql=6
GET /files/htmlpdf/editor/2324/ 3.0ms sql=6
GET /files/htmlpdf/template/2324/ 12.0ms sql=4
GET /files/htmlpdf/api/template-jsons/ 161.2ms sql=79
GET /files/task-management/ 57.5ms sql=59
GET /files/task-management/ 47.5ms sql=57
GET /files/task-management/ 65.4ms sql=59
GET /files/htmlpdf/editor/2324/ 3.2ms sql=6
GET /files/htmlpdf/editor/2324/ 3.3ms sql=6
GET /files/htmlpdf/template/2324/ 3.1ms sql=4
GET /files/htmlpdf/api/template-jsons/ 227.7ms sql=79
GET /files/task-management/ 64.9ms sql=59
GET /files/task-management/ 44.8ms sql=57
GET /files/htmlpdf/editor/2324/ 3.4ms sql=6
GET /files/htmlpdf/editor/2324/ 3.0ms sql=6
GET /files/htmlpdf/template/2324/ 12.0ms sql=4
GET /files/htmlpdf/api/template-jsons/ 227.7ms sql=76
GET /files/task-management/ 46.8ms sql=62
GET /files/task-management/ 47.5ms sql=59
GET /files/htmlpdf/editor/2324/ 3.4ms sql=6
GET /files/htmlpdf/editor/2324/ 4.2ms sql=6
GET /files/htmlpdf/template/2324/ 4.1ms sql=4
GET /files/htmlpdf/api/template-jsons/ 194.6ms sql=79
GET /files/htmlpdf/editor/2323/ 0.3ms sql=0
GET /login/ 0.7ms sql=0
GET /files/task-management/ 120.7ms sql=59
GET /files/task-management/ 71.1ms sql=64
GET /files/task-management/ 45.4ms sql=59
GET /files/htmlpdf/editor/2319/ 3.1ms sql=6
GET /files/htmlpdf/editor/2319/ 3.0ms sql=6
GET /files/htmlpdf/api/template-jsons/ 84.3ms sql=166
GET /files/htmlpdf/template/2319/ 1.8ms sql=4
GET /files/htmlpdf/template/2324/ 1.9ms sql=4
GET /files/htmlpdf/template/2261/ 1.8ms sql=4
GET /files/htmlpdf/template/2261/ 2.1ms sql=4
GET /files/htmlpdf/template/2324/ 2.7ms sql=4
GET /files/htmlpdf/template/2261/ 1.8ms sql=4
GET /files/htmlpdf/template/2261/ 1.7ms sql=4
GET /files/htmlpdf/template/2324/ 1.8ms sql=4
GET /files/htmlpdf/template/2261/ 1.7ms sql=4
GET /files/htmlpdf/template/2324/ 1.8ms sql=4
GET /files/htmlpdf/template/2324/ 1.6ms sql=4
GET /files/htmlpdf/template/2261/ 1.8ms sql=4
GET /files/htmlpdf/template/2324/ 1.6ms sql=4
GET /files/htmlpdf/template/2261/ 1.7ms sql=4
GET /files/htmlpdf/template/2324/ 2.2ms sql=4
GET /files/task-management/ 400.8ms sql=64
GET /files/task-management/ 68.4ms sql=59
GET /files/htmlpdf/editor/2324/ 3.7ms sql=6
GET /files/htmlpdf/editor/2324/ 3.3ms sql=6
GET /files/htmlpdf/template/2324/ 2.2ms sql=4
GET /files/htmlpdf/api/template-jsons/ 315.4ms sql=111
GET /files/task-management/ 71.2ms sql=59
GET /files/task-management/ 47.3ms sql=59
GET /files/htmlpdf/editor/2319/ 3.3ms sql=6
GET /files/htmlpdf/editor/2319/ 3.1ms sql=6
GET /files/htmlpdf/api/template-jsons/ 89.3ms sql=174
GET /files/htmlpdf/template/2319/ 1.8ms sql=4
GET /files/htmlpdf/template/2324/ 1.7ms sql=4
GET /files/htmlpdf/template/2261/ 1.8ms sql=4
GET /files/htmlpdf/template/2324/ 1.7ms sql=4
GET /files/htmlpdf/template/2261/ 1.6ms sql=4
GET /files/htmlpdf/template/2324/ 1.7ms sql=4
GET /files/htmlpdf/template/2261/ 1.7ms sql=4
GET /files/htmlpdf/template/2261/ 1.8ms sql=4
GET /files/htmlpdf/template/2324/ 1.8ms sql=4
GET /files/htmlpdf/template/2324/ 1.7ms sql=4
GET /files/htmlpdf/template/2261/ 2.3ms sql=4
GET /files/htmlpdf/template/2324/ 2.0ms sql=4
GET /files/htmlpdf/template/2261/ 1.8ms sql=4
GET /files/htmlpdf/template/2261/ 1.8ms sql=4
GET /files/htmlpdf/template/2324/ 1.7ms sql=4
GET /files/htmlpdf/template/2324/ 1.7ms sql=4
GET /files/htmlpdf/template/2261/ 1.8ms sql=4
GET /files/htmlpdf/template/2324/ 2.1ms sql=4
GET /files/htmlpdf/template/2261/ 1.7ms sql=4
GET /files/htmlpdf/template/2324/ 1.8ms sql=4
GET /files/htmlpdf/template/2261/ 1.9ms sql=4
GET /files/htmlpdf/template/2324/ 1.8ms sql=4
GET /files/htmlpdf/template/2261/ 1.8ms sql=4
GET /files/htmlpdf/template/2324/ 1.9ms sql=4
GET /files/htmlpdf/template/2324/ 1.7ms sql=4
GET /files/htmlpdf/template/2261/ 1.6ms sql=4
GET /files/htmlpdf/template/2324/ 2.3ms sql=4
GET /files/htmlpdf/template/2261/ 2.5ms sql=4
GET /files/htmlpdf/template/2261/ 1.8ms sql=4
GET /files/htmlpdf/template/2261/ 1.9ms sql=4
GET /files/htmlpdf/template/2261/ 1.8ms sql=4
GET /files/htmlpdf/template/2261/ 1.8ms sql=4
GET /files/htmlpdf/template/2261/ 1.9ms sql=4
GET /files/htmlpdf/template/2261/ 2.1ms sql=4
GET /files/htmlpdf/template/2261/ 1.8ms sql=4
GET /files/htmlpdf/template/2261/ 1.9ms sql=4
GET /files/htmlpdf/template/2261/ 1.9ms sql=4
GET /files/htmlpdf/template/2261/ 2.5ms sql=4
GET /files/htmlpdf/template/2261/ 1.9ms sql=4
GET /files/htmlpdf/template/2261/ 1.8ms sql=4
GET / 0.3ms sql=0
GET /login/ 0.9ms sql=0
GET /files/htmlpdf/template/2261/ 1.9ms sql=4
GET /files/htmlpdf/template/2261/ 1.9ms sql=4
GET /files/htmlpdf/template/2261/ 3.0ms sql=4
GET /files/htmlpdf/template/2261/ 1.8ms sql=4
GET /files/htmlpdf/template/2261/ 2.1ms sql=4
GET /files/htmlpdf/template/2261/ 2.7ms sql=4
GET /files/htmlpdf/template/2261/ 1.8ms sql=4
GET /files/htmlpdf/template/2261/ 1.8ms sql=4
GET /files/htmlpdf/template/2261/ 2.5ms sql=4
GET /files/htmlpdf/template/2261/ 2.5ms sql=4
GET /files/htmlpdf/template/2261/ 1.8ms sql=4
GET /files/htmlpdf/template/2261/ 1.8ms sql=4
GET /files/htmlpdf/template/2261/ 2.9ms sql=4
GET /files/htmlpdf/template/2324/ 1.8ms sql=4
GET /files/task-management/ 56.4ms sql=64
GET /files/task-management/ 84.1ms sql=59
GET /files/htmlpdf/editor/2324/ 3.6ms sql=6
GET /files/htmlpdf/editor/2324/ 4.1ms sql=6
GET /files/htmlpdf/template/2324/ 14.2ms sql=4
GET /files/htmlpdf/api/template-jsons/ 359.4ms sql=119
GET /files/task-management/ 150.0ms sql=59
GET /files/task-management/ 70.4ms sql=57
GET /files/task-management/ 74.0ms sql=59
GET /files/htmlpdf/editor/2331/ 4.9ms sql=6
GET /files/htmlpdf/editor/2331/ 3.7ms sql=6
GET /files/htmlpdf/template/2331/ 14.1ms sql=4
GET /files/htmlpdf/api/template-jsons/ 350.4ms sql=119
GET /files/task-management/ 70.9ms sql=59
GET /files/task-management/ 56.4ms sql=59
GET /files/htmlpdf/ 361.3ms sql=985
GET /files/task-management/ 54.6ms sql=59
GET /files/htmlpdf/editor/2319/ 3.5ms sql=6
GET /files/htmlpdf/editor/2319/ 3.3ms sql=6
GET /files/htmlpdf/template/2319/ 4.9ms sql=4
GET /files/htmlpdf/api/template-jsons/ 111.1ms sql=182
GET /files/htmlpdf/template/2261/ 1.8ms sql=4
GET /files/htmlpdf/template/2331/ 2.0ms sql=4
GET /files/htmlpdf/template/2261/ 1.8ms sql=4
GET /files/htmlpdf/template/2331/ 2.0ms sql=4
GET /files/htmlpdf/template/2261/ 1.9ms sql=4
GET /files/htmlpdf/template/2331/ 2.0ms sql=4
GET /files/htmlpdf/template/2331/ 1.8ms sql=4
GET / 0.2ms sql=0
GET /login/ 0.7ms sql=0
GET /files/htmlpdf/template/2261/ 3.3ms sql=4
GET /files/htmlpdf/template/2331/ 1.8ms sql=4
GET /files/htmlpdf/template/2261/ 1.8ms sql=4
GET /files/htmlpdf/template/2261/ 1.8ms sql=4
GET /files/htmlpdf/template/2331/ 2.8ms sql=4
GET /files/htmlpdf/template/2261/ 1.8ms sql=4
GET /files/htmlpdf/template/2261/ 2.6ms sql=4
GET /files/htmlpdf/template/2331/ 1.9ms sql=4
GET /files/htmlpdf/template/2261/ 2.0ms sql=4
GET /files/htmlpdf/template/2331/ 1.8ms sql=4
GET /files/htmlpdf/template/2261/ 1.8ms sql=4
GET /files/htmlpdf/template/2331/ 1.7ms sql=4
GET /files/htmlpdf/template/2331/ 1.6ms sql=4
GET /files/htmlpdf/template/2261/ 2.3ms sql=4
GET /files/htmlpdf/template/2331/ 1.7ms sql=4
GET /files/htmlpdf/template/2261/ 1.6ms sql=4
GET /files/htmlpdf/template/2331/ 2.2ms sql=4
GET /files/htmlpdf/template/2331/ 1.7ms sql=4
GET /files/htmlpdf/template/2331/ 1.8ms sql=4
GET /files/htmlpdf/template/2261/ 1.8ms sql=4
GET /files/htmlpdf/template/2331/ 1.7ms sql=4
GET /files/htmlpdf/template/2261/ 1.8ms sql=4
GET /files/htmlpdf/template/2331/ 1.6ms sql=4
GET /files/htmlpdf/template/2261/ 1.7ms sql=4
GET /files/htmlpdf/template/2331/ 1.8ms sql=4
GET /files/htmlpdf/template/2261/ 1.7ms sql=4
GET /files/htmlpdf/template/2331/ 1.8ms sql=4
GET /files/htmlpdf/template/2331/ 2.3ms sql=4
GET /files/htmlpdf/template/2331/ 2.0ms sql=4
GET /files/htmlpdf/template/2261/ 1.8ms sql=4
GET /files/htmlpdf/template/2331/ 1.6ms sql=4
GET /files/htmlpdf/template/2331/ 1.7ms sql=4
GET /files/htmlpdf/template/2331/ 1.8ms sql=4
GET /files/htmlpdf/template/2261/ 1.8ms sql=4
GET /files/htmlpdf/template/2331/ 1.7ms sql=4
GET /files/htmlpdf/template/2261/ 2.4ms sql=4
GET /files/htmlpdf/template/2331/ 1.6ms sql=4
GET /files/htmlpdf/template/2261/ 1.6ms sql=4
GET /files/htmlpdf/template/2261/ 1.7ms sql=4
GET /files/htmlpdf/template/2261/ 1.7ms sql=4
GET /files/htmlpdf/template/2261/ 1.9ms sql=4
GET /files/htmlpdf/template/2261/ 1.8ms sql=4
GET /files/htmlpdf/template/2261/ 1.8ms sql=4
GET /files/htmlpdf/template/2261/ 1.6ms sql=4
GET /files/htmlpdf/template/2261/ 1.7ms sql=4
GET /files/htmlpdf/template/2261/ 2.0ms sql=4
GET /files/htmlpdf/template/2331/ 1.7ms sql=4
GET /files/htmlpdf/template/2261/ 2.0ms sql=4
GET /files/htmlpdf/template/2261/ 1.8ms sql=4
GET /files/htmlpdf/template/2261/ 1.7ms sql=4
GET /files/htmlpdf/template/2261/ 2.8ms sql=4
GET /files/htmlpdf/template/2261/ 1.7ms sql=4
GET /files/htmlpdf/template/2261/ 1.8ms sql=4
GET /files/htmlpdf/template/2261/ 1.7ms sql=4
GET /files/htmlpdf/template/2261/ 1.9ms sql=4
GET /files/htmlpdf/template/2261/ 1.8ms sql=4
GET /files/htmlpdf/template/2261/ 1.7ms sql=4
GET /files/htmlpdf/template/2261/ 1.8ms sql=4
GET /files/htmlpdf/template/2261/ 2.4ms sql=4
GET /files/htmlpdf/template/2261/ 1.9ms sql=4
GET /files/htmlpdf/template/2261/ 1.8ms sql=4
GET /files/task-management/ 450.6ms sql=64
GET /files/task-management/ 40.5ms sql=59
GET /files/htmlpdf/editor/2237/ 3.2ms sql=6
GET /files/htmlpdf/editor/2237/ 3.2ms sql=6
GET /files/htmlpdf/api/template-jsons/ 24.7ms sql=46
GET /files/htmlpdf/template/2237/ 1.8ms sql=4
GET /files/htmlpdf/template/2090/ 1.9ms sql=4
GET /files/task-management/ 44.9ms sql=59
GET /files/task-management/ 139.0ms sql=59
GET /files/htmlpdf/editor/2013/ 3.5ms sql=6
GET /files/htmlpdf/editor/2013/ 3.5ms sql=6
GET /files/htmlpdf/api/template-jsons/ 30.9ms sql=14
GET /files/htmlpdf/template/2013/ 1.8ms sql=4
GET /files/task-management/ 50.5ms sql=59
GET /files/task-management/ 31.8ms sql=43
GET /files/task-management/ 45.9ms sql=59
GET /files/htmlpdf/editor/2282/ 4.2ms sql=7
GET /files/htmlpdf/editor/2282/ 4.1ms sql=7
GET /files/htmlpdf/api/template-jsons/ 10.9ms sql=14
GET /files/htmlpdf/template/2282/ 1.9ms sql=4
GET /files/htmlpdf/template/2284/ 1.8ms sql=4
GET /files/task-management/ 42.8ms sql=59
GET /files/task-management/ 156.9ms sql=63
GET /files/task-management/ 98.2ms sql=61
GET /files/task-management/ 161.3ms sql=68
GET /files/htmlpdf/editor/2333/ 3.8ms sql=7
GET /files/htmlpdf/editor/2333/ 5.2ms sql=7
GET /files/htmlpdf/template/2333/ 8.6ms sql=4
GET /files/htmlpdf/api/template-jsons/ 370.6ms sql=139
GET /files/task-management/ 106.1ms sql=63
GET /files/task-management/ 117.5ms sql=64
GET /files/htmlpdf/editor/2013/ 3.5ms sql=6
GET /files/htmlpdf/editor/2013/ 3.4ms sql=6
GET /files/htmlpdf/api/template-jsons/ 36.0ms sql=14
GET /files/htmlpdf/template/2013/ 1.8ms sql=4
GET /files/task-management/ 56.3ms sql=59
GET /files/task-management/ 32.0ms sql=43
GET /files/task-management/ 43.0ms sql=59
GET /files/htmlpdf/editor/2282/ 3.8ms sql=7
GET /files/htmlpdf/editor/2282/ 3.9ms sql=7
GET /files/htmlpdf/api/template-jsons/ 9.7ms sql=14
GET /files/htmlpdf/template/2282/ 1.9ms sql=4
GET /files/htmlpdf/template/2333/ 3.1ms sql=4
GET /files/task-management/ 31.3ms sql=42
GET /files/task-management/ 29.6ms sql=42
GET /files/task-management/ 35.1ms sql=42
GET /files/task-management/ 33.6ms sql=42
GET /files/task-management/ 98.3ms sql=43
GET /files/task-management/ 34.4ms sql=43
GET /files/task-management/ 37.3ms sql=56
GET /files/task-management/ 38.8ms sql=61
GET /files/task-management/ 44.5ms sql=56
GET /files/htmlpdf/ 339.0ms sql=974
GET /files/htmlpdf/ 347.2ms sql=979
GET /files/htmlpdf/ 340.9ms sql=984
GET /files/htmlpdf/ 357.2ms sql=976
GET /files/task-management/ 49.3ms sql=56
GET /files/task-management/ 44.2ms sql=58
GET /files/task-management/ 164.6ms sql=64
GET /files/2289/download/ 1.8ms sql=4
GET /files/2289/download/ 1.8ms sql=4
GET /files/task-management/ 44.7ms sql=58
GET /files/htmlpdf/template/2324 3.4ms sql=0
GET /files/htmlpdf/template/2324/ 0.3ms sql=0
GET /login/ 1.2ms sql=0
GET /files/htmlpdf/editor/2334/ 3.1ms sql=6
GET /files/htmlpdf/editor/2334/ 3.2ms sql=6
GET /files/htmlpdf/api/template-jsons/ 6.3ms sql=12
GET /files/htmlpdf/template/2334/ 1.8ms sql=4
GET /files/task-management/ 46.8ms sql=58
GET /files/task-management/ 63.7ms sql=60
GET /files/htmlpdf/editor/2334/ 3.4ms sql=6
GET /files/htmlpdf/editor/2334/ 3.4ms sql=6
GET /files/htmlpdf/api/template-jsons/ 42.4ms sql=15
GET /files/htmlpdf/template/2334/ 1.8ms sql=4
GET /files/task-management/ 66.9ms sql=60
GET /files/task-management/ 43.1ms sql=60
GET /files/task-management/ 36.4ms sql=56
GET /files/task-management/ 39.6ms sql=58
GET /files/htmlpdf/editor/2336/ 3.3ms sql=6
GET /files/htmlpdf/editor/2336/ 3.6ms sql=6
GET /files/htmlpdf/api/template-jsons/ 6.1ms sql=11
GET /files/htmlpdf/template/2336/ 1.7ms sql=4
GET /files/task-management/ 40.8ms sql=58
GET /files/task-management/ 101.9ms sql=56
GET /files/task-management/ 43.8ms sql=60
GET /files/htmlpdf/editor/2337/ 3.1ms sql=6
GET /files/htmlpdf/editor/2337/ 3.1ms sql=6
GET /files/htmlpdf/api/template-jsons/ 5.9ms sql=11
GET /files/htmlpdf/template/2337/ 1.8ms sql=4
GET /files/task-management/ 39.7ms sql=60
GET /files/task-management/ 46.3ms sql=58
GET /files/task-management/ 44.9ms sql=65
GET /files/task-management/ 40.8ms sql=58
GET /files/htmlpdf/editor/2339/ 3.1ms sql=6
GET /files/htmlpdf/editor/2339/ 3.4ms sql=6
GET /files/htmlpdf/api/template-jsons/ 6.0ms sql=11
GET /files/htmlpdf/template/2339/ 1.8ms sql=4
GET /files/task-management/ 43.5ms sql=58
GET /files/task-management/ 37.0ms sql=56
GET / 0.4ms sql=0
GET / 0.2ms sql=0
GET /login/ 0.7ms sql=0
GET /files/task-management/ 39.9ms sql=63
GET /files/htmlpdf/editor/2340/ 3.5ms sql=6
GET /files/htmlpdf/editor/2340/ 4.0ms sql=6
GET /files/htmlpdf/api/template-jsons/ 7.6ms sql=11
GET /files/htmlpdf/template/2340/ 1.9ms sql=4
GET /files/task-management/ 116.1ms sql=58
GET /files/task-management/ 102.9ms sql=64
GET /files/task-management/ 40.7ms sql=58
GET /files/htmlpdf/editor/2340/ 3.0ms sql=6
GET /files/htmlpdf/editor/2340/ 3.1ms sql=6
GET /files/htmlpdf/api/template-jsons/ 6.7ms sql=11
GET /files/htmlpdf/template/2340/ 1.7ms sql=4
GET /files/ 611.8ms sql=2220
GET /files/task-management/ 42.4ms sql=60
GET /files/task-management/ 42.0ms sql=58
GET /files/task-management/ 42.9ms sql=60
GET /files/htmlpdf/editor/2342/ 3.3ms sql=6
GET /files/htmlpdf/editor/2342/ 3.6ms sql=6
GET /files/htmlpdf/api/template-jsons/ 10.3ms sql=14
GET /files/htmlpdf/template/2342/ 1.7ms sql=4
GET /files/task-management/ 45.8ms sql=65
GET /files/task-management/ 41.8ms sql=58
GET /files/task-management/ 109.6ms sql=60
GET /files/htmlpdf/editor/2343/ 3.4ms sql=6
GET /files/htmlpdf/editor/2343/ 3.2ms sql=6
GET /files/htmlpdf/api/template-jsons/ 8.5ms sql=14
GET /files/htmlpdf/template/2343/ 1.8ms sql=4
GET /files/htmlpdf/template/2334/ 2.1ms sql=4
GET /files/htmlpdf/template/2334/ 1.7ms sql=4
GET /files/htmlpdf/template/2334/ 1.8ms sql=4
GET /files/htmlpdf/template/2334/ 1.7ms sql=4
GET /files/htmlpdf/template/2334/ 1.7ms sql=4
GET /files/htmlpdf/template/2334/ 1.8ms sql=4
GET /files/htmlpdf/template/2334/ 2.0ms sql=4
GET /files/htmlpdf/template/2334/ 1.7ms sql=4
GET /files/htmlpdf/template/2334/ 1.7ms sql=4
GET /files/htmlpdf/template/2334/ 1.8ms sql=4
GET /files/htmlpdf/template/2334/ 1.8ms sql=4
GET /files/htmlpdf/template/2334/ 1.7ms sql=4
GET /files/htmlpdf/template/2334/ 1.7ms sql=4
GET /files/htmlpdf/template/2334/ 1.7ms sql=4
GET /files/htmlpdf/template/2334/ 1.7ms sql=4
GET /files/htmlpdf/template/2334/ 2.6ms sql=4
GET /files/htmlpdf/template/2340/ 0.3ms sql=0
GET /login/ 0.7ms sql=0
GET /files/htmlpdf/template/2334/ 1.8ms sql=4
GET /files/htmlpdf/template/2334/ 2.0ms sql=4
GET /files/htmlpdf/template/2334/ 1.7ms sql=4
GET /files/htmlpdf/template/2334/ 1.7ms sql=4
GET /files/htmlpdf/template/2334/ 1.8ms sql=4
GET /files/htmlpdf/template/2334/ 2.0ms sql=4
GET /files/htmlpdf/template/2334/ 1.7ms sql=4
GET /files/htmlpdf/template/2334/ 1.7ms sql=4
GET /files/htmlpdf/template/2334/ 1.8ms sql=4
GET /files/htmlpdf/template/2334/ 1.8ms sql=4
GET /files/htmlpdf/template/2334/ 1.7ms sql=4
GET /files/htmlpdf/template/2334/ 1.9ms sql=4
GET /files/htmlpdf/template/2334/ 1.7ms sql=4
GET /files/htmlpdf/template/2334/ 1.6ms sql=4
GET /files/htmlpdf/template/2334/ 1.8ms sql=4
GET /files/htmlpdf/template/2334/ 1.7ms sql=4
GET /files/htmlpdf/template/2334/ 1.8ms sql=4
GET /files/htmlpdf/template/2334/ 1.6ms sql=4
GET /files/task-management/ 45.8ms sql=65
GET /files/task-management/ 72.1ms sql=60
GET /files/htmlpdf/editor/2334/ 3.3ms sql=6
GET /files/htmlpdf/editor/2334/ 3.5ms sql=6
GET /files/htmlpdf/api/template-jsons/ 45.3ms sql=15
GET /files/htmlpdf/template/2334/ 1.8ms sql=4
GET /files/task-management/ 70.0ms sql=60
GET /files/task-management/ 44.9ms sql=60
GET /files/htmlpdf/editor/2343/ 3.8ms sql=6
GET /files/htmlpdf/editor/2343/ 3.5ms sql=6
GET /files/htmlpdf/api/template-jsons/ 14.5ms sql=22
GET /files/htmlpdf/template/2343/ 1.9ms sql=4
GET /files/htmlpdf/template/2334/ 1.8ms sql=4
GET /files/htmlpdf/template/2334/ 2.5ms sql=4
GET /files/htmlpdf/template/2334/ 1.8ms sql=4
GET /files/htmlpdf/template/2334/ 1.8ms sql=4
GET /files/htmlpdf/template/2334/ 1.7ms sql=4
GET /files/htmlpdf/template/2334/ 1.9ms sql=4
GET /files/htmlpdf/template/2334/ 2.4ms sql=4
GET /files/htmlpdf/template/2334/ 2.2ms sql=4
GET /files/htmlpdf/template/2334/ 1.9ms sql=4
GET /files/htmlpdf/template/2334/ 1.8ms sql=4
GET /files/htmlpdf/template/2334/ 2.9ms sql=4
GET /files/htmlpdf/template/2334/ 1.8ms sql=4
GET /files/htmlpdf/template/2334/ 1.8ms sql=4
GET /files/task-management/ 47.5ms sql=65
GET /files/task-management/ 172.0ms sql=64
GET /files/task-management/ 42.9ms sql=59
GET /files/task-management/ 48.4ms sql=56
GET /files/htmlpdf/ 362.8ms sql=1006
GET /files/htmlpdf/ 369.4ms sql=1025
GET /files/htmlpdf/ 353.2ms sql=1008
GET /files/htmlpdf/ 354.5ms sql=1012
GET /files/task-management/ 77.3ms sql=60
GET /files/task-management/ 50.2ms sql=59
GET /files/task-management/ 47.4ms sql=56
GET /files/task-management/ 52.1ms sql=56
GET /files/task-management/ 52.5ms sql=60
GET /files/htmlpdf/editor/2348/ 3.3ms sql=6
GET /files/htmlpdf/editor/2348/ 3.8ms sql=6
GET /files/htmlpdf/api/template-jsons/ 7.9ms sql=12
GET /files/htmlpdf/template/2348/ 2.1ms sql=4
GET /files/task-management/ 154.4ms sql=60
GET /files/task-management/ 49.8ms sql=56
GET /files/task-management/ 49.9ms sql=58
GET /files/task-management/ 66.6ms sql=65
GET /files/htmlpdf/editor/2350/ 3.3ms sql=6
GET /files/htmlpdf/editor/2350/ 3.4ms sql=6
GET /files/htmlpdf/api/template-jsons/ 37.2ms sql=15
GET /files/htmlpdf/template/2350/ 2.1ms sql=4
GET /files/task-management/ 70.8ms sql=60
GET /files/task-management/ 155.4ms sql=60
GET /files/task-management/ 64.6ms sql=62
GET /files/task-management/ 51.2ms sql=60
GET /files/htmlpdf/editor/2282/ 5.0ms sql=7
GET /files/htmlpdf/editor/2282/ 4.4ms sql=7
GET /files/htmlpdf/api/template-jsons/ 10.3ms sql=14
GET /files/htmlpdf/template/2282/ 1.9ms sql=4
GET /files/htmlpdf/template/2350/ 1.9ms sql=4
GET /files/htmlpdf/template/2350/ 2.5ms sql=4
GET /files/htmlpdf/template/2350/ 2.6ms sql=4
GET /files/htmlpdf/template/2350/ 1.9ms sql=4
GET /files/htmlpdf/template/2350/ 2.6ms sql=4
GET /files/htmlpdf/template/2350/ 2.9ms sql=4
GET /files/task-management/ 0.5ms sql=0
GET /files/htmlpdf/template/2350/ 2.0ms sql=4
GET /login/ 0.7ms sql=0
GET /files/htmlpdf/template/2350/ 1.8ms sql=4
GET /files/htmlpdf/template/2350/ 2.3ms sql=4
GET /files/htmlpdf/template/2350/ 1.9ms sql=4
GET /files/htmlpdf/template/2350/ 1.8ms sql=4
GET /files/htmlpdf/template/2350/ 1.8ms sql=4
GET /files/htmlpdf/template/2350/ 2.1ms sql=4
GET /files/htmlpdf/template/2350/ 1.8ms sql=4
GET /files/htmlpdf/template/2333 3.4ms sql=0
GET /files/htmlpdf/template/2333/ 0.3ms sql=0
GET /login/ 0.6ms sql=0
GET /files/ 740.7ms sql=2291
GET /files/htmlpdf/api/auto-red-text-boxes/ 0.3ms sql=0
GET /files/task-management/ 0.3ms sql=0
GET /login/ 0.6ms sql=0
GET /login/ 0.6ms sql=0
GET / 0.2ms sql=0
GET /login/ 0.7ms sql=0
GET / 0.2ms sql=0
GET /login/ 0.8ms sql=0
GET /files/ 292.3ms sql=565
GET /files/2309/preview/ 3.7ms sql=4
GET /files/htmlpdf/template/2350/ 1.7ms sql=4
GET /files/htmlpdf/template/2350/ 1.7ms sql=4
GET /files/task-management/ 46.5ms sql=65
GET /files/task-management/ 60.4ms sql=60
GET /files/task-management/ 150.6ms sql=58
GET /files/task-management/ 41.9ms sql=56
GET /files/task-management/ 62.6ms sql=62
GET /files/task-management/ 60.8ms sql=60
GET /files/task-management/ 57.0ms sql=58
GET /files/task-management/ 34.5ms sql=44
GET /files/task-management/ 44.4ms sql=60
GET /files/task-management/ 114.2ms sql=56
GET /files/task-management/ 33.1ms sql=44
GET /files/task-management/ 43.0ms sql=60
GET /files/task-management/ 104.3ms sql=64
GET /files/htmlpdf/editor/2333/ 4.0ms sql=7
GET /files/htmlpdf/editor/2333/ 4.3ms sql=7
GET /files/htmlpdf/template/2333/ 11.4ms sql=4
GET /files/htmlpdf/api/template-jsons/ 453.2ms sql=139
GET /files/task-management/ 158.9ms sql=64
GET / 0.3ms sql=0
GET /login/ 0.7ms sql=0
GET /files/task-management/ 43.9ms sql=60
GET /files/task-management/ 45.2ms sql=60
GET /files/task-management/ 40.9ms sql=60
GET /files/htmlpdf/editor/2282/ 3.9ms sql=7
GET /files/htmlpdf/editor/2282/ 4.0ms sql=7
GET /files/htmlpdf/api/template-jsons/ 36.1ms sql=30
GET /files/htmlpdf/template/2282/ 1.8ms sql=4
GET /files/task-management/ 121.6ms sql=65
GET /files/task-management/ 119.9ms sql=64
GET /files/htmlpdf/editor/2333/ 4.4ms sql=7
GET /files/htmlpdf/editor/2333/ 3.7ms sql=7
GET /files/htmlpdf/template/2333/ 3.0ms sql=4
GET /files/htmlpdf/api/template-jsons/ 470.1ms sql=139
GET /files/task-management/ 106.5ms sql=64
GET /files/task-management/ 33.6ms sql=45
GET /files/task-management/ 43.2ms sql=60
GET /files/htmlpdf/ 342.4ms sql=1019
GET /files/htmlpdf/editor/2282/ 4.3ms sql=7
GET /files/htmlpdf/editor/2282/ 4.0ms sql=7
GET /files/htmlpdf/api/template-jsons/ 102.8ms sql=30
GET /files/htmlpdf/template/2282/ 1.7ms sql=4
GET /files/task-management/ 43.7ms sql=60
GET /files/task-management/ 111.5ms sql=64
GET /files/htmlpdf/editor/2333/ 3.8ms sql=7
GET /files/htmlpdf/editor/2333/ 3.7ms sql=7
GET /files/htmlpdf/template/2333/ 11.7ms sql=4
GET /files/htmlpdf/api/template-jsons/ 439.3ms sql=139
GET /files/task-management/ 102.9ms sql=69
GET /files/task-management/ 43.6ms sql=60
GET /files/htmlpdf/editor/2343/ 3.0ms sql=6
GET /files/htmlpdf/editor/2343/ 3.3ms sql=6
GET /files/htmlpdf/api/template-jsons/ 21.4ms sql=38
GET /files/htmlpdf/template/2343/ 1.8ms sql=4
GET /files/task-management/ 44.3ms sql=60
GET /files/task-management/ 34.6ms sql=45
GET /files/task-management/ 46.5ms sql=60
GET /files/htmlpdf/editor/2282/ 3.6ms sql=7
GET /files/htmlpdf/editor/2282/ 4.1ms sql=7
GET /files/htmlpdf/api/template-jsons/ 36.4ms sql=30
GET /files/htmlpdf/template/2282/ 1.8ms sql=4
GET /files/task-management/ 42.9ms sql=60
GET /files/task-management/ 44.6ms sql=60
GET /files/htmlpdf/ 362.5ms sql=1015
GET /files/htmlpdf/ 353.6ms sql=1008
GET /files/htmlpdf/ 360.7ms sql=1017
GET /files/htmlpdf/ 348.7ms sql=1019
GET /files/htmlpdf/ 361.4ms sql=1008
GET /files/htmlpdf/editor/2334/ 3.3ms sql=6
GET /files/htmlpdf/editor/2334/ 3.3ms sql=6
GET /files/htmlpdf/api/template-jsons/ 62.7ms sql=23
GET /files/htmlpdf/template/2334/ 1.6ms sql=4
GET /files/task-management/ 66.8ms sql=60
GET /files/task-management/ 34.2ms sql=45
GET /files/task-management/ 42.7ms sql=60
GET /files/task-management/ 107.0ms sql=64
GET /files/task-management/ 114.6ms sql=65
GET /files/task-management/ 80.7ms sql=60
GET /files/task-management/ 45.0ms sql=60
GET /files/htmlpdf/ 341.2ms sql=1015
GET /files/htmlpdf/editor/2343/ 3.3ms sql=6
GET /files/htmlpdf/editor/2343/ 2.9ms sql=6
GET /files/htmlpdf/api/template-jsons/ 23.9ms sql=38
GET /files/htmlpdf/template/2343/ 1.8ms sql=4
GET /files/task-management/ 44.6ms sql=60
GET /files/task-management/ 43.0ms sql=60
GET /files/task-management/ 172.4ms sql=64
GET /files/htmlpdf/editor/2334/ 0.3ms sql=0
GET /files/task-management/ 0.3ms sql=0
GET /login/ 0.6ms sql=0
GET /files/htmlpdf/editor/2333/ 4.1ms sql=7
GET /files/htmlpdf/editor/2333/ 4.0ms sql=7
GET /files/htmlpdf/template/2333/ 11.1ms sql=4
GET /files/htmlpdf/api/template-jsons/ 466.7ms sql=139
GET /files/task-management/ 115.2ms sql=69
GET /files/htmlpdf/editor/2333/ 4.0ms sql=7
GET /files/htmlpdf/editor/2333/ 4.1ms sql=7
GET /files/htmlpdf/template/2333/ 11.2ms sql=4
GET /files/htmlpdf/api/template-jsons/ 507.8ms sql=139
GET /files/task-management/ 79.7ms sql=65
GET /files/task-management/ 35.2ms sql=45
GET /files/task-management/ 45.4ms sql=60
GET /files/htmlpdf/editor/2282/ 5.1ms sql=7
GET /files/htmlpdf/editor/2282/ 4.0ms sql=7
GET /files/htmlpdf/template/2282/ 5.6ms sql=4
GET /files/htmlpdf/api/template-jsons/ 128.9ms sql=30
GET /files/htmlpdf/template/2333/ 1.8ms sql=4
GET /files/htmlpdf/template/2333/ 1.7ms sql=4
GET /files/htmlpdf/template/2333/ 1.8ms sql=4
GET /files/htmlpdf/template/2333/ 1.7ms sql=4
GET /files/htmlpdf/template/2333/ 1.8ms sql=4
GET /files/htmlpdf/template/2333/ 1.8ms sql=4
GET /files/htmlpdf/template/2333/ 1.6ms sql=4
GET /files/htmlpdf/template/2333/ 2.0ms sql=4
GET /files/htmlpdf/template/2333/ 1.7ms sql=4
GET /files/htmlpdf/template/2333/ 1.8ms sql=4
GET /files/htmlpdf/template/2333/ 1.7ms sql=4
GET /files/htmlpdf/template/2333/ 1.9ms sql=4
GET /files/htmlpdf/template/2333/ 1.7ms sql=4
GET /files/htmlpdf/template/2333/ 1.6ms sql=4
GET /files/htmlpdf/template/2333/ 1.9ms sql=4
GET /files/htmlpdf/template/2333/ 1.7ms sql=4
GET /files/htmlpdf/template/2333/ 1.8ms sql=4
GET /files/htmlpdf/template/2333/ 1.6ms sql=4
GET /files/htmlpdf/template/2333/ 1.8ms sql=4
GET /files/htmlpdf/template/2333/ 1.7ms sql=4
GET /files/htmlpdf/template/2333/ 1.7ms sql=4
GET /files/htmlpdf/template/2333/ 1.6ms sql=4
GET /files/htmlpdf/template/2333/ 2.0ms sql=4
GET /files/htmlpdf/template/2333/ 1.8ms sql=4
GET /files/htmlpdf/template/2333/ 1.7ms sql=4
GET /files/htmlpdf/template/2333/ 1.8ms sql=4
GET /files/htmlpdf/template/2333/ 1.8ms sql=4
GET /files/htmlpdf/template/2333/ 1.7ms sql=4
GET /files/htmlpdf/template/2333/ 2.0ms sql=4
GET /files/htmlpdf/template/2333/ 2.1ms sql=4
GET /files/htmlpdf/template/2333/ 1.8ms sql=4
GET /files/htmlpdf/template/2333/ 1.8ms sql=4
GET /files/htmlpdf/template/2333/ 1.8ms sql=4
GET /files/htmlpdf/template/2333/ 1.8ms sql=4
GET /files/htmlpdf/template/2333/ 1.9ms sql=4
GET /files/htmlpdf/template/2333/ 1.9ms sql=4
GET /files/htmlpdf/template/2333/ 1.9ms sql=4
GET /files/htmlpdf/template/2333/ 1.8ms sql=4
GET /files/htmlpdf/template/2333/ 1.9ms sql=4
GET /files/htmlpdf/template/2333/ 1.7ms sql=4
GET /files/htmlpdf/template/2333/ 1.7ms sql=4
GET /files/htmlpdf/template/2333/ 2.6ms sql=4
GET /files/htmlpdf/template/2333/ 2.9ms sql=4
GET /files/htmlpdf/template/2333/ 1.9ms sql=4
GET /files/task-management/ 47.8ms sql=65
GET /files/task-management/ 120.2ms sql=60
GET /files/htmlpdf/editor/2219/ 4.3ms sql=6
GET /files/htmlpdf/editor/2219/ 3.7ms sql=6
GET /files/htmlpdf/api/template-jsons/ 17.9ms sql=30
GET /files/htmlpdf/template/2219/ 1.8ms sql=4
GET /files/task-management/ 45.8ms sql=60
GET /files/task-management/ 0.3ms sql=0
GET /login/ 0.8ms sql=0
GET / 0.2ms sql=0
GET /login/ 0.9ms sql=0
GET / 0.3ms sql=0
GET /login/ 0.6ms sql=0
GET / 0.2ms sql=0
GET / 0.2ms sql=0
GET /login/ 0.7ms sql=0
GET /login/ 0.7ms sql=0
GET /files/task-management/ 0.5ms sql=0
GET /login/ 0.7ms sql=0
GET / 0.5ms sql=0
GET / 0.2ms sql=0
GET /login/ 0.7ms sql=0
GET /files/ 316.7ms sql=595
GET /files/ 25.3ms sql=45
GET /files/2362/preview/ 4.0ms sql=4
GET /files/2362/raw/ 0.9ms sql=2
GET /files/ 19.5ms sql=38
GET /files/ 307.1ms sql=595
GET /files/ 318.9ms sql=595
GET /files/ 316.3ms sql=595
GET /files/ 308.4ms sql=595
GET /files/ 310.2ms sql=595
GET /files/2309/preview/ 3.4ms sql=4
GET / 0.3ms sql=0
GET /login/ 0.6ms sql=0
GET /files/htmlpdf/ 118.2ms sql=225
GET /files/htmlpdf/ 116.9ms sql=225
GET /files/htmlpdf/ 203.0ms sql=226
GET /files/htmlpdf/ 124.2ms sql=230
GET /files/htmlpdf/editor/1558/ 3.2ms sql=5
GET /files/htmlpdf/editor/1558/ 3.0ms sql=5
GET /files/htmlpdf/template/1558/ 10.0ms sql=2
GET /files/htmlpdf/api/template-jsons/ 428.2ms sql=13
GET / 0.2ms sql=0
GET /login/ 0.7ms sql=0
GET /files/ 313.0ms sql=595
GET /files/ 306.9ms sql=595
GET /files/ 307.7ms sql=595
GET /files/ 304.0ms sql=595
GET /files/2361/preview/ 3.6ms sql=4
GET /files/ 303.6ms sql=595
GET /files/ 305.5ms sql=595
GET /files/ 309.9ms sql=595
GET /files/ 385.9ms sql=595
GET /files/ 311.3ms sql=595
GET /files/ 319.9ms sql=595
GET /files/ 305.5ms sql=595
GET /files/ 352.2ms sql=600
GET /files/ 317.0ms sql=600
GET /files/ 324.8ms sql=600
GET /files/ 310.5ms sql=600
GET /files/ 381.3ms sql=600
GET /files/ 337.4ms sql=600
GET /files/2363/preview/ 4.2ms sql=4
GET /files/ 18.8ms sql=38
GET /files/ 24.3ms sql=50
GET /files/ 26.2ms sql=50
GET /files/ 27.2ms sql=50
GET /files/2364/preview/ 3.1ms sql=4
GET /files/2364/raw/ 1.0ms sql=2
GET /files/ 27.9ms sql=55
GET /files/ 29.8ms sql=55
GET /files/2369/preview/ 3.5ms sql=4
GET /files/2369/raw/ 1.2ms sql=2
GET /files/ 19.7ms sql=38
GET /files/ 368.6ms sql=620
GET /files/ 313.5ms sql=620
GET /files/ 324.8ms sql=620
GET /files/ 334.6ms sql=620
GET /files/ 319.2ms sql=620
GET /files/2368/preview/ 42.3ms sql=4
GET / 0.8ms sql=0
GET / 0.2ms sql=0
GET /favicon.ico 9.4ms sql=0
GET / 18.5ms sql=0
GET /login/ 3.7ms sql=0
GET / 0.3ms sql=0
GET /login/ 0.6ms sql=0
GET / 0.2ms sql=0
GET /login/ 0.8ms sql=0
GET /api/Event/Products/Average 4.9ms sql=0
GET /jw 4.0ms sql=0
GET /index/index/info 3.7ms sql=0
GET /index/index/info 4.1ms sql=0
GET / 0.3ms sql=0
GET /index.php/user/login 3.4ms sql=0
GET /favicon.ico 3.1ms sql=0
GET / 0.4ms sql=0
GET /login/ 0.9ms sql=0
GET /index/index/info 3.9ms sql=0
GET /files/htmlpdf/api/template-jsons/ 495.3ms sql=13
GET /files/ 767.2ms sql=127
GET /files/hospital-info/ 6.3ms sql=4
GET /files/hospital-info/ 49.7ms sql=153
GET /files/hospital-info/ 47.1ms sql=150
GET /files/hospital-info/ 44.6ms sql=148
GET /files/ 17.2ms sql=38
GET /files/ 34.9ms sql=65
GET /files/ 32.2ms sql=65
GET /files/ 35.9ms sql=65
GET /files/2380/preview/ 3.9ms sql=4
GET /files/2380/raw/ 1.0ms sql=2
GET /files/hospital-info/ 4.7ms sql=4
GET /files/ 18.5ms sql=38
GET /files/ 342.4ms sql=660
GET /files/ 344.3ms sql=660
GET /files/ 364.0ms sql=660
GET /files/ 339.8ms sql=660
GET /files/ 353.7ms sql=660
GET /files/2379/preview/ 3.3ms sql=4
GET /files/projects/ 12.2ms sql=7
GET /files/projects/ 9.7ms sql=6
GET /files/projects/ 9.5ms sql=6
GET /files/projects/ 35.8ms sql=63
GET /files/projects/ 9.5ms sql=6
GET /files/projects/ 11.2ms sql=6
GET /files/projects/ 9.7ms sql=6
GET /files/projects/ 97.9ms sql=267
GET /files/projects/ 103.9ms sql=267
GET /files/projects/ 112.7ms sql=279
GET /files/projects/ 99.4ms sql=267
GET /files/task-management/ 35.2ms sql=36
GET /files/task-management/ 101.4ms sql=36
GET /files/task-management/ 31.0ms sql=37
GET /files/task-management/ 43.7ms sql=47
GET /files/task-management/ 62.9ms sql=47
GET /files/ 203.3ms sql=127
GET /files/ 389.9ms sql=127
GET /files/2375/preview/ 20.2ms sql=4
GET / 0.2ms sql=0
GET /login/ 0.7ms sql=0
GET /files/projects/ 9.4ms sql=6
GET /files/projects/ 10.1ms sql=6
GET /files/projects/ 9.6ms sql=6
GET /files/projects/ 10.4ms sql=6
GET /files/projects/ 102.7ms sql=267
GET /files/projects/ 100.5ms sql=279
GET /files/projects/ 97.7ms sql=267
GET /files/projects/ 95.4ms sql=263
GET /files/task-management/ 62.0ms sql=37
GET /files/task-management/ 79.3ms sql=36
GET /files/task-management/ 30.5ms sql=37
GET /files/task-management/ 46.6ms sql=47
GET /api/v2/inspections/projects/260001/tasks/10/export-frontend-json 477.0ms sql=93
GET /api/v2/library/files/1558/download/ 1.4ms sql=2
GET /files/htmlpdf/ 122.4ms sql=225
GET /files/htmlpdf/ 107.0ms sql=225
GET /files/htmlpdf/ 116.9ms sql=226
GET /files/htmlpdf/ 116.3ms sql=230
GET /files/htmlpdf/editor/1558/ 3.5ms sql=5
GET /files/htmlpdf/editor/1558/ 4.2ms sql=5
GET /files/htmlpdf/template/1558/ 8.7ms sql=2
GET /files/htmlpdf/api/template-jsons/ 472.4ms sql=13
GET /files/htmlpdf/api/template-jsons/ 443.0ms sql=13
GET /files/ 675.6ms sql=127
GET /files/ 197.5ms sql=127
GET /files/ 290.3ms sql=127
GET /files/2381/download/ 0.9ms sql=2
GET /files/2381/download/ 0.9ms sql=2
GET /files/htmlpdf/ 179.8ms sql=225
GET /files/htmlpdf/ 115.8ms sql=225
GET /files/htmlpdf/ 109.0ms sql=226
GET /files/htmlpdf/ 118.3ms sql=230
GET /files/htmlpdf/editor/1740/ 3.2ms sql=5
GET /files/htmlpdf/editor/1740/ 3.9ms sql=5
GET /files/htmlpdf/api/template-jsons/ 17.2ms sql=12
GET /files/htmlpdf/template/1740/ 1.5ms sql=2
GET /files/task-management/ 47.4ms sql=47
GET /files/htmlpdf/ 120.6ms sql=225
GET /files/htmlpdf/ 112.2ms sql=225
GET /files/htmlpdf/ 123.9ms sql=226
GET /files/htmlpdf/ 119.9ms sql=230
GET /files/htmlpdf/editor/1558/ 3.5ms sql=5
GET /files/htmlpdf/editor/1558/ 3.6ms sql=5
GET /files/htmlpdf/template/1558/ 6.4ms sql=2
GET /files/htmlpdf/api/template-jsons/ 470.7ms sql=13
GET /files/task-management/ 62.8ms sql=47
GET /files/ 16.5ms sql=38
GET /files/ 345.2ms sql=665
GET /files/ 399.3ms sql=665
GET /files/ 366.5ms sql=665
GET /files/ 333.6ms sql=665
GET /files/ 339.8ms sql=665
GET /files/2382/preview/ 4.0ms sql=4
GET /files/ 37.9ms sql=70
GET /files/ 34.9ms sql=70
GET /files/ 37.4ms sql=70
GET /files/2383/preview/ 4.2ms sql=4
GET /files/2383/raw/ 1.4ms sql=2
GET /files/ 424.0ms sql=665
GET /files/ 342.4ms sql=665
GET /files/ 353.9ms sql=665
GET /files/ 387.4ms sql=665
GET /files/ 41.2ms sql=75
GET /files/ 38.7ms sql=75
GET /files/ 40.1ms sql=75
GET /files/2384/preview/ 3.7ms sql=4
GET /files/2384/raw/ 1.0ms sql=2
GET /files/ 422.4ms sql=665
GET /files/ 335.9ms sql=665
GET /files/ 356.4ms sql=665
GET /files/ 330.4ms sql=665
GET /files/ 335.4ms sql=665
GET /files/2382/preview/ 4.4ms sql=4
GET /files/projects/ 41.3ms sql=7
GET /files/projects/ 9.9ms sql=6
GET /files/projects/ 10.1ms sql=6
GET /files/projects/ 9.5ms sql=6
GET /files/projects/ 9.9ms sql=6
GET /files/projects/ 9.0ms sql=6
GET /files/projects/ 147.5ms sql=266
GET /files/projects/ 97.9ms sql=266
GET /files/projects/ 109.5ms sql=266
GET /files/projects/ 102.0ms sql=266
GET /files/projects/ 112.9ms sql=278
GET /files/projects/ 141.0ms sql=281
GET /api/v2/library/files/2333/download 7.0ms sql=0
GET /api/v2/library/files/2333/download/ 26.9ms sql=0
GET /files/projects/ 174.2ms sql=287
GET /login/ 3.0ms sql=0
GET / 27.6ms sql=8
GET /files/projects/ 18.1ms sql=7
GET /files/projects/ 11.1ms sql=6
GET /files/projects/ 9.2ms sql=6
GET /files/projects/ 55.7ms sql=6
GET /files/projects/ 108.9ms sql=274
GET /files/projects/ 125.5ms sql=286
GET /files/projects/ 112.8ms sql=288
GET /files/ 29.3ms sql=38
GET /files/ 385.5ms sql=670
GET /files/ 342.8ms sql=670
GET /files/ 435.1ms sql=670
GET /files/ 358.8ms sql=670
GET /files/ 368.8ms sql=670
GET /files/2385/preview/ 5.3ms sql=4
GET /files/ 21.9ms sql=38
GET /files/ 44.2ms sql=80
GET /files/ 44.1ms sql=80
GET /files/ 41.1ms sql=80
GET /files/2386/preview/ 4.0ms sql=4
GET /files/2386/raw/ 1.2ms sql=2
GET /files/projects/ 39.9ms sql=7
GET /files/projects/ 12.5ms sql=6
GET /files/projects/ 9.6ms sql=6
GET /files/projects/ 11.9ms sql=6
GET /files/projects/ 9.7ms sql=6
GET /files/projects/ 153.9ms sql=276
GET /files/projects/ 114.4ms sql=288
GET /files/projects/ 113.3ms sql=290
GET /files/ 25.8ms sql=38
GET /files/ 352.3ms sql=675
GET /files/ 336.1ms sql=675
GET /files/ 347.7ms sql=675
GET /files/ 373.4ms sql=675
GET /files/ 399.4ms sql=675
GET /files/ 46.4ms sql=85
GET /files/2388/preview/ 4.2ms sql=4
GET /files/2388/raw/ 1.0ms sql=2
GET /files/projects/ 39.9ms sql=7
GET /files/projects/ 9.9ms sql=6
GET /files/projects/ 8.8ms sql=6
GET /files/projects/ 10.7ms sql=6
GET /files/projects/ 163.5ms sql=278
GET /files/projects/ 114.9ms sql=290
GET /files/projects/ 107.5ms sql=292
GET /files/ 27.4ms sql=38
GET /files/ 47.1ms sql=90
GET /files/ 93.0ms sql=90
GET /files/ 51.0ms sql=90
GET /files/2390/preview/ 4.3ms sql=4
GET /files/2390/raw/ 1.0ms sql=2
GET / 1.0ms sql=0
GET /login/ 0.9ms sql=0
GET /files/ 47.8ms sql=38
GET /files/ 51.0ms sql=90
GET /files/ 110.9ms sql=90
GET /files/ 47.9ms sql=90
GET /files/2390/preview/ 4.6ms sql=4
GET /files/2390/raw/ 1.0ms sql=2
GET /files/projects/ 37.3ms sql=7
GET /files/projects/ 22.1ms sql=6
GET /files/projects/ 9.5ms sql=6
GET /files/projects/ 9.4ms sql=6
GET /files/projects/ 109.6ms sql=280
GET /files/projects/ 174.2ms sql=292
GET /files/projects/ 110.8ms sql=294
GET /files/ 18.3ms sql=38
GET /files/ 50.5ms sql=95
GET /files/ 50.4ms sql=95
GET /files/ 53.2ms sql=95
GET /files/2392/preview/ 4.4ms sql=4
GET /files/2392/raw/ 1.0ms sql=2
GET /files/projects/ 40.9ms sql=7
GET /files/projects/ 11.2ms sql=6
GET /files/projects/ 9.0ms sql=6
GET /files/projects/ 9.3ms sql=6
GET /files/projects/ 180.7ms sql=282
GET /files/projects/ 118.2ms sql=294
GET /files/projects/ 156.6ms sql=296
GET /files/hospital-info/ 5.7ms sql=4
GET /files/hospital-info/ 52.0ms sql=153
GET /files/hospital-info/ 67.7ms sql=186
GET /files/hospital-info/api/equipment/ 3.3ms sql=5
GET /files/hospital-info/api/equipment/ 2.9ms sql=5
GET /files/hospital-info/api/equipment/ 3.0ms sql=5
GET /files/hospital-info/api/equipment/ 4.1ms sql=6
GET /files/hospital-info/ 53.6ms sql=167
GET /files/hospital-info/ 66.9ms sql=200
GET /files/hospital-info/ 46.2ms sql=148
GET /files/hospital-info/ 63.0ms sql=179
GET /files/hospital-info/ 43.9ms sql=136
GET /files/hospital-info/ 58.4ms sql=167
GET /files/hospital-info/api/equipment/ 4.3ms sql=8
GET /files/hospital-info/ 44.9ms sql=142
GET /files/task-management/ 42.6ms sql=36
GET /files/task-management/ 29.2ms sql=36
GET /files/task-management/ 33.9ms sql=37
GET /files/task-management/ 37.7ms sql=47
GET /files/task-management/ 43.0ms sql=48
GET /files/2082/preview/ 3.5ms sql=4
GET /files/2082/raw/ 1.0ms sql=2
GET /files/projects/ 11.3ms sql=6
GET /files/projects/ 10.1ms sql=6
GET /files/projects/ 9.0ms sql=6
GET /files/projects/ 9.5ms sql=6
GET /files/projects/ 102.4ms sql=264
GET /files/projects/ 109.3ms sql=278
GET /files/projects/ 253.5ms sql=466
GET /files/hospital-info/ 5.3ms sql=4
GET /files/hospital-info/ 59.0ms sql=203
GET /files/hospital-info/ 60.1ms sql=200
GET /files/hospital-info/ 56.7ms sql=198
GET /files/projects/ 9.0ms sql=6
GET /files/projects/ 10.5ms sql=6
GET /files/projects/ 9.7ms sql=6
GET /files/projects/ 8.9ms sql=6
GET /files/projects/ 167.0ms sql=466
GET /files/projects/ 204.2ms sql=466
GET /files/projects/ 188.0ms sql=466
GET /files/projects/ 172.2ms sql=466
GET /files/projects/ 176.8ms sql=466
GET /files/projects/ 177.0ms sql=466
GET /files/projects/ 167.7ms sql=466
GET /files/projects/ 166.5ms sql=466
GET /files/projects/ 238.4ms sql=466
GET /files/projects/ 179.5ms sql=467
GET /files/projects/ 178.5ms sql=468
GET /files/projects/ 179.8ms sql=469
GET /files/projects/ 180.9ms sql=470
GET /files/projects/ 235.6ms sql=471
GET /files/task-management/ 31.5ms sql=36
GET /files/task-management/ 32.9ms sql=36
GET /files/task-management/ 32.4ms sql=36
GET /files/hospital-info/ 4.7ms sql=4
GET /files/hospital-info/ 58.6ms sql=203
GET /files/hospital-info/ 59.5ms sql=200
GET /files/hospital-info/ 60.7ms sql=198
GET /files/hospital-info/ 66.7ms sql=198
GET /files/hospital-info/api/equipment/history/ 3.1ms sql=4
GET /files/hospital-info/api/equipment/history/ 4.5ms sql=4
GET /files/hospital-info/api/equipment/history/ 3.3ms sql=4
GET /files/htmlpdf/ 137.7ms sql=225
GET /files/ 26.4ms sql=38
GET /files/task-management/ 36.1ms sql=36
GET /files/hospital-info/ 5.5ms sql=4
GET / 0.8ms sql=0
GET /login/ 1.2ms sql=0
GET / 0.2ms sql=0
GET /login/ 0.6ms sql=0
GET / 0.2ms sql=0
GET / 0.2ms sql=0
GET / 0.2ms sql=0
GET /login/ 0.7ms sql=0
GET / 0.3ms sql=0
GET /login/ 0.7ms sql=0
GET / 0.2ms sql=0
GET /login/ 0.7ms sql=0
GET / 0.2ms sql=0
GET /login/ 0.9ms sql=0
GET / 0.2ms sql=0
GET / 0.4ms sql=0
GET / 0.2ms sql=0
GET / 0.2ms sql=0
GET /files/ 18.3ms sql=38
GET /files/ 371.5ms sql=685
GET /files/ 453.2ms sql=685
GET /files/ 356.7ms sql=685
GET /files/ 350.1ms sql=685
GET /files/ 347.5ms sql=685
GET /files/2393/preview/ 5.8ms sql=4
GET /files/ 20.5ms sql=38
GET /files/ 18.8ms sql=38
GET /files/ 343.5ms sql=685
GET /files/ 338.4ms sql=685
GET /files/ 351.8ms sql=685
GET /files/ 453.8ms sql=685
GET /files/2385/preview/ 4.0ms sql=4
GET /files/2385/download/ 0.9ms sql=2
GET /files/2385/download/ 1.0ms sql=2
GET /files/ 18.1ms sql=38
GET /files/ 350.9ms sql=685
GET /files/ 364.7ms sql=685
GET /files/ 349.5ms sql=685
GET /files/ 354.8ms sql=685
GET /files/ 367.4ms sql=685
GET /files/2393/download/ 0.9ms sql=2
GET /files/2393/download/ 1.0ms sql=2
GET /files/ 55.1ms sql=95
GET /files/2394/preview/ 4.1ms sql=4
GET /files/2394/raw/ 1.5ms sql=2
GET /files/2394/download/ 0.9ms sql=2
GET /files/2394/download/ 0.9ms sql=2
GET / 0.2ms sql=0
GET /login/ 0.7ms sql=0
GET /favicon.ico 3.0ms sql=0
GET / 0.4ms sql=0
GET / 0.2ms sql=0
GET /login/ 0.6ms sql=0
GET /files/htmlpdf/ 128.3ms sql=226
GET /files/projects/ 17.0ms sql=6
GET /files/projects/ 9.5ms sql=6
GET /files/projects/ 10.6ms sql=6
GET /files/projects/ 10.0ms sql=6
GET /files/projects/ 178.6ms sql=471
GET /files/projects/ 10.2ms sql=6
GET /files/projects/ 36.2ms sql=63
GET /files/projects/ 11.5ms sql=6
GET /files/projects/ 9.6ms sql=6
GET /files/projects/ 11.3ms sql=6
GET /files/projects/ 234.8ms sql=471
GET /files/projects/ 184.7ms sql=471
GET /files/projects/ 238.4ms sql=473
GET /files/ 23.8ms sql=38
GET /files/ 56.8ms sql=100
GET /files/ 55.8ms sql=100
GET /files/ 62.8ms sql=100
GET /files/2396/preview/ 3.5ms sql=4
GET /files/2396/raw/ 1.0ms sql=2
GET /files/ 59.4ms sql=100
GET /files/task-management/ 35.4ms sql=36
GET /files/task-management/ 32.2ms sql=36
GET /files/task-management/ 34.9ms sql=37
GET /files/task-management/ 44.5ms sql=47
GET /files/ 18.6ms sql=38
GET /files/ 53.9ms sql=100
GET /files/ 55.8ms sql=100
GET /files/ 366.0ms sql=690
GET /files/projects/ 11.8ms sql=6
GET /files/projects/ 40.8ms sql=7
GET /files/projects/ 10.2ms sql=6
GET /files/projects/ 42.0ms sql=7
GET /files/projects/ 255.2ms sql=473
GET /files/projects/ 276.5ms sql=474
GET /files/ 49.3ms sql=38
GET /files/ 373.9ms sql=562
GET /files/ 339.8ms sql=562
GET /files/ 299.8ms sql=562
GET /files/ 327.7ms sql=562
GET /files/ 309.8ms sql=562
GET /files/ 329.5ms sql=562
GET /files/ 346.0ms sql=562
GET /files/ 398.8ms sql=562
GET /files/ 306.1ms sql=562
GET /files/ 325.2ms sql=562
GET /files/ 297.1ms sql=562
GET /files/ 330.5ms sql=562
GET /files/2395/preview/ 5.2ms sql=4
GET /files/ 310.4ms sql=562
GET /files/ 343.6ms sql=562
GET /files/ 378.7ms sql=562
GET /files/ 297.7ms sql=562
GET /files/ 305.7ms sql=562
GET /files/ 308.8ms sql=562
GET /files/2395/preview/ 3.9ms sql=4
GET /files/task-management/ 36.4ms sql=37
GET /files/ 18.4ms sql=38
GET /files/ 55.1ms sql=100
GET /files/ 55.3ms sql=100
GET /files/ 59.6ms sql=100
GET /files/2396/preview/ 4.4ms sql=4
GET /files/2396/raw/ 0.9ms sql=2
GET /files/task-management/ 32.6ms sql=36
GET /files/task-management/ 32.5ms sql=36
GET /files/task-management/ 31.7ms sql=37
GET /files/task-management/ 112.4ms sql=47
GET /files/task-management/ 69.4ms sql=48
GET /files/htmlpdf/editor/1558/ 3.5ms sql=5
GET /files/htmlpdf/editor/1558/ 3.6ms sql=5
GET /files/htmlpdf/template/1558/ 11.7ms sql=2
GET /files/htmlpdf/api/template-jsons/ 462.7ms sql=13
GET /files/ 19.5ms sql=38
GET /files/ 112.6ms sql=110
GET /files/ 63.9ms sql=110
GET /files/ 70.4ms sql=110
GET /files/ 67.6ms sql=110
GET /files/ 64.3ms sql=110
GET /files/ 66.2ms sql=110
GET /files/2400/preview/ 4.0ms sql=4
GET /files/2400/raw/ 1.1ms sql=2
GET /files/projects/ 39.6ms sql=7
GET /files/projects/ 10.0ms sql=6
GET /files/projects/ 10.2ms sql=6
GET /files/projects/ 9.6ms sql=6
GET /files/projects/ 242.5ms sql=477
GET /files/projects/ 189.2ms sql=477
GET /files/ 73.9ms sql=37
GET /files/projects/ 414.2ms sql=480
GET /files/ 49.2ms sql=37
GET /files/ 34.0ms sql=38
GET /files/ 59.8ms sql=102
GET /files/ 59.1ms sql=102
GET /files/ 61.1ms sql=102
GET /files/ 59.4ms sql=102
GET /files/ 64.4ms sql=102
GET /files/1921/preview/ 5.9ms sql=4
GET /files/1921/raw/ 0.9ms sql=2
GET /files/ 58.6ms sql=102
GET /files/ 60.6ms sql=102
GET /files/ 61.6ms sql=102
GET /files/ 65.2ms sql=102
GET /files/ 59.9ms sql=102
GET /files/ 60.2ms sql=102
GET /files/ 59.4ms sql=102
GET /files/ 72.7ms sql=102
GET /files/ 61.1ms sql=102
GET /files/ 69.4ms sql=102
GET /files/2402/preview/ 3.0ms sql=4
GET /files/2402/raw/ 1.3ms sql=2
GET /files/ 74.9ms sql=38
GET /files/ 902.7ms sql=102
GET /files/ 61.1ms sql=106
GET /files/ 66.3ms sql=106
GET /files/ 69.1ms sql=106
GET /files/2404/preview/ 3.5ms sql=4
GET /files/2404/raw/ 0.8ms sql=2
GET /files/ 65.4ms sql=106
GET /files/hospital-info/ 6.7ms sql=4
GET /files/commission-manage/ 30.5ms sql=37
GET /files/hospital-info/ 5.7ms sql=4
GET /files/hospital-info/ 65.2ms sql=203
GET /files/hospital-info/ 62.5ms sql=200
GET /files/hospital-info/ 60.1ms sql=198
GET /files/hospital-info/api/equipment/history/ 3.1ms sql=4
GET /files/hospital-info/api/equipment/history/ 3.7ms sql=4
GET /files/hospital-info/api/equipment/history/ 3.0ms sql=4
GET /files/hospital-info/api/equipment/history/ 3.4ms sql=4
GET /files/hospital-info/api/equipment/history/ 3.0ms sql=4
GET /files/hospital-info/api/equipment/history/ 3.2ms sql=4
GET /files/ 20.0ms sql=38
GET /files/ 63.1ms sql=106
GET /files/ 61.7ms sql=106
GET /files/ 70.1ms sql=106
GET /files/ 81.2ms sql=106
GET /files/ 62.6ms sql=106
GET /files/ 72.0ms sql=106
GET /files/ 62.9ms sql=106
GET /files/ 66.7ms sql=106
GET /files/ 64.7ms sql=106
GET /files/ 25.6ms sql=40
GET /files/ 20.4ms sql=40
GET /files/ 20.3ms sql=40
GET /files/2405/preview/ 3.5ms sql=4
GET /files/2405/raw/ 1.0ms sql=2
GET /files/ 50.3ms sql=40
GET /files/ 21.2ms sql=40
GET /files/task-management/ 36.0ms sql=37
GET /files/task-management/ 36.3ms sql=36
GET /files/task-management/ 32.0ms sql=37
GET /files/task-management/ 42.1ms sql=47
GET /files/htmlpdf/editor/1740/ 3.4ms sql=5
GET /files/htmlpdf/editor/1740/ 3.4ms sql=5
GET /files/htmlpdf/api/template-jsons/ 15.6ms sql=12
GET /files/htmlpdf/template/1740/ 2.8ms sql=2
GET /files/ 131.2ms sql=106
GET /files/ 91.1ms sql=106
GET /files/ 66.5ms sql=106
GET /files/ 123.5ms sql=106
GET /files/ 97.9ms sql=105
GET /files/ 94.5ms sql=105
GET /files/ 77.4ms sql=106
GET /files/ 65.3ms sql=106
GET /files/ 66.4ms sql=106
GET /files/2402/preview/ 4.1ms sql=4
GET /files/2402/raw/ 1.0ms sql=2
GET / 1.0ms sql=0
GET /login/ 0.8ms sql=0
GET /login/ 0.5ms sql=0
GET / 6.4ms sql=9
GET /files/task-management/ 40.5ms sql=44
GET /files/task-management/ 34.6ms sql=43
GET /files/task-management/ 32.5ms sql=44
GET /files/task-management/ 41.2ms sql=60
GET /files/task-management/ 62.4ms sql=61
GET /files/htmlpdf/editor/1558/ 4.1ms sql=7
GET /files/htmlpdf/editor/1558/ 4.4ms sql=7
GET /files/htmlpdf/template/1558/ 6.3ms sql=4
GET /files/htmlpdf/api/template-jsons/ 656.0ms sql=690
GET /files/ 76.3ms sql=38
GET /files/ 303.7ms sql=106
GET /files/ 339.2ms sql=106
GET /files/ 971.1ms sql=106
GET /files/ 87.7ms sql=110
GET /files/2407/preview/ 4.4ms sql=4
GET /files/2407/raw/ 0.8ms sql=2
GET /files/task-management/ 39.3ms sql=37
GET /files/task-management/ 90.3ms sql=36
GET /files/task-management/ 33.6ms sql=37
GET /files/task-management/ 43.8ms sql=47
GET /files/task-management/ 50.0ms sql=48
GET /files/htmlpdf/editor/2223/ 3.4ms sql=5
GET /files/htmlpdf/editor/2223/ 3.5ms sql=5
GET /files/htmlpdf/api/template-jsons/ 27.0ms sql=13
GET /files/htmlpdf/template/2223/ 2.7ms sql=2
GET /files/ 417.6ms sql=262
GET /files/ 410.0ms sql=262
GET /files/htmlpdf/editor/2223/ 3.8ms sql=5
GET /files/htmlpdf/api/template-jsons/ 81.5ms sql=13
GET /files/htmlpdf/template/2223/ 0.8ms sql=2
GET /files/ 410.6ms sql=262
GET /files/ 66.7ms sql=114
GET /files/ 63.8ms sql=114
GET /files/ 68.9ms sql=114
GET /files/ 70.6ms sql=114
GET /files/2415/preview/ 10.0ms sql=4
GET /files/2415/raw/ 5.3ms sql=2
GET /files/ 64.0ms sql=114
GET /files/ 63.9ms sql=114
GET /files/ 66.5ms sql=114
GET /files/ 77.7ms sql=114
GET /files/ 22.3ms sql=39
GET /files/ 20.0ms sql=39
GET /files/ 21.3ms sql=39
GET /files/2416/preview/ 3.0ms sql=4
GET /files/2416/raw/ 1.9ms sql=2
GET /files/1558/preview/ 8.4ms sql=7
GET /files/1558/raw/ 1.9ms sql=4
GET /files/htmlpdf/ 335.8ms sql=987
GET /files/htmlpdf/ 332.3ms sql=986
GET /files/htmlpdf/ 414.3ms sql=987
GET /files/htmlpdf/ 345.0ms sql=999
GET /files/htmlpdf/editor/1558/ 5.8ms sql=7
GET /files/htmlpdf/editor/1558/ 3.9ms sql=7
GET /files/htmlpdf/template/1558/ 5.5ms sql=4
GET /files/htmlpdf/api/template-jsons/ 585.6ms sql=705
GET /files/ 28.7ms sql=38
GET /files/task-management/ 36.0ms sql=36
GET /files/task-management/ 86.8ms sql=36
GET /files/task-management/ 32.3ms sql=37
GET /files/task-management/ 44.6ms sql=47
GET /files/task-management/ 70.6ms sql=48
GET /files/htmlpdf/editor/1765/ 3.4ms sql=5
GET /files/htmlpdf/editor/1765/ 3.5ms sql=5
GET /files/htmlpdf/template/1765/ 5.9ms sql=2
GET /files/htmlpdf/api/template-jsons/ 1106.3ms sql=13
GET /files/htmlpdf/ 0.8ms sql=0
GET /login/ 1.0ms sql=0
GET /files/htmlpdf/template/1558/ 0.3ms sql=0
GET /files/htmlpdf/api/use-template-pdf/ 0.3ms sql=0
GET /api/v2/library/files/1927/download 6.9ms sql=0
GET /api/v2/library/files/1927/download/ 5.1ms sql=0
GET /files/ 69.2ms sql=114
GET /files/ 68.0ms sql=114
GET /files/ 74.8ms sql=114
GET /files/ 24.7ms sql=42
GET /files/ 23.1ms sql=42
GET /files/ 23.5ms sql=42
GET /files/2419/preview/ 3.0ms sql=4
GET /files/2419/raw/ 1.2ms sql=2
GET /files/ 24.5ms sql=42
GET /files/ 26.8ms sql=42
GET /files/ 26.0ms sql=42
GET /files/ 25.4ms sql=42
GET /files/ 23.6ms sql=42
GET /files/ 26.1ms sql=42
GET /files/ 24.8ms sql=42
GET /files/2426/preview/ 3.8ms sql=4
GET /files/2426/raw/ 1.0ms sql=2
GET /files/htmlpdf/template/1558 7.0ms sql=0
GET /files/htmlpdf/template/1558/ 18.0ms sql=0
GET /login/ 2.9ms sql=0
GET /files/ 131.0ms sql=114
GET /files/ 71.7ms sql=114
GET /files/ 67.9ms sql=114
GET /files/ 68.3ms sql=114
GET /files/ 63.7ms sql=114
GET /files/ 66.1ms sql=114
GET /files/ 66.9ms sql=114
GET /files/ 72.8ms sql=114
GET /files/ 26.2ms sql=45
GET /files/ 28.6ms sql=45
GET /files/ 29.3ms sql=45
GET /files/2427/preview/ 3.7ms sql=4
GET /files/2427/raw/ 1.0ms sql=2
GET / 1.0ms sql=0
GET /login/ 3.8ms sql=0
GET / 0.3ms sql=0
GET /login/ 0.5ms sql=0
GET / 0.2ms sql=0
GET /favicon.ico 4.5ms sql=0
GET / 0.4ms sql=0
GET /login/ 0.6ms sql=0
GET / 6.7ms sql=9
GET /files/task-management/ 42.6ms sql=44
GET /files/htmlpdf/ 333.8ms sql=986
GET /files/htmlpdf/ 337.4ms sql=992
GET /files/htmlpdf/editor/1769/ 5.4ms sql=7
GET /files/htmlpdf/editor/1769/ 4.8ms sql=7
GET /files/htmlpdf/template/1769/ 8.6ms sql=4
GET /files/htmlpdf/api/template-jsons/ 153.3ms sql=113
GET /files/htmlpdf/ 333.5ms sql=992
GET /files/htmlpdf/editor/1850/ 3.8ms sql=7
GET /files/htmlpdf/editor/1850/ 4.2ms sql=7
GET /files/htmlpdf/editor/1850/ 4.0ms sql=7
GET /files/htmlpdf/template/1850/ 1.8ms sql=4
GET /files/htmlpdf/api/template-jsons/ 172.4ms sql=57
GET /files/htmlpdf/editor/1850/ 5.3ms sql=7
GET /files/htmlpdf/template/1850/ 3.3ms sql=4
GET /files/htmlpdf/api/template-jsons/ 202.3ms sql=57
GET /files/task-management/ 148.9ms sql=60
GET /files/task-management/ 62.8ms sql=60
GET /files/task-management/ 32.6ms sql=43
GET /files/task-management/ 63.5ms sql=60
GET /files/htmlpdf/ 331.0ms sql=992
GET /files/htmlpdf/editor/2013/ 4.2ms sql=7
GET /files/htmlpdf/editor/2013/ 4.2ms sql=7
GET /files/htmlpdf/template/2013/ 3.2ms sql=4
GET /files/htmlpdf/api/template-jsons/ 253.5ms sql=127
GET /files/htmlpdf/ 357.1ms sql=994
GET /files/htmlpdf/ 337.0ms sql=992
GET /files/htmlpdf/editor/1990/ 3.8ms sql=7
GET /files/htmlpdf/editor/1990/ 4.0ms sql=7
GET /files/htmlpdf/api/template-jsons/ 50.2ms sql=57
GET /files/htmlpdf/template/1990/ 1.6ms sql=4
GET /files/task-management/ 54.4ms sql=60
GET /files/task-management/ 35.3ms sql=43
GET /files/task-management/ 35.7ms sql=44
GET /files/task-management/ 55.9ms sql=60
GET /files/task-management/ 133.7ms sql=60
GET /files/htmlpdf/ 337.1ms sql=992
GET /files/htmlpdf/editor/1769/ 4.3ms sql=7
GET /files/htmlpdf/editor/1769/ 4.7ms sql=7
GET /files/htmlpdf/template/1769/ 3.0ms sql=4
GET /files/htmlpdf/api/template-jsons/ 101.7ms sql=113
GET /files/htmlpdf/ 321.1ms sql=986
GET /files/htmlpdf/ 338.3ms sql=992
GET /files/htmlpdf/editor/2013/ 4.6ms sql=7
GET /files/htmlpdf/editor/2013/ 5.0ms sql=7
GET /files/htmlpdf/template/2013/ 9.3ms sql=4
GET /files/htmlpdf/api/template-jsons/ 240.4ms sql=127
GET /files/htmlpdf/ 324.7ms sql=992
GET /files/htmlpdf/ 327.0ms sql=992
GET /files/htmlpdf/editor/1850/ 4.0ms sql=7
GET /files/htmlpdf/editor/1850/ 4.7ms sql=7
GET /files/htmlpdf/template/1850/ 1.7ms sql=4
GET /files/htmlpdf/api/template-jsons/ 86.3ms sql=57
GET /files/task-management/ 59.7ms sql=60
GET /files/task-management/ 66.7ms sql=60
GET /files/htmlpdf/ 329.7ms sql=986
GET /files/htmlpdf/ 0.4ms sql=0
GET /login/ 0.7ms sql=0
GET /files/htmlpdf/ 342.2ms sql=992
GET /files/htmlpdf/editor/1769/ 5.1ms sql=7
GET /files/htmlpdf/editor/1769/ 5.4ms sql=7
GET /files/htmlpdf/template/1769/ 3.1ms sql=4
GET /files/htmlpdf/api/template-jsons/ 100.7ms sql=113
GET /files/htmlpdf/ 326.8ms sql=994
GET /files/htmlpdf/editor/1850/ 5.7ms sql=7
GET /files/htmlpdf/editor/1850/ 4.2ms sql=7
GET /files/htmlpdf/template/1850/ 14.4ms sql=4
GET /files/htmlpdf/api/template-jsons/ 188.3ms sql=57
GET /files/htmlpdf/ 325.4ms sql=992
GET /files/htmlpdf/editor/1935/ 4.7ms sql=7
GET /files/htmlpdf/editor/1935/ 4.3ms sql=7
GET /files/htmlpdf/api/template-jsons/ 73.7ms sql=57
GET /files/htmlpdf/template/1935/ 1.7ms sql=4
GET /files/htmlpdf/ 347.0ms sql=992
GET /files/htmlpdf/editor/1990/ 3.9ms sql=7
GET /files/htmlpdf/editor/1990/ 4.3ms sql=7
GET /files/htmlpdf/api/template-jsons/ 147.2ms sql=57
GET /files/htmlpdf/template/1990/ 1.8ms sql=4
GET /files/htmlpdf/editor/1769/ 0.3ms sql=0
GET /login/ 0.7ms sql=0
GET /files/htmlpdf/template/1769/ 0.3ms sql=0
GET /files/htmlpdf/ 336.6ms sql=987
GET /files/htmlpdf/ 324.4ms sql=992
GET /files/htmlpdf/editor/1769/ 4.1ms sql=7
GET /files/htmlpdf/editor/1769/ 4.5ms sql=7
GET /files/htmlpdf/template/1769/ 2.0ms sql=4
GET /files/htmlpdf/api/template-jsons/ 151.9ms sql=113
GET /files/htmlpdf/api/assign-template-sections/ 0.2ms sql=0
GET /files/htmlpdf/ 349.7ms sql=994
GET /files/htmlpdf/editor/2013/ 3.9ms sql=7
GET /files/htmlpdf/editor/2013/ 4.2ms sql=7
GET /files/htmlpdf/template/2013/ 3.5ms sql=4
GET /files/htmlpdf/api/template-jsons/ 260.2ms sql=127
GET /files/htmlpdf/template/1990/ 0.3ms sql=0
GET /login/ 0.7ms sql=0
GET /files/htmlpdf/ 339.1ms sql=999
GET /files/htmlpdf/ 329.7ms sql=992
GET /files/htmlpdf/editor/2013/ 4.3ms sql=7
GET /files/htmlpdf/editor/2013/ 4.4ms sql=7
GET /files/htmlpdf/api/template-jsons/ 54.5ms sql=29
GET /files/htmlpdf/template/2013/ 1.8ms sql=4
GET /files/task-management/ 64.4ms sql=62
GET /files/task-management/ 59.8ms sql=60
GET /files/task-management/ 61.8ms sql=60
GET /files/task-management/ 49.7ms sql=58
GET /files/task-management/ 111.1ms sql=64
GET /files/task-management/ 144.2ms sql=64
GET /files/htmlpdf/ 340.4ms sql=1012
GET /files/htmlpdf/editor/1850/ 4.3ms sql=7
GET /files/htmlpdf/editor/1850/ 4.5ms sql=7
GET /files/htmlpdf/template/1850/ 3.4ms sql=4
GET /files/htmlpdf/api/template-jsons/ 194.7ms sql=61
GET /files/htmlpdf/editor/1850/ 4.1ms sql=7
GET /files/htmlpdf/template/1850/ 3.3ms sql=4
GET /files/htmlpdf/api/template-jsons/ 195.2ms sql=61
GET /files/task-management/ 0.3ms sql=0
GET /files/htmlpdf/ 350.8ms sql=992
GET /files/task-management/ 32.4ms sql=43
GET /files/task-management/ 123.4ms sql=60
GET /files/task-management/ 111.6ms sql=60
GET /files/task-management/ 67.9ms sql=60
GET /files/htmlpdf/ 333.0ms sql=992
GET /files/htmlpdf/editor/1935/ 4.2ms sql=7
GET /files/htmlpdf/editor/1935/ 4.2ms sql=7
GET /files/htmlpdf/template/1935/ 2.5ms sql=4
GET /files/htmlpdf/api/template-jsons/ 155.9ms sql=57
GET /files/htmlpdf/ 320.4ms sql=986
GET /files/task-management/ 35.2ms sql=43
GET /files/task-management/ 32.5ms sql=44
GET /files/task-management/ 38.7ms sql=43
GET /files/task-management/ 64.9ms sql=60
GET /files/task-management/ 105.6ms sql=58
GET /files/task-management/ 237.7ms sql=60
GET /files/htmlpdf/ 333.0ms sql=992
GET /files/htmlpdf/editor/2013/ 5.3ms sql=7
GET /files/htmlpdf/editor/2013/ 4.7ms sql=7
GET /files/htmlpdf/template/2013/ 3.6ms sql=4
GET /files/htmlpdf/api/template-jsons/ 231.5ms sql=127
GET /files/task-management/ 35.5ms sql=43
GET /files/task-management/ 133.0ms sql=60
GET /files/task-management/ 46.7ms sql=58
GET /files/task-management/ 64.9ms sql=62
GET /files/htmlpdf/ 338.4ms sql=992
GET /files/htmlpdf/editor/2013/ 4.3ms sql=7
GET /files/htmlpdf/editor/2013/ 4.7ms sql=7
GET /files/htmlpdf/api/template-jsons/ 49.3ms sql=29
GET /files/htmlpdf/template/2013/ 1.5ms sql=4
GET /files/htmlpdf/ 330.9ms sql=992
GET /files/task-management/ 33.6ms sql=43
GET /files/task-management/ 37.0ms sql=43
GET /files/task-management/ 63.4ms sql=60
GET /files/htmlpdf/ 0.3ms sql=0
GET /api/v2/inspections/projects/260001/tasks/29/export-frontend-json 5.3ms sql=0
GET /api/v2/library/files/1765/download/ 2.7ms sql=0
GET /api/v2/inspections/projects/260001/tasks/26/export-frontend-json 2.8ms sql=0
GET / 0.2ms sql=0
GET /login/ 0.7ms sql=0
GET /api/v2/library/files/1769/download 6.2ms sql=0
GET /files/task-management/ 0.2ms sql=0
GET /login/ 0.7ms sql=0
GET /api/v2/library/files/1769/download/ 3.3ms sql=0
GET /files/htmlpdf/ 356.2ms sql=988
GET /files/htmlpdf/ 347.7ms sql=992
GET /files/htmlpdf/editor/1769/ 4.8ms sql=7
GET /files/htmlpdf/editor/1769/ 3.7ms sql=7
GET /files/htmlpdf/api/template-jsons/ 92.4ms sql=113
GET /files/htmlpdf/template/1769/ 1.7ms sql=4
GET /files/task-management/ 38.8ms sql=43
GET /files/task-management/ 61.1ms sql=60
GET /files/task-management/ 32.6ms sql=43
GET /files/htmlpdf/ 341.4ms sql=986
GET /files/htmlpdf/ 330.2ms sql=992
GET /files/htmlpdf/editor/1769/ 4.0ms sql=7
GET /files/htmlpdf/editor/1769/ 4.1ms sql=7
GET /files/htmlpdf/api/template-jsons/ 91.5ms sql=113
GET /files/htmlpdf/template/1769/ 1.9ms sql=4
GET /files/ 572.9ms sql=1376
GET /files/task-management/ 40.7ms sql=43
GET /files/task-management/ 128.1ms sql=60
GET /files/2443/download/ 1.8ms sql=4
GET /files/2443/download/ 1.8ms sql=4
GET /files/task-management/ 59.8ms sql=60
GET /files/task-management/ 105.3ms sql=58
GET /files/task-management/ 59.5ms sql=60
GET /files/task-management/ 60.8ms sql=60
GET /files/task-management/ 0.3ms sql=0
GET /login/ 0.7ms sql=0
GET /api/v2/library/files/2261/download 5.6ms sql=0
GET /api/v2/library/files/2261/download/ 2.9ms sql=0
GET / 0.3ms sql=0
GET / 0.2ms sql=0
GET /login/ 0.8ms sql=0
GET /favicon.ico 3.6ms sql=0
GET /api/Event/Products/Average 3.5ms sql=0
GET /index/index/info 3.7ms sql=0
GET /jw 3.5ms sql=0
GET / 0.2ms sql=0
GET /index/index/info 3.6ms sql=0
GET /index.php/user/login 3.4ms sql=0
GET / 0.2ms sql=0
GET /api/Event/Products/Average 3.2ms sql=0
GET /jw 3.4ms sql=0
GET / 0.5ms sql=0
GET /login/ 1.5ms sql=0
GET /files/2443/download/ 0.3ms sql=0
GET /login/ 0.9ms sql=0
GET /files/task-management/ 0.3ms sql=0
GET /login/ 0.7ms sql=0
GET / 0.2ms sql=0
GET /login/ 0.8ms sql=0
GET / 0.4ms sql=0
GET / 0.2ms sql=0
GET /login/ 0.8ms sql=0
GET /favicon.ico 3.9ms sql=0
GET / 0.3ms sql=0
GET /login/ 0.7ms sql=0
GET / 0.2ms sql=0
GET /login/ 0.7ms sql=0
GET / 0.3ms sql=0
GET /login/ 0.6ms sql=0
GET /api/v2/inspections/projects/260001/tasks/17/export-frontend-json 2.9ms sql=0
GET /api/v2/library/files/1954/download/ 2.6ms sql=0
GET /login/ 0.6ms sql=0
GET / 5.4ms sql=9
GET /files/htmlpdf/ 384.4ms sql=986
GET /files/htmlpdf/ 361.7ms sql=1005
GET /files/htmlpdf/editor/1922/ 4.3ms sql=7
GET /files/htmlpdf/editor/1922/ 4.1ms sql=7
GET /files/htmlpdf/api/template-jsons/ 37.6ms sql=84
GET /files/htmlpdf/template/1922/ 2.5ms sql=4
GET /files/task-management/ 46.4ms sql=60
GET /files/task-management/ 61.3ms sql=60
GET /files/htmlpdf/ 367.3ms sql=992
GET /files/htmlpdf/editor/1991/ 4.2ms sql=7
GET /files/htmlpdf/editor/1991/ 6.5ms sql=7
GET /files/htmlpdf/template/1991/ 5.4ms sql=4
GET /files/htmlpdf/api/template-jsons/ 150.8ms sql=155
GET /files/htmlpdf/api/template-jsons/ 0.3ms sql=0
GET /login/ 0.7ms sql=0
GET /files/htmlpdf/api/use-template-pdf/ 0.3ms sql=0
GET /login/ 1.0ms sql=0
GET /files/htmlpdf/template/1922/ 0.3ms sql=0
GET /login/ 0.6ms sql=0
GET / 5.4ms sql=9
GET /files/htmlpdf/ 346.2ms sql=986
GET /files/htmlpdf/ 376.1ms sql=992
GET /files/htmlpdf/editor/1991/ 5.4ms sql=7
GET /files/htmlpdf/editor/1991/ 6.0ms sql=7
GET /files/htmlpdf/api/template-jsons/ 132.1ms sql=155
GET /files/htmlpdf/template/1991/ 1.7ms sql=4
GET /files/htmlpdf/ 0.3ms sql=0
GET /login/ 0.7ms sql=0
GET /api/v2/library/files/1850/download/ 2.8ms sql=0
GET /files/task-management/ 58.1ms sql=62
GET /files/task-management/ 153.3ms sql=60
GET /files/htmlpdf/ 381.0ms sql=992
GET /files/htmlpdf/editor/1765/ 4.2ms sql=7
GET /files/htmlpdf/editor/1765/ 3.9ms sql=7
GET /files/htmlpdf/template/1765/ 3.2ms sql=4
GET /files/htmlpdf/api/template-jsons/ 1556.3ms sql=995
GET /api/v2/library/files/1765/download/ 3.0ms sql=0
GET /files/task-management/ 0.3ms sql=0
GET /login/ 0.7ms sql=0
GET /files/htmlpdf/ 0.3ms sql=0
GET /files/htmlpdf/editor/1765/ 0.3ms sql=0
GET /login/ 0.6ms sql=0
GET /files/task-management/ 63.3ms sql=62
GET /files/htmlpdf/ 354.0ms sql=992
GET /files/htmlpdf/editor/1927/ 4.2ms sql=7
GET /files/htmlpdf/editor/1927/ 5.2ms sql=7
GET /files/htmlpdf/api/template-jsons/ 80.8ms sql=85
GET /files/htmlpdf/template/1927/ 1.6ms sql=4
GET /files/htmlpdf/ 362.6ms sql=992
GET /files/htmlpdf/ 367.9ms sql=992
GET /files/htmlpdf/editor/1954/ 4.2ms sql=7
GET /files/htmlpdf/editor/1954/ 4.0ms sql=7
GET /files/htmlpdf/api/template-jsons/ 160.8ms sql=57
GET /files/htmlpdf/template/1954/ 2.5ms sql=4
GET /files/htmlpdf/template/1927/ 0.3ms sql=0
GET /files/htmlpdf/editor/1954/ 0.3ms sql=0
GET /login/ 0.7ms sql=0
GET /files/htmlpdf/editor/1927/ 0.3ms sql=0
GET /login/ 0.7ms sql=0
GET /api/v2/inspections/projects/260001/tasks/30/export-frontend-json 2.8ms sql=0
GET /files/htmlpdf/template/1922 3.8ms sql=0
GET /files/htmlpdf/template/1922/ 0.3ms sql=0
GET /login/ 0.9ms sql=0
GET /files/task-management/ 146.5ms sql=62
GET /files/htmlpdf/ 372.2ms sql=992
GET /files/htmlpdf/editor/1765/ 4.6ms sql=7
GET /files/htmlpdf/editor/1765/ 4.5ms sql=7
GET /files/htmlpdf/template/1765/ 4.7ms sql=4
GET /files/htmlpdf/api/template-jsons/ 1611.5ms sql=995
GET /files/task-management/ 0.3ms sql=0
GET /login/ 0.8ms sql=0
GET /files/ 1411.4ms sql=1773
GET /files/htmlpdf/ 358.5ms sql=986
GET /files/htmlpdf/ 332.7ms sql=986
GET /files/htmlpdf/ 345.9ms sql=987
GET /files/htmlpdf/ 358.9ms sql=999
GET /files/htmlpdf/editor/1954/ 4.0ms sql=7
GET /files/htmlpdf/editor/1954/ 3.7ms sql=7
GET /files/htmlpdf/api/template-jsons/ 71.7ms sql=57
GET /files/htmlpdf/template/1954/ 1.7ms sql=4
GET /files/ 0.3ms sql=0
GET /login/ 0.8ms sql=0
GET /files/ 770.2ms sql=1787
GET /files/htmlpdf/ 318.3ms sql=986
GET /files/htmlpdf/ 367.7ms sql=986
GET /files/htmlpdf/ 337.7ms sql=987
GET /files/htmlpdf/ 322.6ms sql=992
GET /files/htmlpdf/editor/1991/ 4.0ms sql=7
GET /files/htmlpdf/editor/1991/ 3.8ms sql=7
GET /files/htmlpdf/template/1991/ 68.5ms sql=4
GET /files/htmlpdf/api/template-jsons/ 188.8ms sql=155
GET /files/task-management/ 52.4ms sql=60
GET /files/htmlpdf/ 332.2ms sql=994
GET /files/htmlpdf/editor/1991/ 4.3ms sql=7
GET /files/htmlpdf/editor/1991/ 4.4ms sql=7
GET /files/htmlpdf/template/1991/ 4.9ms sql=4
GET /files/htmlpdf/api/template-jsons/ 123.1ms sql=155
GET /files/task-management/ 48.6ms sql=60
GET /files/htmlpdf/ 342.3ms sql=992
GET /files/htmlpdf/editor/1991/ 4.0ms sql=7
GET /files/htmlpdf/editor/1991/ 4.1ms sql=7
GET /files/htmlpdf/template/1991/ 9.6ms sql=4
GET /files/htmlpdf/api/template-jsons/ 196.5ms sql=155
GET /api/v2/registry/instruments/1/ 2.7ms sql=0
GET / 5.4ms sql=8
GET /files/htmlpdf/ 111.9ms sql=225
GET /files/htmlpdf/ 111.6ms sql=225
GET /files/htmlpdf/ 109.7ms sql=226
GET /files/htmlpdf/ 124.1ms sql=232
GET /login/ 0.6ms sql=0
GET /files/htmlpdf/editor/1991/ 3.4ms sql=5
GET /files/htmlpdf/editor/1991/ 3.8ms sql=5
GET /files/htmlpdf/template/1991/ 6.4ms sql=2
GET /files/htmlpdf/api/template-jsons/ 154.8ms sql=13
GET /files/task-management/ 71.9ms sql=47
GET /files/task-management/ 142.3ms sql=47
GET /files/htmlpdf/editor/1769/ 3.2ms sql=5
GET /files/htmlpdf/editor/1769/ 3.4ms sql=5
GET /files/htmlpdf/template/1769/ 1.1ms sql=2
GET /files/htmlpdf/api/template-jsons/ 86.3ms sql=13
GET /files/task-management/ 56.3ms sql=47
GET /files/task-management/ 49.7ms sql=47
GET /files/2024/preview/ 3.8ms sql=4
GET /files/2024/raw/ 1.0ms sql=2
GET /files/htmlpdf/ 194.0ms sql=225
GET /files/htmlpdf/ 117.8ms sql=225
GET /files/htmlpdf/ 121.8ms sql=227
GET /files/htmlpdf/editor/2024/ 3.6ms sql=5
GET /files/htmlpdf/editor/2024/ 4.0ms sql=5
GET /files/htmlpdf/api/template-jsons/ 36.8ms sql=13
GET /files/htmlpdf/template/2024/ 1.0ms sql=2
GET /api/v2/inspections/projects/260001/tasks/21/export-frontend-json 3.1ms sql=0
GET /files/htmlpdf/ 341.3ms sql=994
GET /files/htmlpdf/editor/1927/ 4.1ms sql=7
GET /files/htmlpdf/editor/1927/ 4.3ms sql=7
GET /files/htmlpdf/template/1927/ 4.4ms sql=4
GET /files/htmlpdf/api/template-jsons/ 182.7ms sql=85
GET /files/htmlpdf/ 0.3ms sql=0
GET /login/ 0.6ms sql=0
GET /files/task-management/ 53.9ms sql=47
GET /files/task-management/ 31.6ms sql=36
GET /files/task-management/ 34.5ms sql=37
GET /files/task-management/ 43.4ms sql=47
GET /files/task-management/ 51.7ms sql=47
GET /files/htmlpdf/editor/1991/ 3.5ms sql=5
GET /files/htmlpdf/editor/1991/ 4.2ms sql=5
GET /files/htmlpdf/template/1991/ 3.8ms sql=2
GET /files/htmlpdf/api/template-jsons/ 151.7ms sql=13
GET /files/htmlpdf/api/template-jsons/ 160.1ms sql=13
GET /files/ 454.2ms sql=259
GET /files/ 354.0ms sql=259
GET /files/ 398.1ms sql=259
GET /files/2459/preview/ 16.8ms sql=4
GET /files/2459/download/ 1.2ms sql=2
GET /files/2459/download/ 1.0ms sql=2
GET /files/task-management/ 53.2ms sql=47
GET /files/task-management/ 55.9ms sql=47
GET /files/htmlpdf/editor/1991/ 3.2ms sql=5
GET /files/htmlpdf/editor/1991/ 3.6ms sql=5
GET /files/htmlpdf/template/1991/ 4.4ms sql=2
GET /files/htmlpdf/api/template-jsons/ 178.5ms sql=13
GET /files/task-management/ 49.7ms sql=60
GET /files/task-management/ 171.1ms sql=60
GET /files/htmlpdf/ 353.4ms sql=992
GET /files/htmlpdf/editor/1954/ 4.3ms sql=7
GET /files/htmlpdf/editor/1954/ 4.3ms sql=7
GET /files/htmlpdf/api/template-jsons/ 96.1ms sql=71
GET /files/htmlpdf/template/1954/ 1.6ms sql=4
GET /files/task-management/ 30.7ms sql=37
GET /files/task-management/ 99.8ms sql=36
GET /files/task-management/ 33.6ms sql=37
GET /files/task-management/ 42.1ms sql=47
GET /files/task-management/ 62.6ms sql=47
GET /files/htmlpdf/editor/1558/ 3.5ms sql=5
GET /files/htmlpdf/editor/1558/ 4.1ms sql=5
GET /files/htmlpdf/template/1558/ 6.4ms sql=2
GET /files/htmlpdf/api/template-jsons/ 439.5ms sql=13
GET /files/task-management/ 69.0ms sql=47
GET /files/task-management/ 31.2ms sql=37
GET /files/task-management/ 101.3ms sql=47
GET /files/task-management/ 55.5ms sql=47
GET /files/htmlpdf/editor/1991/ 4.0ms sql=5
GET /files/htmlpdf/editor/1991/ 3.8ms sql=5
GET /files/htmlpdf/template/1991/ 3.7ms sql=2
GET /files/htmlpdf/api/template-jsons/ 85.8ms sql=13
GET /files/ 471.2ms sql=259
GET /files/task-management/ 31.6ms sql=36
GET /files/task-management/ 31.5ms sql=37
GET /files/task-management/ 41.9ms sql=47
GET /files/task-management/ 59.9ms sql=47
GET /files/htmlpdf/editor/1927/ 3.2ms sql=5
GET /files/htmlpdf/editor/1927/ 3.2ms sql=5
GET /files/htmlpdf/template/1927/ 4.5ms sql=2
GET /files/htmlpdf/api/template-jsons/ 123.6ms sql=13
GET /api/v2/library/files/2026/download/ 2.6ms sql=0
GET /files/htmlpdf/ 341.0ms sql=988
GET /files/htmlpdf/ 345.1ms sql=992
GET /files/htmlpdf/editor/1769/ 4.7ms sql=7
GET /files/htmlpdf/editor/1769/ 4.3ms sql=7
GET /files/htmlpdf/api/template-jsons/ 119.8ms sql=155
GET /files/htmlpdf/template/1769/ 1.8ms sql=4
GET /api/v2/inspections/projects/260001/tasks/24/export-frontend-json 3.0ms sql=0
GET /files/ 372.9ms sql=259
GET /files/task-management/ 33.1ms sql=36
GET /files/task-management/ 34.4ms sql=36
GET /files/task-management/ 33.2ms sql=37
GET /files/task-management/ 101.7ms sql=47
GET /files/task-management/ 60.8ms sql=48
GET /files/1927/preview/ 3.3ms sql=4
GET /files/1927/raw/ 1.1ms sql=2
GET /files/htmlpdf/editor/1927/ 4.3ms sql=5
GET /files/htmlpdf/editor/1927/ 4.4ms sql=5
GET /files/htmlpdf/template/1927/ 3.7ms sql=2
GET /files/htmlpdf/api/template-jsons/ 68.2ms sql=13
GET /files/ 407.7ms sql=259
GET /files/task-management/ 56.3ms sql=48
GET /files/htmlpdf/editor/1927/ 3.5ms sql=5
GET /files/htmlpdf/editor/1927/ 57.8ms sql=5
GET /files/htmlpdf/template/1927/ 5.9ms sql=2
GET /files/htmlpdf/api/template-jsons/ 78.1ms sql=13
GET /files/task-management/ 60.1ms sql=48
GET /files/htmlpdf/editor/1927/ 4.5ms sql=5
GET /files/htmlpdf/editor/1927/ 3.4ms sql=5
GET /files/htmlpdf/template/1927/ 4.6ms sql=2
GET /files/htmlpdf/api/template-jsons/ 130.6ms sql=13
GET /files/ 620.5ms sql=1399
GET /files/task-management/ 36.6ms sql=43
GET /files/task-management/ 38.1ms sql=46
GET /files/task-management/ 57.8ms sql=60
GET /files/htmlpdf/ 335.4ms sql=992
GET /files/htmlpdf/editor/1990/ 4.2ms sql=7
GET /files/htmlpdf/editor/1990/ 5.1ms sql=7
GET /files/htmlpdf/api/template-jsons/ 49.3ms sql=57
GET /files/htmlpdf/template/1990/ 1.8ms sql=4
GET /files/htmlpdf/editor/1769/ 0.3ms sql=0
GET /login/ 0.7ms sql=0
GET /files/htmlpdf/ 0.3ms sql=0
GET /login/ 0.7ms sql=0
GET /api/v2/library/files/1558/download/ 2.5ms sql=0
GET /files/ 576.4ms sql=1416
GET /files/ 670.0ms sql=1432
GET /files/htmlpdf/ 328.6ms sql=992
GET /files/htmlpdf/editor/2013/ 4.7ms sql=7
GET /files/htmlpdf/editor/2013/ 5.1ms sql=7
GET /files/htmlpdf/template/2013/ 13.7ms sql=4
GET /files/htmlpdf/api/template-jsons/ 264.8ms sql=141
GET /files/htmlpdf/template/2013/ 0.3ms sql=0
GET /files/htmlpdf/editor/2013/ 17.6ms sql=0
GET /login/ 3.8ms sql=0
GET /files/task-management/ 145.7ms sql=49
GET /files/task-management/ 46.5ms sql=47
GET /files/task-management/ 71.4ms sql=47
GET /files/htmlpdf/editor/2013/ 4.2ms sql=5
GET /files/htmlpdf/editor/2013/ 3.3ms sql=5
GET /files/htmlpdf/template/2013/ 10.8ms sql=2
GET /files/htmlpdf/api/template-jsons/ 309.6ms sql=13
GET /files/task-management/ 35.9ms sql=36
GET /files/htmlpdf/editor/2013/ 4.4ms sql=7
GET /files/htmlpdf/template/2013/ 13.6ms sql=4
GET /files/htmlpdf/api/template-jsons/ 373.8ms sql=183
GET /files/htmlpdf/editor/2013/ 4.6ms sql=7
GET /files/htmlpdf/editor/2013/ 4.0ms sql=7
GET /files/htmlpdf/template/2013/ 11.5ms sql=4
GET /files/htmlpdf/api/template-jsons/ 396.6ms sql=197
GET /files/task-management/ 36.7ms sql=45
GET /files/task-management/ 69.6ms sql=60
GET /files/task-management/ 70.6ms sql=60
GET /files/htmlpdf/ 343.3ms sql=992
GET /files/htmlpdf/editor/1850/ 4.1ms sql=7
GET /files/htmlpdf/editor/1850/ 4.5ms sql=7
GET /files/htmlpdf/template/1850/ 3.2ms sql=4
GET /files/htmlpdf/api/template-jsons/ 314.9ms sql=141
GET /files/htmlpdf/ 338.2ms sql=992
GET /files/htmlpdf/editor/1935/ 4.2ms sql=7
GET /files/htmlpdf/editor/1935/ 4.4ms sql=7
GET /files/htmlpdf/template/1935/ 3.5ms sql=4
GET /files/htmlpdf/api/template-jsons/ 225.8ms sql=99
GET /files/task-management/ 32.2ms sql=43
GET /files/task-management/ 74.1ms sql=60
GET /files/task-management/ 65.2ms sql=60
GET /files/task-management/ 62.6ms sql=60
GET /files/task-management/ 66.3ms sql=60
GET /files/task-management/ 112.2ms sql=60
GET /files/task-management/ 64.3ms sql=60
GET /files/task-management/ 67.2ms sql=60
GET /files/htmlpdf/template/1850/ 1.0ms sql=0
GET /login/ 1.2ms sql=0
GET /files/htmlpdf/ 0.4ms sql=0
GET /login/ 0.7ms sql=0
GET /files/htmlpdf/editor/1954/ 5.0ms sql=7
GET /files/htmlpdf/editor/1954/ 4.0ms sql=7
GET /files/htmlpdf/api/template-jsons/ 88.7ms sql=71
GET /files/htmlpdf/template/1954/ 1.8ms sql=4
GET /files/task-management/ 57.0ms sql=62
GET /files/task-management/ 53.3ms sql=60
GET /files/htmlpdf/ 347.5ms sql=992
GET /files/htmlpdf/editor/2024/ 4.2ms sql=7
GET /files/htmlpdf/editor/2024/ 4.5ms sql=7
GET /files/htmlpdf/api/template-jsons/ 49.7ms sql=71
GET /files/htmlpdf/template/2024/ 2.4ms sql=4
GET /files/task-management/ 94.1ms sql=60
GET /files/task-management/ 49.4ms sql=60
GET /files/htmlpdf/ 351.8ms sql=992
GET /files/htmlpdf/editor/1991/ 3.9ms sql=7
GET /files/htmlpdf/editor/1991/ 4.2ms sql=7
GET /files/htmlpdf/template/1991/ 2.4ms sql=4
GET /files/htmlpdf/api/template-jsons/ 142.9ms sql=169
GET /files/task-management/ 54.5ms sql=60
GET /files/htmlpdf/ 336.2ms sql=992
GET /files/htmlpdf/editor/1991/ 4.7ms sql=7
GET /files/htmlpdf/editor/1991/ 5.9ms sql=7
GET /files/htmlpdf/template/1991/ 2.9ms sql=4
GET /files/htmlpdf/api/template-jsons/ 201.8ms sql=169
GET /files/ 682.3ms sql=1816
GET /files/htmlpdf/ 329.4ms sql=986
GET /files/htmlpdf/ 319.2ms sql=992
GET /files/htmlpdf/editor/1991/ 4.8ms sql=7
GET /files/htmlpdf/editor/1991/ 5.0ms sql=7
GET /files/htmlpdf/template/1991/ 4.4ms sql=4
GET /files/htmlpdf/api/template-jsons/ 217.0ms sql=184
GET /files/ 689.9ms sql=1832
GET /files/task-management/ 32.1ms sql=43
GET /files/task-management/ 34.2ms sql=43
GET /files/task-management/ 31.8ms sql=44
GET /files/task-management/ 34.8ms sql=43
GET /files/task-management/ 98.8ms sql=44
GET /files/task-management/ 42.3ms sql=60
GET /files/htmlpdf/editor/2024/ 0.4ms sql=0
GET /files/htmlpdf/ 347.1ms sql=1005
GET /files/htmlpdf/editor/1991/ 4.4ms sql=7
GET /files/htmlpdf/editor/1991/ 4.7ms sql=7
GET /files/htmlpdf/template/1991/ 4.9ms sql=4
GET /files/htmlpdf/api/template-jsons/ 214.8ms sql=198
GET /files/task-management/ 52.9ms sql=60
GET /files/htmlpdf/ 330.0ms sql=992
GET /files/htmlpdf/editor/1991/ 4.4ms sql=7
GET /files/htmlpdf/editor/1991/ 4.5ms sql=7
GET /files/htmlpdf/template/1991/ 6.8ms sql=4
GET /files/htmlpdf/api/template-jsons/ 156.4ms sql=198
GET /api/v2/inspections/projects/260001/tasks/18/files/site_record 7.5ms sql=0
GET /files/ 775.3ms sql=1846
GET /files/ 663.2ms sql=1844
GET /files/2471/preview/ 33.5ms sql=17
GET /files/ 619.2ms sql=1844
GET /files/ 592.2ms sql=1844
GET /files/2472/preview/ 30.8ms sql=5
GET /files/htmlpdf/ 333.4ms sql=986
GET /files/htmlpdf/ 929.1ms sql=992
GET /files/htmlpdf/editor/1991/ 3.9ms sql=7
GET /files/htmlpdf/editor/1991/ 4.4ms sql=7
GET /files/htmlpdf/template/1991/ 4.5ms sql=4
GET /files/htmlpdf/api/template-jsons/ 178.7ms sql=212
GET / 0.3ms sql=0
GET /login/ 0.6ms sql=0
GET /api/v2/inspections/projects/260001/tasks/32/files/2477/download/site_record 3.7ms sql=0
GET /files/task-management/ 0.3ms sql=0
GET /api/v2/library/files/2026/download 7.9ms sql=0
GET /login/ 0.7ms sql=0
GET /api/v2/library/files/2026/download/ 2.9ms sql=0
GET /api/v2/inspections/projects/260001/tasks/32/submit 3.0ms sql=0
GET /files/ 733.7ms sql=1860
GET /files/ 624.6ms sql=1858
GET /files/2478/preview/ 28.2ms sql=5
GET /files/task-management/ 32.2ms sql=43
GET /files/task-management/ 33.3ms sql=43
GET /files/task-management/ 41.9ms sql=44
GET /files/task-management/ 45.3ms sql=60
GET /files/task-management/ 52.8ms sql=61
GET /files/htmlpdf/ 330.5ms sql=993
GET /files/htmlpdf/editor/1991/ 4.1ms sql=7
GET /files/htmlpdf/editor/1991/ 4.3ms sql=7
GET /files/htmlpdf/template/1991/ 2.6ms sql=4
GET /files/htmlpdf/api/template-jsons/ 267.5ms sql=226
GET /files/task-management/ 55.3ms sql=60
GET /files/task-management/ 56.0ms sql=60
GET /files/task-management/ 51.5ms sql=60
GET /files/htmlpdf/ 321.0ms sql=992
GET /files/htmlpdf/editor/1991/ 3.9ms sql=7
GET /files/htmlpdf/editor/1991/ 4.0ms sql=7
GET /files/htmlpdf/template/1991/ 3.6ms sql=4
GET /files/htmlpdf/api/template-jsons/ 188.9ms sql=226
GET /files/task-management/ 64.7ms sql=60
GET /files/task-management/ 122.1ms sql=60
GET /files/task-management/ 53.3ms sql=60
GET /files/htmlpdf/ 343.8ms sql=992
GET /files/htmlpdf/editor/1991/ 3.9ms sql=7
GET /files/htmlpdf/editor/1991/ 4.1ms sql=7
GET /files/htmlpdf/template/1991/ 2.8ms sql=4
GET /files/htmlpdf/api/template-jsons/ 177.4ms sql=226
GET /files/2472/preview/ 0.3ms sql=0
GET /files/htmlpdf/editor/1991/ 4.0ms sql=7
GET /files/htmlpdf/editor/1991/ 5.7ms sql=7
GET /files/htmlpdf/template/1991/ 4.0ms sql=4
GET /files/htmlpdf/api/template-jsons/ 194.4ms sql=226
GET /files/task-management/ 49.1ms sql=60
GET /files/htmlpdf/ 322.3ms sql=986
GET /files/task-management/ 33.8ms sql=43
GET /files/task-management/ 34.4ms sql=43
GET /files/task-management/ 33.3ms sql=44
GET /files/task-management/ 112.6ms sql=60
GET /files/task-management/ 48.7ms sql=60
GET /files/htmlpdf/ 328.4ms sql=992
GET /files/htmlpdf/editor/2024/ 4.3ms sql=7
GET /files/htmlpdf/editor/2024/ 4.1ms sql=7
GET /files/htmlpdf/api/template-jsons/ 47.8ms sql=71
GET /files/htmlpdf/template/2024/ 1.8ms sql=4
GET /files/task-management/ 145.9ms sql=60
GET /files/task-management/ 33.7ms sql=45
GET /files/htmlpdf/ 328.6ms sql=986
GET /files/task-management/ 33.5ms sql=43
GET /files/task-management/ 31.6ms sql=43
GET /files/task-management/ 31.0ms sql=44
GET /files/task-management/ 43.7ms sql=60
GET /files/task-management/ 109.4ms sql=60
GET /files/ 0.4ms sql=0
GET /login/ 0.7ms sql=0
GET / 5.4ms sql=9
GET /files/htmlpdf/ 351.9ms sql=986
GET /files/htmlpdf/ 327.8ms sql=999
GET / 0.2ms sql=0
GET /login/ 0.6ms sql=0
GET /files/htmlpdf/editor/2282/ 3.8ms sql=7
GET /files/htmlpdf/editor/2282/ 4.1ms sql=7
GET /files/htmlpdf/api/template-jsons/ 47.8ms sql=56
GET /files/htmlpdf/template/2282/ 2.3ms sql=4
GET /files/task-management/ 47.9ms sql=60
GET /files/task-management/ 109.8ms sql=60
GET /files/task-management/ 136.0ms sql=60
GET /files/htmlpdf/editor/2343/ 3.1ms sql=6
GET /files/htmlpdf/editor/2343/ 3.0ms sql=6
GET /files/htmlpdf/api/template-jsons/ 94.3ms sql=56
GET /files/htmlpdf/template/2343/ 1.8ms sql=4
GET /files/task-management/ 46.7ms sql=60
GET /files/task-management/ 67.0ms sql=60
GET /files/htmlpdf/editor/2334/ 3.0ms sql=6
GET /files/htmlpdf/editor/2334/ 3.5ms sql=6
GET /files/htmlpdf/api/template-jsons/ 122.5ms sql=29
GET /files/htmlpdf/template/2334/ 2.0ms sql=4
GET /files/htmlpdf/ 342.7ms sql=986
GET /files/htmlpdf/ 352.8ms sql=992
GET /files/htmlpdf/editor/1991/ 4.6ms sql=7
GET /files/htmlpdf/editor/1991/ 6.5ms sql=7
GET /files/htmlpdf/template/1991/ 3.9ms sql=4
GET /files/htmlpdf/api/template-jsons/ 253.1ms sql=226
GET /files/ 681.9ms sql=1874
GET /files/task-management/ 132.3ms sql=60
GET /files/task-management/ 34.6ms sql=43
GET /files/htmlpdf/ 345.7ms sql=986
GET /files/task-management/ 43.4ms sql=60
GET /files/task-management/ 128.9ms sql=60
GET /files/htmlpdf/ 423.2ms sql=992
GET /files/htmlpdf/editor/1991/ 4.5ms sql=7
GET /files/htmlpdf/editor/1991/ 4.5ms sql=7
GET /files/htmlpdf/template/1991/ 3.6ms sql=4
GET /files/htmlpdf/api/template-jsons/ 265.4ms sql=240
GET /files/htmlpdf/editor/2333/ 3.9ms sql=7
GET /files/htmlpdf/editor/2333/ 4.6ms sql=7
GET /files/htmlpdf/template/2333/ 10.2ms sql=4
GET /files/htmlpdf/api/template-jsons/ 411.8ms sql=267
GET /files/task-management/ 126.4ms sql=62
GET /files/task-management/ 47.0ms sql=60
GET /files/htmlpdf/editor/2219/ 4.6ms sql=7
GET /files/htmlpdf/editor/2219/ 4.4ms sql=7
GET /files/htmlpdf/api/template-jsons/ 20.4ms sql=42
GET /files/htmlpdf/template/2219/ 1.6ms sql=4
GET /files/task-management/ 43.6ms sql=60
GET /files/task-management/ 57.9ms sql=60
GET /files/htmlpdf/editor/2223/ 4.3ms sql=7
GET /files/htmlpdf/editor/2223/ 4.4ms sql=7
GET /files/htmlpdf/template/2223/ 2.3ms sql=4
GET /files/htmlpdf/api/template-jsons/ 194.3ms sql=157
GET /files/htmlpdf/template/2282/ 0.3ms sql=0
GET /login/ 0.6ms sql=0
GET /files/task-management/ 156.9ms sql=60
GET /files/task-management/ 60.2ms sql=60
GET /files/htmlpdf/editor/2013/ 4.4ms sql=7
GET /files/htmlpdf/editor/2013/ 4.1ms sql=7
GET /files/htmlpdf/api/template-jsons/ 38.2ms sql=14
GET /files/htmlpdf/template/2013/ 1.7ms sql=4
GET /files/htmlpdf/template/2013/ 1.9ms sql=4
GET /files/task-management/ 58.2ms sql=60
GET /files/task-management/ 50.1ms sql=60
GET /files/ 18.8ms sql=32
GET /files/ 20.2ms sql=32
GET /files/ 1409.1ms sql=4406
GET /files/ 1592.9ms sql=4406
GET /files/htmlpdf/editor/2223/ 0.5ms sql=0
GET /files/task-management/ 0.6ms sql=0
GET /login/ 0.7ms sql=0
GET /files/htmlpdf/ 358.9ms sql=986
GET /files/htmlpdf/ 385.9ms sql=999
GET /files/htmlpdf/editor/2090/ 4.2ms sql=7
GET /files/htmlpdf/editor/2090/ 4.5ms sql=7
GET /files/htmlpdf/api/template-jsons/ 131.3ms sql=155
GET /files/htmlpdf/template/2090/ 1.9ms sql=4
GET /files/task-management/ 62.8ms sql=62
GET /files/htmlpdf/editor/2013/ 0.3ms sql=0
GET /login/ 0.6ms sql=0
GET /files/htmlpdf/editor/2333/ 0.3ms sql=0
GET /login/ 1.0ms sql=0
GET /files/task-management/ 47.9ms sql=60
GET /files/task-management/ 70.2ms sql=60
GET /files/task-management/ 48.8ms sql=60
GET /files/task-management/ 59.1ms sql=60
GET /files/2314/download/ 1.8ms sql=4
GET /files/2314/download/ 1.8ms sql=4
GET /files/task-management/ 49.1ms sql=60
GET /files/task-management/ 137.9ms sql=60
GET /files/htmlpdf/api/site-template-bundle/ 0.3ms sql=0
GET /login/ 0.7ms sql=0
GET /files/htmlpdf/template/2333/ 0.4ms sql=0
GET /login/ 0.7ms sql=0
GET /files/task-management/ 54.9ms sql=58
GET /files/task-management/ 48.3ms sql=60
GET /files/task-management/ 64.9ms sql=60
GET /files/2314/download/ 2.3ms sql=4
GET /files/2314/download/ 2.1ms sql=4
GET /files/task-management/ 49.8ms sql=60
GET /files/task-management/ 66.6ms sql=58
GET /files/task-management/ 63.4ms sql=60
GET /files/htmlpdf/editor/2223/ 4.3ms sql=7
GET /files/htmlpdf/editor/2223/ 4.2ms sql=7
GET /files/htmlpdf/template/2223/ 5.4ms sql=4
GET /files/htmlpdf/api/template-jsons/ 229.9ms sql=157
GET /files/htmlpdf/template/2090/ 0.3ms sql=0
GET /files/ 0.3ms sql=0
GET /login/ 0.7ms sql=0
GET /files/task-management/ 0.3ms sql=0
GET /files/2314/download/ 0.3ms sql=0
GET /login/ 0.5ms sql=0
GET / 0.3ms sql=0
GET /login/ 0.7ms sql=0
GET /files/task-management/ 66.0ms sql=62
GET /files/task-management/ 57.3ms sql=60
GET /files/htmlpdf/editor/2219/ 7.9ms sql=7
GET /files/htmlpdf/editor/2219/ 4.4ms sql=7
GET /files/htmlpdf/api/template-jsons/ 21.3ms sql=42
GET /files/htmlpdf/template/2219/ 2.5ms sql=4
GET /files/htmlpdf/template/2223/ 2.7ms sql=4
GET /files/htmlpdf/template/2223/ 2.1ms sql=4
GET /files/task-management/ 54.0ms sql=60
GET /files/task-management/ 0.4ms sql=0
GET /login/ 0.8ms sql=0
GET /api/v2/library/files/2333/download 5.5ms sql=0
GET /api/v2/library/files/2333/download/ 3.8ms sql=0
GET /api/v2/library/files/1919/download/ 2.6ms sql=0
GET /api/v2/inspections/projects/260001/tasks/23/export-frontend-json 2.9ms sql=0
GET / 0.2ms sql=0
GET /login/ 0.6ms sql=0
GET / 0.2ms sql=0
GET /login/ 0.7ms sql=0
GET /login/favicon.ico 4.0ms sql=0
GET /files/task-management/ 1.3ms sql=0
GET /login/ 1.4ms sql=0
GET / 0.3ms sql=0
GET /login/ 0.7ms sql=0
GET / 0.2ms sql=0
GET /login/ 0.6ms sql=0
GET / 0.3ms sql=0
GET /login/ 0.6ms sql=0
GET / 0.2ms sql=0
GET /login/ 0.6ms sql=0
GET / 0.2ms sql=0
GET /login/ 0.6ms sql=0
GET / 0.3ms sql=0
GET /login/ 0.8ms sql=0
GET / 0.2ms sql=0
GET /login/ 0.8ms sql=0
GET /wp-json/wp/v2/settings 3.2ms sql=0
GET / 0.3ms sql=0
GET /login/ 0.9ms sql=0
GET /favicon.ico 3.3ms sql=0
GET / 0.3ms sql=0
GET / 0.3ms sql=0
GET /login/ 0.7ms sql=0
GET /api/v2/auth/token/refresh/ 28.9ms sql=0
GET / 0.3ms sql=0
GET /login/ 0.7ms sql=0
GET / 0.2ms sql=0
GET /favicon.ico 3.6ms sql=0
GET / 0.2ms sql=0
GET /login/ 0.9ms sql=0
GET / 0.2ms sql=0
GET /login/ 0.6ms sql=0
GET /index/index/info 3.3ms sql=0
GET /api/Event/Products/Average 3.8ms sql=0
GET / 0.3ms sql=0
GET /jw 3.3ms sql=0
GET /index/index/info 4.1ms sql=0
GET /index.php/user/login 3.2ms sql=0
GET / 5.0ms sql=8
GET /files/htmlpdf/ 120.2ms sql=225
GET /files/htmlpdf/ 126.5ms sql=225
GET /files/htmlpdf/ 135.1ms sql=226
GET /files/htmlpdf/ 126.5ms sql=230
GET /files/htmlpdf/editor/1558/ 5.1ms sql=5
GET /files/htmlpdf/editor/1558/ 5.3ms sql=5
GET /files/htmlpdf/template/1558/ 5.9ms sql=2
GET /files/htmlpdf/api/template-jsons/ 523.7ms sql=13
GET /files/ 384.5ms sql=262
GET /files/htmlpdf/ 127.3ms sql=225
GET /files/htmlpdf/ 120.8ms sql=225
GET /files/htmlpdf/ 130.6ms sql=226
GET /files/htmlpdf/ 125.0ms sql=230
GET /files/htmlpdf/editor/1558/ 4.1ms sql=5
GET /files/htmlpdf/editor/1558/ 5.6ms sql=5
GET /files/htmlpdf/template/1558/ 1.6ms sql=2
GET /files/htmlpdf/api/template-jsons/ 549.4ms sql=13
GET /files/task-management/ 67.6ms sql=47
GET /logout/ 7.9ms sql=4
GET /login/ 0.6ms sql=0
GET / 5.1ms sql=8
GET /files/htmlpdf/ 355.5ms sql=986
GET /files/htmlpdf/ 340.5ms sql=986
GET /files/htmlpdf/ 344.7ms sql=987
GET /files/htmlpdf/ 356.7ms sql=999
GET /files/htmlpdf/editor/1558/ 4.7ms sql=7
GET /files/htmlpdf/editor/1558/ 6.7ms sql=7
GET /files/htmlpdf/template/1558/ 4.5ms sql=4
GET /files/htmlpdf/api/template-jsons/ 744.5ms sql=733
GET /files/task-management/ 66.7ms sql=60
GET /files/task-management/ 149.4ms sql=62
GET /files/task-management/ 79.1ms sql=60
GET /files/task-management/ 67.9ms sql=60
GET /files/task-management/ 72.4ms sql=60
GET /files/htmlpdf/editor/1558/ 4.4ms sql=7
GET /files/htmlpdf/editor/1558/ 4.2ms sql=7
GET /files/htmlpdf/template/1558/ 6.4ms sql=4
GET /files/htmlpdf/api/template-jsons/ 899.2ms sql=733
GET /files/task-management/ 87.4ms sql=60
GET /files/task-management/ 75.4ms sql=60
GET /files/htmlpdf/editor/1558/ 4.3ms sql=7
GET /files/htmlpdf/editor/1558/ 4.6ms sql=7
GET /files/htmlpdf/template/1558/ 3.6ms sql=4
GET /files/htmlpdf/api/template-jsons/ 891.5ms sql=734
GET /files/task-management/ 121.9ms sql=60
GET /files/task-management/ 75.3ms sql=60
GET /api/v2/library/files/2261/download/ 5.3ms sql=0
GET /api/v2/inspections/projects/260001/tasks/21/export-frontend-json 3.0ms sql=0
GET /files/htmlpdf/ 1.1ms sql=0
GET /login/ 1.2ms sql=0
GET / 6.6ms sql=9
GET /files/projects/ 14.7ms sql=7
GET /files/ 24.5ms sql=32
GET /files/task-management/ 34.4ms sql=43
GET /files/task-management/ 46.2ms sql=43
GET /files/task-management/ 114.9ms sql=44
GET /files/task-management/ 43.7ms sql=60
GET /files/task-management/ 46.6ms sql=61
GET /files/htmlpdf/ 353.1ms sql=993
GET /files/htmlpdf/editor/2026/ 4.5ms sql=7
GET /files/htmlpdf/editor/2026/ 4.4ms sql=7
GET /files/htmlpdf/api/template-jsons/ 30.5ms sql=71
GET /files/htmlpdf/template/2026/ 1.9ms sql=4
GET /files/htmlpdf/api/import-json-from-library/ 0.5ms sql=0
GET /files/htmlpdf/api/template-jsons/ 0.5ms sql=0
GET /login/ 0.7ms sql=0
GET /files/htmlpdf/ 0.3ms sql=0
GET /login/ 0.6ms sql=0
GET /files/task-management/ 48.1ms sql=62
GET /files/task-management/ 36.3ms sql=44
GET /files/task-management/ 68.8ms sql=60
GET /files/task-management/ 74.1ms sql=61
GET /files/htmlpdf/ 380.3ms sql=993
GET /files/htmlpdf/editor/1765/ 4.6ms sql=7
GET /files/htmlpdf/editor/1765/ 5.1ms sql=7
GET /files/htmlpdf/template/1765/ 4.4ms sql=4
GET /files/htmlpdf/api/template-jsons/ 1660.6ms sql=1009
GET /files/htmlpdf/api/template-jsons/ 0.3ms sql=0
GET /files/htmlpdf/ 0.4ms sql=0
GET /login/ 0.7ms sql=0
GET /files/htmlpdf/template/1765/ 0.3ms sql=0
GET /login/ 0.6ms sql=0
GET /api/v2/library/files/1919/download/ 2.7ms sql=0
GET / 4.9ms sql=8
GET /files/htmlpdf/ 395.1ms sql=986
GET /files/htmlpdf/ 357.1ms sql=992
GET /files/htmlpdf/editor/1765/ 4.3ms sql=7
GET /files/htmlpdf/editor/1765/ 4.4ms sql=7
GET /files/htmlpdf/template/1765/ 4.4ms sql=4
GET /files/htmlpdf/api/template-jsons/ 1947.6ms sql=1009
GET /files/task-management/ 82.6ms sql=60
GET /logout/ 8.5ms sql=4
GET /login/ 0.7ms sql=0
GET / 4.9ms sql=8
GET /files/htmlpdf/ 133.2ms sql=225
GET /files/htmlpdf/ 126.4ms sql=225
GET /files/htmlpdf/ 124.8ms sql=226
GET /files/htmlpdf/ 123.2ms sql=230
GET /files/htmlpdf/ 129.5ms sql=227
GET /files/htmlpdf/editor/1765/ 3.6ms sql=5
GET /files/htmlpdf/editor/1765/ 3.8ms sql=5
GET /files/htmlpdf/template/1765/ 12.3ms sql=2
GET /files/htmlpdf/api/template-jsons/ 1406.8ms sql=13
GET /files/task-management/ 70.8ms sql=47
GET /files/task-management/ 63.2ms sql=47
GET /files/htmlpdf/editor/1954/ 3.6ms sql=5
GET /files/htmlpdf/editor/1954/ 3.7ms sql=5
GET /files/htmlpdf/template/1954/ 5.5ms sql=2
GET /files/htmlpdf/api/template-jsons/ 83.0ms sql=13
GET /files/task-management/ 80.2ms sql=62
GET /files/task-management/ 50.1ms sql=60
GET /files/task-management/ 58.5ms sql=60
GET /files/htmlpdf/ 354.2ms sql=992
GET /files/htmlpdf/editor/2223/ 4.4ms sql=7
GET /files/htmlpdf/editor/2223/ 5.4ms sql=7
GET /files/htmlpdf/template/2223/ 4.6ms sql=4
GET /files/htmlpdf/api/template-jsons/ 279.7ms sql=185
GET /files/htmlpdf/api/template-jsons/ 0.4ms sql=0
GET /login/ 0.7ms sql=0
GET / 0.3ms sql=0
GET / 0.3ms sql=0
GET /login/ 0.6ms sql=0
GET / 6.2ms sql=8
GET /files/htmlpdf/ 141.5ms sql=225
GET /files/htmlpdf/ 122.9ms sql=227
GET /files/htmlpdf/ 127.0ms sql=226
GET /files/htmlpdf/ 121.0ms sql=230
GET /files/htmlpdf/ 126.5ms sql=227
GET /files/htmlpdf/editor/1762/ 3.6ms sql=5
GET /files/htmlpdf/editor/1762/ 4.7ms sql=5
GET /files/htmlpdf/template/1762/ 15.2ms sql=2
GET /files/htmlpdf/api/template-jsons/ 461.7ms sql=13
GET /files/htmlpdf/api/template-jsons/ 480.0ms sql=13
GET /files/ 771.2ms sql=262
GET /files/ 297.5ms sql=262
GET /files/ 517.0ms sql=262
GET /files/2484/preview/ 38.4ms sql=4
GET /files/htmlpdf/ 131.7ms sql=225
GET /files/htmlpdf/ 133.4ms sql=225
GET /files/htmlpdf/ 123.7ms sql=226
GET /files/htmlpdf/ 139.7ms sql=230
GET /files/htmlpdf/editor/1762/ 5.2ms sql=5
GET /files/htmlpdf/editor/1762/ 5.4ms sql=5
GET /files/htmlpdf/template/1762/ 97.2ms sql=2
GET /files/htmlpdf/api/template-jsons/ 439.6ms sql=13
GET /files/task-management/ 160.0ms sql=48
GET /files/task-management/ 0.9ms sql=0
GET /login/ 2.0ms sql=0
GET /login/ 0.7ms sql=0
GET /files/task-management/ 0.3ms sql=0
GET /login/ 0.7ms sql=0
GET /files/htmlpdf/api/table-cell-at-point/ 0.3ms sql=0
GET /files/task-management/ 62.3ms sql=62
GET /files/htmlpdf/ 420.8ms sql=992
GET /files/htmlpdf/ 352.3ms sql=986
GET /files/htmlpdf/ 352.7ms sql=987
GET /files/htmlpdf/ 348.7ms sql=999
GET /files/htmlpdf/editor/2237/ 5.7ms sql=7
GET /files/htmlpdf/editor/2237/ 4.9ms sql=7
GET /files/htmlpdf/api/template-jsons/ 53.0ms sql=70
GET /files/htmlpdf/template/2237/ 1.9ms sql=4
GET /files/task-management/ 45.3ms sql=60
GET /files/htmlpdf/ 351.5ms sql=999
GET /files/htmlpdf/editor/2237/ 4.8ms sql=7
GET /files/htmlpdf/editor/2237/ 4.6ms sql=7
GET /files/htmlpdf/api/template-jsons/ 39.0ms sql=70
GET /files/htmlpdf/template/2237/ 2.8ms sql=4
GET /files/task-management/ 47.7ms sql=60
GET /files/task-management/ 116.2ms sql=60
GET /files/htmlpdf/ 359.6ms sql=992
GET /files/htmlpdf/editor/2090/ 6.9ms sql=7
GET /files/htmlpdf/editor/2090/ 4.6ms sql=7
GET /files/htmlpdf/template/2090/ 4.0ms sql=4
GET /files/htmlpdf/api/template-jsons/ 143.8ms sql=155
GET /api/v2/inspections/projects/260001/tasks/43/export-frontend-json 7.4ms sql=0
GET /files/htmlpdf/editor/2237/ 0.3ms sql=0
GET /login/ 0.7ms sql=0
GET /files/task-management/ 57.6ms sql=62
GET /files/task-management/ 93.1ms sql=43
GET /files/task-management/ 36.0ms sql=45
GET /files/task-management/ 45.5ms sql=60
GET /files/task-management/ 65.8ms sql=61
GET /files/htmlpdf/ 346.5ms sql=993
GET /files/htmlpdf/editor/2333/ 4.2ms sql=7
GET /files/htmlpdf/editor/2333/ 4.8ms sql=7
GET /files/htmlpdf/template/2333/ 4.0ms sql=4
GET /files/htmlpdf/api/template-jsons/ 509.1ms sql=267
GET /api/v2/inspections/projects/260001/tasks/42/export-frontend-json 2.9ms sql=0
GET /files/htmlpdf/template/2333/ 0.3ms sql=0
GET /login/ 0.7ms sql=0
GET /login/ 0.6ms sql=0
GET /files/task-management/ 0.3ms sql=0
GET /login/ 0.9ms sql=0
GET /wp-json/gravitysmtp/v1/tests/mock-data 3.4ms sql=0
GET / 0.2ms sql=0
GET /login/ 0.9ms sql=0
GET / 0.2ms sql=0
GET /login/ 0.7ms sql=0
GET /login/ 0.6ms sql=0
GET / 0.2ms sql=0
GET / 0.2ms sql=0
GET /login/ 0.6ms sql=0
GET / 5.6ms sql=8
GET /files/ 23.2ms sql=38
GET /files/ 138.4ms sql=126
GET /files/ 77.4ms sql=126
GET /files/ 73.5ms sql=126
GET /files/ 88.4ms sql=126
GET /files/ 76.3ms sql=126
GET /files/ 32.4ms sql=48
GET /files/ 29.9ms sql=48
GET /files/ 28.1ms sql=48
GET /files/2485/preview/ 3.5ms sql=4
GET /files/2485/raw/ 1.0ms sql=2
GET /files/ 18.1ms sql=38
GET /files/ 80.6ms sql=126
GET /files/ 76.1ms sql=126
GET /files/ 153.3ms sql=126
GET /files/ 76.2ms sql=126
GET /files/2456/preview/ 4.6ms sql=4
GET /files/2456/raw/ 1.1ms sql=2
GET /files/ 72.5ms sql=126
GET /files/ 75.8ms sql=126
GET /files/ 79.2ms sql=126
GET /files/2450/preview/ 3.1ms sql=4
GET /files/2450/raw/ 1.3ms sql=2
GET /files/ 17.4ms sql=38
GET /files/ 77.0ms sql=126
GET /files/ 78.9ms sql=126
GET /files/ 81.6ms sql=126
GET /files/ 73.3ms sql=126
GET /files/ 84.0ms sql=126
GET /files/ 32.5ms sql=51
GET /files/ 31.6ms sql=51
GET /files/ 32.5ms sql=51
GET /files/2486/preview/ 2.8ms sql=4
GET /files/2486/raw/ 1.2ms sql=2
GET /files/ 77.1ms sql=126
GET /files/ 81.1ms sql=126
GET /files/ 96.8ms sql=126
GET /files/ 79.6ms sql=126
GET /files/ 82.8ms sql=126
GET /files/2450/preview/ 2.9ms sql=4
GET /files/2450/raw/ 1.2ms sql=2
GET /files/task-management/ 68.4ms sql=63
GET /files/htmlpdf/ 336.8ms sql=992
GET /files/htmlpdf/editor/1991/ 4.5ms sql=7
GET /files/htmlpdf/editor/1991/ 4.4ms sql=7
GET /files/htmlpdf/template/1991/ 8.2ms sql=4
GET /files/htmlpdf/api/template-jsons/ 241.9ms sql=240
GET /files/htmlpdf/editor/1991/ 1.0ms sql=0
GET /login/ 1.0ms sql=0
GET /files/ 814.7ms sql=1902
GET /files/ 628.5ms sql=1900
GET /files/task-management/ 33.7ms sql=44
GET /files/task-management/ 94.4ms sql=43
GET /files/task-management/ 32.1ms sql=44
GET /files/task-management/ 45.1ms sql=60
GET /files/task-management/ 49.8ms sql=61
GET /files/htmlpdf/ 331.1ms sql=993
GET /files/htmlpdf/editor/1991/ 4.1ms sql=7
GET /files/htmlpdf/editor/1991/ 3.8ms sql=7
GET /files/htmlpdf/template/1991/ 9.2ms sql=4
GET /files/htmlpdf/api/template-jsons/ 293.6ms sql=254
GET /files/htmlpdf/editor/1991/ 4.6ms sql=7
GET /files/htmlpdf/template/1991/ 7.2ms sql=4
GET /files/htmlpdf/api/template-jsons/ 274.2ms sql=254
GET /api/v2/inspections/projects 4.5ms sql=0
GET /files/htmlpdf/template/1991/ 0.8ms sql=0
GET /files/task-management/ 31.0ms sql=36
GET /files/task-management/ 29.3ms sql=36
GET /files/task-management/ 30.7ms sql=37
GET /files/task-management/ 41.3ms sql=47
GET /files/1922/download/ 1.0ms sql=2
GET /files/1922/download/ 1.0ms sql=2
GET /files/task-management/ 54.7ms sql=60
GET /files/task-management/ 34.4ms sql=44
GET /files/htmlpdf/ 344.6ms sql=986
GET /files/task-management/ 30.3ms sql=43
GET /files/task-management/ 35.0ms sql=43
GET /files/htmlpdf/ 331.5ms sql=986
GET /files/task-management/ 34.9ms sql=43
GET /files/task-management/ 93.6ms sql=43
GET /files/task-management/ 32.3ms sql=44
GET /files/task-management/ 43.5ms sql=60
GET /files/1922/preview/ 3.9ms sql=4
GET /files/1922/raw/ 0.8ms sql=2
GET /files/task-management/ 45.5ms sql=60
GET /files/task-management/ 41.6ms sql=60
GET /files/task-management/ 45.0ms sql=60
GET /files/htmlpdf/ 348.8ms sql=1005
GET /files/htmlpdf/editor/1991/ 4.3ms sql=7
GET /files/htmlpdf/editor/1991/ 4.4ms sql=7
GET /files/htmlpdf/template/1991/ 3.4ms sql=4
GET /files/htmlpdf/api/template-jsons/ 264.7ms sql=254
GET /files/htmlpdf/api/export-json/ 0.2ms sql=0
GET /files/task-management/ 119.1ms sql=62
GET /logout/ 5.1ms sql=4
GET /login/ 0.9ms sql=0
GET / 5.3ms sql=9
GET /files/htmlpdf/ 339.7ms sql=986
GET /files/htmlpdf/ 321.4ms sql=986
GET /files/htmlpdf/ 325.6ms sql=987
GET /files/htmlpdf/ 350.9ms sql=1005
GET /files/htmlpdf/editor/1991/ 4.0ms sql=7
GET /files/htmlpdf/editor/1991/ 4.6ms sql=7
GET /files/htmlpdf/template/1991/ 2.7ms sql=4
GET /files/htmlpdf/api/template-jsons/ 200.0ms sql=254
GET /files/htmlpdf/editor/1991/ 5.0ms sql=7
GET /files/htmlpdf/template/1991/ 3.1ms sql=4
GET /files/htmlpdf/api/template-jsons/ 256.3ms sql=254
GET /files/ 763.4ms sql=1916
GET /files/ 594.2ms sql=1914
GET /files/htmlpdf/ 337.7ms sql=986
GET /files/htmlpdf/ 317.9ms sql=986
GET /files/htmlpdf/ 327.5ms sql=987
GET /files/htmlpdf/ 325.5ms sql=1005
GET /files/htmlpdf/editor/1991/ 3.8ms sql=7
GET /files/htmlpdf/editor/1991/ 4.5ms sql=7
GET /files/htmlpdf/template/1991/ 3.5ms sql=4
GET /files/htmlpdf/api/template-jsons/ 289.7ms sql=268
GET /files/ 728.9ms sql=1928
GET /files/task-management/ 34.2ms sql=43
GET /files/task-management/ 33.8ms sql=43
GET /files/task-management/ 93.9ms sql=44
GET /files/task-management/ 48.2ms sql=60
GET /files/task-management/ 51.8ms sql=61
GET /files/htmlpdf/ 354.4ms sql=993
GET /files/htmlpdf/editor/1991/ 3.8ms sql=7
GET /files/htmlpdf/editor/1991/ 4.2ms sql=7
GET /files/htmlpdf/template/1991/ 4.1ms sql=4
GET /files/htmlpdf/api/template-jsons/ 314.6ms sql=282
GET /files/ 763.2ms sql=1942
GET /files/htmlpdf/ 328.6ms sql=986
GET /files/htmlpdf/ 0.3ms sql=0
GET /files/htmlpdf/ 468.8ms sql=986
GET /files/htmlpdf/ 421.3ms sql=987
GET /files/htmlpdf/ 581.1ms sql=1005
GET /files/htmlpdf/editor/1991/ 4.4ms sql=7
GET /files/htmlpdf/editor/1991/ 4.9ms sql=7
GET /files/htmlpdf/template/1991/ 7.0ms sql=4
GET /files/htmlpdf/api/template-jsons/ 236.3ms sql=296
GET /files/task-management/ 53.9ms sql=62
GET /files/task-management/ 142.9ms sql=60
GET /files/htmlpdf/ 342.3ms sql=992
GET /files/htmlpdf/editor/1765/ 4.0ms sql=7
GET /files/htmlpdf/editor/1765/ 4.0ms sql=7
GET /files/htmlpdf/template/1765/ 3.1ms sql=4
GET /files/htmlpdf/api/template-jsons/ 1403.5ms sql=1009
GET /files/ 802.1ms sql=1956
GET /api/v2/inspections/projects/260001/tasks/26/export-frontend-json 3.0ms sql=0
GET /api/v2/library/files/1762/download/ 3.1ms sql=0
GET /files/task-management/ 72.3ms sql=62
GET /files/task-management/ 63.4ms sql=60
GET /files/htmlpdf/ 348.4ms sql=992
GET /files/htmlpdf/editor/1769/ 4.6ms sql=7
GET /files/htmlpdf/editor/1769/ 4.3ms sql=7
GET /files/htmlpdf/template/1769/ 4.8ms sql=4
GET /files/htmlpdf/api/template-jsons/ 227.9ms sql=169
GET /files/task-management/ 0.4ms sql=0
GET /files/htmlpdf/ 341.6ms sql=992
GET /files/htmlpdf/editor/1990/ 6.3ms sql=7
GET /files/htmlpdf/editor/1990/ 5.1ms sql=7
GET /files/htmlpdf/template/1990/ 4.8ms sql=4
GET /files/htmlpdf/api/template-jsons/ 91.8ms sql=99
GET /files/htmlpdf/editor/1990/ 4.4ms sql=7
GET /files/htmlpdf/editor/1990/ 6.1ms sql=7
GET /files/htmlpdf/api/template-jsons/ 85.0ms sql=99
GET /files/htmlpdf/template/1990/ 1.7ms sql=4
GET /files/ 712.4ms sql=1500
GET /files/htmlpdf/editor/1769/ 0.4ms sql=0
GET /login/ 2.0ms sql=0
GET /files/ 653.4ms sql=1530
GET /files/htmlpdf/api/template-jsons/ 0.3ms sql=0
GET /files/ 672.9ms sql=1958
GET /files/ 113.4ms sql=232
GET /files/task-management/ 35.3ms sql=43
GET /files/task-management/ 36.7ms sql=44
GET /files/task-management/ 56.8ms sql=60
GET /files/task-management/ 63.3ms sql=61
GET /files/htmlpdf/ 366.9ms sql=993
GET /files/htmlpdf/editor/1927/ 6.2ms sql=7
GET /files/htmlpdf/editor/1927/ 4.5ms sql=7
GET /files/htmlpdf/template/1927/ 93.3ms sql=4
GET /files/htmlpdf/api/template-jsons/ 204.7ms sql=114
GET /files/ 824.1ms sql=1956
GET /api/v2/library/files/1927/download/ 2.8ms sql=0
GET /files/task-management/ 0.3ms sql=0
GET /files/htmlpdf/ 365.0ms sql=988
GET /files/htmlpdf/ 365.7ms sql=992
GET /files/htmlpdf/editor/2013/ 4.3ms sql=7
GET /files/htmlpdf/editor/2013/ 6.0ms sql=7
GET /files/htmlpdf/template/2013/ 16.4ms sql=4
GET /files/htmlpdf/api/template-jsons/ 432.4ms sql=197
GET /files/htmlpdf/editor/2013/ 4.5ms sql=7
GET /files/htmlpdf/editor/2013/ 6.2ms sql=7
GET /files/htmlpdf/template/2013/ 3.7ms sql=4
GET /files/htmlpdf/api/template-jsons/ 438.5ms sql=197
GET /api/v2/library/files/2026/download/ 3.0ms sql=0
GET /api/v2/library/files/1991/download 5.7ms sql=0
GET /files/task-management/ 0.3ms sql=0
GET /api/v2/library/files/1991/download/ 2.6ms sql=0
GET /login/ 0.7ms sql=0
GET /api/v2/library/files/1850/download/ 2.6ms sql=0
GET /files/htmlpdf/ 0.3ms sql=0
GET /api/v2/inspections/projects/260001/tasks/22/export-frontend-json 3.0ms sql=0
GET /api/v2/library/files/2261/download/ 2.7ms sql=0
GET /database/devices/ 23.5ms sql=12
GET /files/task-management/ 39.1ms sql=43
GET /files/task-management/ 60.2ms sql=60
GET /files/htmlpdf/ 341.4ms sql=992
GET /files/htmlpdf/editor/1954/ 4.2ms sql=7
GET /files/htmlpdf/editor/1954/ 7.0ms sql=7
GET /files/htmlpdf/api/template-jsons/ 167.7ms sql=71
GET /files/htmlpdf/template/1954/ 4.4ms sql=4
GET /files/ 22.0ms sql=38
GET /files/ 33.8ms sql=51
GET /files/ 35.8ms sql=51
GET /files/ 33.4ms sql=51
GET /files/2486/preview/ 3.1ms sql=4
GET /files/2486/raw/ 2.4ms sql=2
GET /files/ 19.4ms sql=38
GET /files/ 45.3ms sql=51
GET /files/ 32.5ms sql=51
GET /files/ 33.6ms sql=51
GET /files/2425/preview/ 3.3ms sql=4
GET /files/2425/raw/ 1.0ms sql=2
GET /files/ 260.2ms sql=38
GET /files/ 31.8ms sql=51
GET /files/ 770.9ms sql=1984
GET /files/ 56.5ms sql=51
GET /files/ 777.3ms sql=1984
GET /files/ 36.2ms sql=51
GET /files/ 33.2ms sql=51
GET /files/ 34.6ms sql=51
GET /files/ 32.9ms sql=51
GET /files/ 38.6ms sql=51
GET /files/ 100.7ms sql=51
GET /files/2503/preview/ 4.8ms sql=4
GET /files/2503/raw/ 1.0ms sql=2
GET /login/ 0.9ms sql=0
GET / 4.8ms sql=9
GET /files/task-management/ 33.9ms sql=43
GET /files/htmlpdf/ 355.7ms sql=986
GET /files/htmlpdf/ 353.2ms sql=986
GET /files/htmlpdf/ 366.9ms sql=987
GET /files/htmlpdf/ 344.2ms sql=986
GET /files/htmlpdf/ 338.8ms sql=987
GET /files/htmlpdf/ 355.8ms sql=999
GET /files/htmlpdf/ 0.3ms sql=0
GET /login/ 0.7ms sql=0
GET /files/htmlpdf/editor/1954/ 5.5ms sql=7
GET /files/htmlpdf/editor/1954/ 4.4ms sql=7
GET /files/htmlpdf/template/1954/ 11.3ms sql=4
GET /files/htmlpdf/api/template-jsons/ 219.6ms sql=99
GET /files/ 52.3ms sql=38
GET /files/ 36.5ms sql=51
GET /files/ 33.3ms sql=51
GET /files/ 34.6ms sql=51
GET /files/ 92.1ms sql=51
GET /files/htmlpdf/editor/2333/ 3785.7ms sql=7
GET /files/ 12823.4ms sql=51
GET /files/ 36.5ms sql=51
GET /files/ 35.5ms sql=51
GET /files/2505/preview/ 5.4ms sql=4
GET /files/2505/raw/ 1.0ms sql=2
GET /files/htmlpdf/editor/2333/ 11.8ms sql=7
GET /files/htmlpdf/editor/2333/ 251.8ms sql=7
GET /files/htmlpdf/template/2333/ 121.9ms sql=4
GET /files/htmlpdf/api/template-jsons/ 5600.4ms sql=367
GET / 11.3ms sql=9
GET /files/htmlpdf/ 409.7ms sql=987
GET /files/htmlpdf/ 694.6ms sql=987
GET /files/htmlpdf/ 348.3ms sql=1001
GET /files/htmlpdf/editor/1868/ 4.5ms sql=7
GET /files/htmlpdf/editor/1868/ 4.2ms sql=7
GET /files/htmlpdf/api/template-jsons/ 11.9ms sql=14
GET /files/htmlpdf/template/1868/ 4.6ms sql=4
GET /files/task-management/ 578.0ms sql=62
GET /files/task-management/ 200.5ms sql=60
GET /files/htmlpdf/editor/1919/ 5.3ms sql=7
GET /files/htmlpdf/editor/1919/ 6.1ms sql=7
GET /files/htmlpdf/api/template-jsons/ 93.4ms sql=15
GET /files/htmlpdf/template/1919/ 2.5ms sql=4
GET /api/v2/inspections/projects/260001/tasks/23/export-frontend-json 7.0ms sql=0
GET /files/task-management/ 72.1ms sql=62
GET /files/task-management/ 126.6ms sql=58
GET /files/task-management/ 58.9ms sql=58
GET /files/task-management/ 52.3ms sql=58
GET /files/task-management/ 63.0ms sql=60
GET /files/task-management/ 55.2ms sql=58
GET /files/htmlpdf/editor/1919/ 0.8ms sql=0
GET /files/htmlpdf/template/2333/ 0.3ms sql=0
GET /login/ 1.0ms sql=0
GET /files/task-management/ 54.2ms sql=60
GET /files/task-management/ 76.3ms sql=60
GET /files/2428/download/ 2.8ms sql=4
GET /files/2428/download/ 2.2ms sql=4
GET /files/task-management/ 72.2ms sql=46
GET /files/task-management/ 156.9ms sql=63
GET /files/2428/download/ 2.1ms sql=4
GET /files/2428/download/ 1.8ms sql=4
GET /files/task-management/ 87.4ms sql=61
GET /files/task-management/ 93.2ms sql=61
GET /files/task-management/ 75.3ms sql=60
GET /files/task-management/ 103.8ms sql=60
GET /files/2514/download/ 1.9ms sql=4
GET /files/2514/download/ 1.8ms sql=4
GET /files/task-management/ 141.0ms sql=60
GET /files/task-management/ 50.8ms sql=58
GET /files/ 31.6ms sql=38
GET /files/ 86.6ms sql=130
GET /files/ 91.6ms sql=130
GET /files/ 87.3ms sql=130
GET /files/ 91.0ms sql=130
GET /files/task-management/ 86.8ms sql=60
GET /files/ 93.0ms sql=130
GET /files/ 38.1ms sql=54
GET /files/ 36.1ms sql=54
GET /files/ 37.3ms sql=54
GET /files/2516/preview/ 4.4ms sql=4
GET /files/2516/raw/ 1.1ms sql=2
GET /files/task-management/ 72.6ms sql=60
GET /files/task-management/ 54.2ms sql=58
GET /files/htmlpdf/ 460.1ms sql=980
GET /files/htmlpdf/ 371.2ms sql=984
GET /files/htmlpdf/editor/1954/ 5.4ms sql=7
GET /files/htmlpdf/editor/1954/ 6.6ms sql=7
GET /files/htmlpdf/template/1954/ 19.5ms sql=4
GET /files/htmlpdf/api/template-jsons/ 151.7ms sql=99
GET /files/task-management/ 90.9ms sql=60
GET /files/task-management/ 70.7ms sql=60
GET /files/task-management/ 54.2ms sql=58
GET /files/task-management/ 162.8ms sql=60
GET /files/ 877.0ms sql=1989
GET /files/htmlpdf/ 359.2ms sql=986
GET /files/htmlpdf/ 355.1ms sql=992
GET /files/htmlpdf/editor/1954/ 6.2ms sql=7
GET /files/htmlpdf/editor/1954/ 4.9ms sql=7
GET /files/htmlpdf/template/1954/ 4.6ms sql=4
GET /files/htmlpdf/api/template-jsons/ 157.3ms sql=113
GET /files/task-management/ 81.2ms sql=62
GET /files/ 888.9ms sql=2003
GET /files/task-management/ 34.6ms sql=43
GET /files/task-management/ 59.4ms sql=60
GET /files/htmlpdf/ 374.1ms sql=992
GET /files/htmlpdf/editor/1954/ 4.2ms sql=7
GET /files/htmlpdf/editor/1954/ 3.8ms sql=7
GET /files/htmlpdf/template/1954/ 10.1ms sql=4
GET /files/htmlpdf/api/template-jsons/ 252.7ms sql=127
GET /files/task-management/ 0.8ms sql=0
GET /login/ 1.3ms sql=0
GET /files/task-management/ 107.4ms sql=62
GET /files/task-management/ 60.0ms sql=60
GET /files/task-management/ 61.3ms sql=60
GET /files/htmlpdf/ 356.6ms sql=992
GET /files/htmlpdf/editor/2261/ 4.3ms sql=7
GET /files/htmlpdf/editor/2261/ 4.8ms sql=7
GET /files/htmlpdf/api/template-jsons/ 41.1ms sql=15
GET /files/htmlpdf/template/2261/ 2.6ms sql=4
GET /files/ 55.8ms sql=38
GET /files/ 38.6ms sql=54
GET /files/ 38.1ms sql=54
GET /files/ 102.1ms sql=54
GET /files/ 84.9ms sql=130
GET /files/ 83.1ms sql=130
GET /files/ 856.9ms sql=130
GET /files/ 216.1ms sql=57
GET /files/ 847.2ms sql=57
GET /files/ 39.6ms sql=57
GET /files/2524/preview/ 4.0ms sql=4
GET /files/2524/raw/ 1.0ms sql=2
GET /api/v2/library/files/2024/download 6.4ms sql=0
GET /api/v2/library/files/2024/download/ 5.8ms sql=0
GET /files/task-management/ 1.3ms sql=0
GET /login/ 1.1ms sql=0
GET /api/v2/inspections/projects/260001/tasks/21/files/report 3.2ms sql=0
GET /files/task-management/ 52.6ms sql=47
GET /files/task-management/ 71.1ms sql=60
GET /files/htmlpdf/ 361.9ms sql=992
GET /files/htmlpdf/editor/1990/ 4.6ms sql=7
GET /files/htmlpdf/editor/1990/ 5.1ms sql=7
GET /files/htmlpdf/template/1990/ 4.3ms sql=4
GET /files/htmlpdf/api/template-jsons/ 147.4ms sql=141
GET /files/htmlpdf/template/2261/ 18.0ms sql=0
GET /files/ 130.5ms sql=38
GET /files/ 101.6ms sql=130
GET /files/ 85.2ms sql=130
GET /files/ 82.2ms sql=130
GET /files/ 88.9ms sql=130
GET /files/ 99.8ms sql=130
GET /files/ 41.6ms sql=60
GET /files/ 40.8ms sql=60
GET /files/ 40.7ms sql=60
GET /files/2525/preview/ 3.8ms sql=4
GET /files/2525/raw/ 1.2ms sql=2
GET /files/htmlpdf/ 353.3ms sql=995
GET /files/htmlpdf/editor/2013/ 6.2ms sql=7
GET /files/htmlpdf/editor/2013/ 6.0ms sql=7
GET /files/htmlpdf/template/2013/ 5.5ms sql=4
GET /files/htmlpdf/api/template-jsons/ 444.6ms sql=211
GET /files/ 18.6ms sql=38
GET /files/ 82.0ms sql=130
GET /files/ 91.7ms sql=130
GET /files/ 80.5ms sql=130
GET /files/ 82.6ms sql=130
GET /files/2450/preview/ 5.1ms sql=4
GET /files/2450/raw/ 1.4ms sql=2
GET /files/ 19.5ms sql=38
GET /files/htmlpdf/ 0.4ms sql=0
GET /login/ 1.8ms sql=0
GET /files/ 51.9ms sql=38
GET /files/ 86.9ms sql=130
GET /files/ 142.4ms sql=130
GET /files/ 82.9ms sql=130
GET /files/ 83.8ms sql=130
GET /files/ 98.7ms sql=130
GET /files/ 50.2ms sql=63
GET /files/ 43.2ms sql=63
GET /files/ 45.0ms sql=63
GET /files/2526/preview/ 3.9ms sql=4
GET /files/2526/raw/ 1.0ms sql=2
GET /files/ 51.0ms sql=38
GET /files/ 82.6ms sql=130
GET /files/ 130.2ms sql=130
GET /files/ 81.8ms sql=130
GET /files/ 84.9ms sql=130
GET /files/ 124.6ms sql=130
GET /files/ 142.5ms sql=66
GET /files/ 52.6ms sql=66
GET /files/ 45.6ms sql=66
GET /files/2527/preview/ 3.9ms sql=4
GET /files/2527/raw/ 1.0ms sql=2
GET /files/ 53.2ms sql=38
GET /files/ 45.8ms sql=66
GET /files/ 45.2ms sql=66
GET /files/ 177.0ms sql=130
GET /files/ 91.5ms sql=130
GET /files/ 110.5ms sql=130
GET /files/ 105.2ms sql=130
GET /files/ 136.8ms sql=69
GET /files/ 46.8ms sql=69
GET /files/ 48.4ms sql=69
GET /files/2528/preview/ 5.6ms sql=4
GET /files/2528/raw/ 1.0ms sql=2
GET /files/task-management/ 63.8ms sql=37
GET /files/task-management/ 87.4ms sql=36
GET /files/task-management/ 34.4ms sql=37
GET /files/task-management/ 49.9ms sql=47
GET /files/1922/preview/ 4.0ms sql=4
GET /files/1922/raw/ 1.1ms sql=2
GET /api/v2/library/files/2333/download 11.4ms sql=0
GET /api/v2/library/files/2333/download/ 24.1ms sql=0
GET /files/task-management 7.6ms sql=0
GET /files/task-management/ 0.8ms sql=0
GET /login/ 3.4ms sql=0
GET / 18.3ms sql=0
GET /login/ 5.5ms sql=0
GET / 0.3ms sql=0
GET / 0.2ms sql=0
GET / 0.2ms sql=0
GET /login/ 0.6ms sql=0
GET / 0.2ms sql=0
GET /login/ 1.0ms sql=0
GET / 0.3ms sql=0
GET /login/ 0.8ms sql=0
GET /favicon.ico 4.3ms sql=0
GET /files/task-management/ 0.4ms sql=0
GET /login/ 1.0ms sql=0
GET /files/ 33.3ms sql=38
GET /files/ 127.4ms sql=69
GET /files/ 46.9ms sql=69
GET /files/ 52.3ms sql=69
GET /files/ 33.0ms sql=48
GET /files/ 83.5ms sql=130
GET /files/ 90.6ms sql=130
GET /files/ 85.8ms sql=130
GET /files/ 82.1ms sql=130
GET /files/ 129.0ms sql=130
GET /files/ 40.1ms sql=51
GET /files/ 36.1ms sql=51
GET /files/ 40.4ms sql=51
GET /files/2529/preview/ 5.7ms sql=4
GET /files/2529/raw/ 1.4ms sql=2
GET /files/ 53.9ms sql=38
GET /files/ 101.6ms sql=130
GET /files/ 126.1ms sql=130
GET /files/ 84.7ms sql=130
GET /files/ 86.0ms sql=130
GET /files/2450/preview/ 5.6ms sql=4
GET /files/2450/raw/ 1.5ms sql=2
GET /files/ 28.7ms sql=38
GET /files/ 86.9ms sql=130
GET /files/ 36.6ms sql=54
GET /files/ 38.9ms sql=54
GET /files/ 38.2ms sql=54
GET /files/2530/preview/ 3.1ms sql=4
GET /files/2530/raw/ 1.1ms sql=2
GET /files/ 61.4ms sql=38
GET /files/ 96.6ms sql=130
GET /files/ 134.7ms sql=130
GET /files/ 84.2ms sql=130
GET /files/ 88.4ms sql=130
GET /files/ 87.0ms sql=130
GET /files/ 39.3ms sql=57
GET /files/ 46.0ms sql=57
GET /files/ 40.1ms sql=57
GET /files/2531/preview/ 4.0ms sql=4
GET /files/2531/raw/ 1.0ms sql=2
GET /files/ 61.1ms sql=38
GET /files/ 144.1ms sql=130
GET /files/ 172.4ms sql=130
GET /files/ 83.4ms sql=130
GET /files/ 83.6ms sql=130
GET /files/ 86.8ms sql=130
GET /files/ 40.3ms sql=60
GET /files/ 40.2ms sql=60
GET /files/ 130.6ms sql=60
GET /files/2532/preview/ 3.8ms sql=4
GET /files/2532/raw/ 1.7ms sql=2
GET /files/ 53.7ms sql=38
GET /files/ 84.0ms sql=130
GET /files/ 140.3ms sql=130
GET /files/ 81.9ms sql=130
GET /files/ 83.8ms sql=130
GET /files/ 90.6ms sql=130
GET /files/ 50.1ms sql=63
GET /files/ 45.0ms sql=63
GET /files/ 46.6ms sql=63
GET /files/2533/preview/ 4.4ms sql=4
GET /files/2533/raw/ 1.1ms sql=2
GET /files/ 126.4ms sql=130
GET /files/ 93.0ms sql=130
GET /files/2450/preview/ 4.0ms sql=4
GET /files/2450/raw/ 1.4ms sql=2
GET /files/ 78.4ms sql=38
GET /files/ 89.8ms sql=130
GET /files/ 46.6ms sql=66
GET /files/ 49.3ms sql=66
GET /files/ 53.0ms sql=66
GET /files/2534/preview/ 4.2ms sql=4
GET /files/2534/raw/ 1.7ms sql=2
GET /files/htmlpdf/ 380.5ms sql=1002
GET /files/htmlpdf/ 342.6ms sql=992
GET /files/htmlpdf/editor/2013/ 6.2ms sql=7
GET /files/htmlpdf/editor/2013/ 6.3ms sql=7
GET /files/htmlpdf/api/template-jsons/ 39.7ms sql=15
GET /files/htmlpdf/template/2013/ 5.5ms sql=4
GET /files/ 115.4ms sql=130
GET /files/ 141.2ms sql=130
GET /files/ 85.1ms sql=130
GET /files/ 49.9ms sql=69
GET /files/ 50.5ms sql=69
GET /files/ 50.0ms sql=69
GET /files/2535/preview/ 99.5ms sql=4
GET /files/2535/raw/ 1.0ms sql=2
GET / 0.8ms sql=0
GET /favicon.ico 5.0ms sql=0
GET / 0.3ms sql=0
GET /login/ 4.5ms sql=0
GET /api/v2/inspections/projects/260001/tasks/21/files/site_record 6.0ms sql=0
GET / 0.2ms sql=0
GET /login/ 0.6ms sql=0
GET /api/v2/inspections/projects/260001/tasks/21/files/2535/download/report 3.5ms sql=0
GET /files/htmlpdf/ 133.7ms sql=226
GET /files/htmlpdf/ 128.0ms sql=225
GET /files/htmlpdf/ 124.2ms sql=226
GET /files/htmlpdf/ 126.4ms sql=230
GET /files/htmlpdf/editor/1765/ 3.7ms sql=5
GET /files/htmlpdf/editor/1765/ 5.1ms sql=5
GET /files/htmlpdf/template/1765/ 1.3ms sql=2
GET /files/htmlpdf/api/template-jsons/ 1356.7ms sql=13
GET /files/task-management/ 158.7ms sql=48
GET /files/task-management/ 47.3ms sql=47
GET /files/task-management/ 55.4ms sql=47
GET /files/2024/preview/ 3.8ms sql=4
GET /files/2024/raw/ 1.5ms sql=2
GET /files/htmlpdf/editor/2024/ 3.7ms sql=5
GET /files/htmlpdf/editor/2024/ 3.5ms sql=5
GET /files/htmlpdf/api/template-jsons/ 40.2ms sql=13
GET /files/htmlpdf/template/2024/ 4.1ms sql=2
GET /files/ 450.5ms sql=253
GET /files/task-management/ 53.5ms sql=47
GET /files/task-management/ 39.0ms sql=37
GET /files/task-management/ 43.4ms sql=47
GET /files/task-management/ 145.2ms sql=47
GET /files/htmlpdf/editor/1954/ 5.1ms sql=5
GET /files/htmlpdf/editor/1954/ 3.8ms sql=5
GET /files/htmlpdf/template/1954/ 7.1ms sql=2
GET /files/htmlpdf/api/template-jsons/ 194.6ms sql=13
GET / 17.8ms sql=0
GET / 26.7ms sql=8
GET / 5.7ms sql=8
GET / 5.4ms sql=7
GET /files/task-management/ 46.6ms sql=37
GET /files/htmlpdf/ 128.8ms sql=225
GET /files/htmlpdf/ 132.8ms sql=225
GET /files/htmlpdf/ 121.8ms sql=226
GET /files/htmlpdf/ 133.4ms sql=230
GET /files/htmlpdf/editor/1765/ 4.9ms sql=5
GET /files/htmlpdf/editor/1765/ 4.3ms sql=5
GET /files/htmlpdf/template/1765/ 6.7ms sql=2
GET /files/htmlpdf/api/template-jsons/ 1577.8ms sql=13
GET /files/ 489.6ms sql=253
GET /files/task-management/ 69.7ms sql=63
GET /files/task-management/ 47.6ms sql=37
GET /files/task-management/ 33.3ms sql=36
GET /files/task-management/ 33.1ms sql=38
GET /files/task-management/ 64.5ms sql=47
GET /files/task-management/ 45.1ms sql=47
GET /files/task-management/ 87.6ms sql=47
GET /files/task-management/ 40.7ms sql=47
GET /files/task-management/ 109.1ms sql=47
GET /files/task-management/ 55.7ms sql=47
GET /files/task-management/ 58.2ms sql=47
GET /files/htmlpdf/editor/2334/ 2.9ms sql=4
GET /files/htmlpdf/editor/2334/ 2.6ms sql=4
GET /files/htmlpdf/template/2334/ 3.8ms sql=2
GET /files/htmlpdf/api/template-jsons/ 68.5ms sql=13
GET /files/htmlpdf/api/template-jsons/ 81.4ms sql=13
GET /files/ 642.8ms sql=253
GET /files/ 378.4ms sql=253
GET /files/ 430.2ms sql=253
GET /files/2538/preview/ 35.6ms sql=4
GET /files/htmlpdf/ 130.5ms sql=226
GET /files/htmlpdf/ 123.7ms sql=225
GET /files/htmlpdf/ 188.9ms sql=226
GET /files/htmlpdf/ 140.4ms sql=230
GET /files/htmlpdf/editor/1954/ 5.1ms sql=5
GET /files/htmlpdf/editor/1954/ 5.2ms sql=5
GET /files/htmlpdf/template/1954/ 13.2ms sql=2
GET /files/htmlpdf/api/template-jsons/ 141.2ms sql=13
GET /files/ 473.5ms sql=253
GET / 13.7ms sql=8
GET /files/htmlpdf/ 175.3ms sql=226
GET /files/htmlpdf/ 121.9ms sql=225
GET /files/htmlpdf/ 123.2ms sql=226
GET /files/htmlpdf/ 124.2ms sql=230
GET /files/htmlpdf/editor/1954/ 3.5ms sql=5
GET /files/htmlpdf/editor/1954/ 5.2ms sql=5
GET /files/htmlpdf/template/1954/ 10.2ms sql=2
GET /files/htmlpdf/api/template-jsons/ 186.5ms sql=13
GET /files/ 466.9ms sql=253
GET /files/task-management/ 36.9ms sql=36
GET /files/task-management/ 34.9ms sql=36
GET /files/task-management/ 32.3ms sql=37
GET /files/task-management/ 40.8ms sql=47
GET /files/task-management/ 192.9ms sql=47
GET /files/htmlpdf/editor/1990/ 3.6ms sql=5
GET /files/htmlpdf/editor/1990/ 3.5ms sql=5
GET /files/htmlpdf/template/1990/ 5.0ms sql=2
GET /files/htmlpdf/api/template-jsons/ 87.2ms sql=13
GET /files/task-management/ 56.7ms sql=47
GET /files/task-management/ 36.8ms sql=37
GET /files/task-management/ 32.4ms sql=37
GET /files/task-management/ 40.5ms sql=47
GET /files/task-management/ 61.0ms sql=48
GET /files/htmlpdf/editor/1954/ 5.1ms sql=5
GET /files/htmlpdf/editor/1954/ 4.2ms sql=5
GET /files/htmlpdf/template/1954/ 1.6ms sql=2
GET /files/htmlpdf/api/template-jsons/ 208.9ms sql=13
GET /files/task-management/ 122.3ms sql=48
GET /files/task-management/ 35.6ms sql=36
GET /files/task-management/ 31.9ms sql=37
GET /files/task-management/ 41.9ms sql=47
GET /files/task-management/ 126.2ms sql=47
GET /files/htmlpdf/editor/1769/ 3.5ms sql=5
GET /files/htmlpdf/editor/1769/ 3.6ms sql=5
GET /files/htmlpdf/template/1769/ 5.0ms sql=2
GET /files/htmlpdf/api/template-jsons/ 100.9ms sql=13
GET / 0.9ms sql=0
GET /login/ 0.9ms sql=0
GET /login/ 0.8ms sql=0
GET / 5.3ms sql=8
GET /files/ 25.4ms sql=60
GET /files/projects/ 11.6ms sql=7
GET /files/ 28.1ms sql=60
GET /files/hospital-info/ 8.0ms sql=3
GET /files/ 27.6ms sql=60
GET /files/projects/ 75.9ms sql=7
GET / 0.2ms sql=0
GET /login/ 0.8ms sql=0
GET / 0.2ms sql=0
GET /login/ 0.9ms sql=0
GET /login/ 0.6ms sql=0
GET / 0.3ms sql=0
GET / 0.1ms sql=0
GET /login/ 2.2ms sql=0
GET /login/ 0.3ms sql=0
GET /favicon.ico 3.7ms sql=0
GET / 0.2ms sql=0
GET /login/ 0.9ms sql=0
GET / 0.2ms sql=0
GET /login/ 0.9ms sql=0
GET / 0.2ms sql=0
GET / 0.2ms sql=0
GET /login/ 0.9ms sql=0
GET / 0.4ms sql=0
GET /login/ 0.9ms sql=0
GET / 0.3ms sql=0
GET / 0.3ms sql=0
GET / 0.2ms sql=0
GET /login/ 0.6ms sql=0
GET / 0.2ms sql=0
GET /login/ 0.8ms sql=0
GET / 0.4ms sql=0
GET /favicon.ico 3.5ms sql=0
GET /api/v2/inspections/projects/260001/tasks 9.9ms sql=0
GET / 0.3ms sql=0
GET /login/ 0.7ms sql=0
GET / 0.3ms sql=0
GET /login/ 0.7ms sql=0
GET /favicon.ico 3.9ms sql=0
GET / 0.3ms sql=0
GET /login/ 0.7ms sql=0
GET / 0.3ms sql=0
GET / 0.2ms sql=0
GET /login/ 0.9ms sql=0
GET /api/Event/Products/Average 3.5ms sql=0
GET / 0.4ms sql=0
GET /index/index/info 3.4ms sql=0
GET /index/index/info 3.9ms sql=0
GET /jw 3.7ms sql=0
GET /index.php/user/login 3.6ms sql=0
GET / 0.3ms sql=0
GET /login/ 0.8ms sql=0
GET /api/Event/Products/Average 3.4ms sql=0
GET /login/ 0.6ms sql=0
GET / 0.2ms sql=0
GET /login/ 0.8ms sql=0
GET /wiki 3.4ms sql=0
GET / 0.2ms sql=0
GET /login/ 0.9ms sql=0
GET /files/ 82.6ms sql=130
GET /files/ 84.2ms sql=130
GET /files/ 88.1ms sql=130
GET /files/ 51.5ms sql=72
GET /files/ 50.5ms sql=72
GET /files/ 53.7ms sql=72
GET /files/2541/preview/ 4.0ms sql=4
GET /files/2541/raw/ 1.0ms sql=2
GET /files/task-management/ 34.6ms sql=36
GET /files/task-management/ 36.6ms sql=36
GET /files/task-management/ 33.1ms sql=37
GET /files/task-management/ 42.2ms sql=47
GET /files/1922/preview/ 3.1ms sql=4
GET /files/1922/raw/ 1.3ms sql=2
GET /files/task-management/ 37.7ms sql=36
GET /files/task-management/ 32.4ms sql=37
GET /files/task-management/ 40.7ms sql=47
GET /files/2032/preview/ 3.3ms sql=4
GET /files/2032/raw/ 1.0ms sql=2
GET /files/ 35.1ms sql=38
GET /files/ 84.6ms sql=130
GET /files/ 84.6ms sql=130
GET /files/ 83.7ms sql=130
GET /files/ 95.8ms sql=130
GET /files/ 92.0ms sql=130
GET /files/ 52.2ms sql=75
GET /files/ 51.0ms sql=75
GET /files/ 56.4ms sql=75
GET /files/2542/preview/ 3.9ms sql=4
GET /files/2542/raw/ 1.0ms sql=2
GET /files/ 19.8ms sql=38
GET /files/ 52.5ms sql=75
GET /files/ 52.9ms sql=75
GET /files/ 55.6ms sql=75
GET /files/ 54.9ms sql=75
GET /files/ 56.7ms sql=75
GET /files/ 33.7ms sql=51
GET /files/ 97.5ms sql=124
GET /files/ 12.6ms sql=24
GET /files/ 37.5ms sql=51
GET /files/ 48.6ms sql=51
GET /files/ 35.6ms sql=51
GET /files/ 40.2ms sql=51
GET /files/ 34.2ms sql=51
GET /files/ 85.6ms sql=130
GET /files/ 83.1ms sql=130
GET /files/ 84.0ms sql=130
GET /files/ 90.2ms sql=130
GET /files/ 39.1ms sql=54
GET /files/ 37.1ms sql=54
GET /files/ 38.2ms sql=54
GET /files/2543/preview/ 4.0ms sql=4
GET /files/2543/raw/ 1.0ms sql=2
GET /files/ 33.9ms sql=38
GET /files/ 84.0ms sql=130
GET /files/ 88.3ms sql=130
GET /files/ 85.2ms sql=130
GET /files/ 85.5ms sql=130
GET /files/ 81.7ms sql=130
GET /files/ 39.1ms sql=57
GET /files/ 39.1ms sql=57
GET /files/ 39.4ms sql=57
GET /files/2544/preview/ 3.8ms sql=4
GET /files/2544/raw/ 1.0ms sql=2
GET /files/ 96.3ms sql=51
GET /files/ 17.7ms sql=33
GET /files/ 11.0ms sql=24
GET /files/ 34.1ms sql=51
GET /files/ 33.8ms sql=51
GET /files/ 33.8ms sql=51
GET /files/2544/preview/ 3.1ms sql=4
GET /files/2544/raw/ 1.2ms sql=2
GET / 0.8ms sql=0
GET /login/ 0.9ms sql=0
GET / 1.1ms sql=0
GET / 17.1ms sql=0
GET /login/ 3.8ms sql=0
GET /files/ 29.8ms sql=38
GET /files/ 123.2ms sql=130
GET /files/ 87.6ms sql=130
GET /files/ 80.3ms sql=130
GET /files/ 82.0ms sql=130
GET /files/ 80.8ms sql=130
GET /files/ 37.3ms sql=54
GET /files/ 36.6ms sql=54
GET /files/ 46.1ms sql=54
GET /files/ 47.4ms sql=54
GET /files/2545/preview/ 4.3ms sql=4
GET /files/2545/raw/ 1.0ms sql=2
GET /files/ 88.7ms sql=38
GET /files/ 87.1ms sql=130
GET /files/ 84.5ms sql=130
GET /files/ 86.1ms sql=130
GET /files/ 41.4ms sql=57
GET /files/ 219.9ms sql=57
GET /files/ 40.1ms sql=57
GET /files/2546/preview/ 4.3ms sql=4
GET /files/2546/raw/ 1.0ms sql=2
GET /files/ 82.8ms sql=38
GET /files/ 81.7ms sql=130
GET /files/ 84.3ms sql=130
GET /files/ 88.0ms sql=130
GET /files/ 41.2ms sql=60
GET /files/ 43.6ms sql=60
GET /files/ 46.0ms sql=60
GET /files/2547/preview/ 4.0ms sql=4
GET /files/2547/raw/ 1.0ms sql=2
GET /login/ 3.8ms sql=0
GET / 0.8ms sql=0
GET /login/ 0.9ms sql=0
GET /favicon.ico 4.4ms sql=0
GET /robots.txt 3.5ms sql=0
GET /sitemap.xml 3.4ms sql=0
GET /config.json 5.6ms sql=0
GET / 0.2ms sql=0
GET / 0.4ms sql=0
GET /login/ 0.9ms sql=0
GET /files/ 29.0ms sql=38
GET /files/ 82.7ms sql=130
GET /files/ 82.9ms sql=130
GET /files/ 85.2ms sql=130
GET /files/ 83.8ms sql=130
GET /files/ 576.4ms sql=130
GET /files/ 44.0ms sql=63
GET /files/ 43.4ms sql=63
GET /files/ 46.2ms sql=63
GET /files/2548/preview/ 4.0ms sql=4
GET /files/2548/raw/ 1.0ms sql=2
GET /files/ 104.0ms sql=130
GET /files/ 83.7ms sql=130
GET /files/2450/preview/ 3.8ms sql=4
GET /files/2450/raw/ 1.0ms sql=2
GET /files/ 603.0ms sql=130
GET /files/ 108.9ms sql=66
GET /files/ 45.8ms sql=66
GET /files/ 46.6ms sql=66
GET /files/2549/preview/ 3.6ms sql=4
GET /files/2549/raw/ 1.5ms sql=2
GET /files/ 143.4ms sql=130
GET /files/ 88.6ms sql=130
GET /files/2450/preview/ 3.3ms sql=4
GET /files/2450/raw/ 1.4ms sql=2
GET /files/ 178.3ms sql=130
GET /files/ 56.6ms sql=69
GET /files/2550/preview/ 4.3ms sql=4
GET /files/2550/raw/ 1.1ms sql=2
GET /files/ 31.2ms sql=38
GET /files/ 83.1ms sql=130
GET /files/ 83.4ms sql=130
GET /files/ 82.4ms sql=130
GET /files/ 101.0ms sql=130
GET /files/ 57.0ms sql=72
GET /files/2551/preview/ 5.7ms sql=4
GET /files/2551/raw/ 1.5ms sql=2
GET /login/ 3.7ms sql=0
GET /files/ 79.7ms sql=38
GET /files/ 49.2ms sql=72
GET /files/ 50.3ms sql=72
GET /files/ 52.2ms sql=72
GET /files/2551/preview/ 3.8ms sql=4
GET /files/2551/raw/ 1.4ms sql=2
GET /files/ 19.5ms sql=38
GET /files/ 82.6ms sql=130
GET /files/ 460.9ms sql=130
GET /files/ 84.3ms sql=130
GET /files/ 83.5ms sql=130
GET /files/ 666.0ms sql=130
GET /files/ 53.4ms sql=75
GET /files/ 54.5ms sql=75
GET /files/ 60.6ms sql=75
GET /files/2552/preview/ 3.4ms sql=4
GET /files/2552/raw/ 1.0ms sql=2
GET /files/ 96.4ms sql=130
GET /files/ 102.5ms sql=130
GET /files/2310/preview/ 4.3ms sql=4
GET /files/2310/raw/ 1.5ms sql=2
GET /files/ 19.9ms sql=38
GET /files/ 86.4ms sql=130
GET /files/ 82.4ms sql=130
GET /files/ 81.4ms sql=130
GET /files/ 85.3ms sql=130
GET /files/2402/preview/ 3.3ms sql=4
GET /files/2402/raw/ 1.1ms sql=2
GET /files/htmlpdf/ 353.2ms sql=990
GET /files/ 86.1ms sql=130
GET /files/ 84.8ms sql=130
GET /files/ 81.8ms sql=130
GET /files/ 82.5ms sql=130
GET /files/htmlpdf/ 364.5ms sql=987
GET /files/htmlpdf/ 362.3ms sql=999
GET /files/htmlpdf/editor/1740/ 6.5ms sql=7
GET /files/htmlpdf/editor/1740/ 4.8ms sql=7
GET /files/htmlpdf/api/template-jsons/ 41.4ms sql=84
GET /files/htmlpdf/template/1740/ 5.2ms sql=4
GET /files/htmlpdf/editor/1558/ 4.3ms sql=7
GET /files/htmlpdf/editor/1558/ 4.9ms sql=7
GET /files/htmlpdf/template/1558/ 3.6ms sql=4
GET /files/htmlpdf/api/template-jsons/ 738.4ms sql=733
GET /files/task-management/ 44.9ms sql=43
GET /files/ 18.6ms sql=32
GET /files/ 119.0ms sql=241
GET /files/ 109.6ms sql=241
GET /files/ 109.9ms sql=241
GET /files/ 121.9ms sql=241
GET /files/ 110.7ms sql=241
GET /files/ 129.4ms sql=241
GET /files/htmlpdf/ 0.8ms sql=0
GET /login/ 1.3ms sql=0
GET /files/ 59.3ms sql=78
GET /files/ 60.3ms sql=78
GET /files/ 57.8ms sql=78
GET /files/2553/preview/ 5.1ms sql=4
GET /files/2553/raw/ 1.1ms sql=2
GET /files/ 58.2ms sql=78
GET /files/ 57.1ms sql=78
GET /files/2552/preview/ 3.6ms sql=4
GET /files/2552/raw/ 1.1ms sql=2
GET /files/ 72.6ms sql=145
GET /files/ 77.4ms sql=145
GET /files/ 78.6ms sql=145
GET /files/ 466.4ms sql=241
GET /files/ 119.5ms sql=241
GET /files/ 15.3ms sql=22
GET /files/ 151.7ms sql=241
GET /files/ 119.2ms sql=241
GET /files/ 112.5ms sql=241
GET /files/ 112.1ms sql=241
GET /files/ 73.2ms sql=145
GET /files/ 74.8ms sql=145
GET /files/ 78.8ms sql=145
GET /files/2553/download/ 2.4ms sql=6
GET /files/2553/download/ 2.3ms sql=6
GET /files/ 110.6ms sql=243
GET /files/ 112.3ms sql=241
GET /files/ 109.2ms sql=241
GET /files/ 73.0ms sql=145
GET /files/ 114.8ms sql=241
GET /files/ 117.4ms sql=241
GET /files/ 111.6ms sql=241
GET /files/ 117.8ms sql=241
GET /files/2310/download/ 4.0ms sql=6
GET /files/ 127.7ms sql=243
GET /files/ 115.2ms sql=241
GET /files/2310/download/ 2.4ms sql=6
GET /files/ 124.1ms sql=241
GET /files/ 116.8ms sql=241
GET /files/ 111.0ms sql=241
GET /files/ 77.5ms sql=153
GET /files/ 79.5ms sql=153
GET /files/ 113.9ms sql=155
GET /files/2554/download/ 2.5ms sql=6
GET /help/usage/ 27.2ms sql=4
GET /files/2554/download/ 3.6ms sql=6
GET /files/ 89.8ms sql=153
GET /files/2554/download/ 3.3ms sql=6
GET /files/htmlpdf/template/1558/ 0.9ms sql=0
GET /login/ 0.9ms sql=0
GET /files/2554/download/ 2.8ms sql=6
GET /files/ 56.3ms sql=81
GET /files/2554/preview/ 3.8ms sql=4
GET /files/2554/raw/ 1.1ms sql=2
GET /files/ 120.9ms sql=130
GET /files/ 99.8ms sql=130
GET /files/ 82.5ms sql=130
GET /files/ 83.2ms sql=130
GET /files/ 92.4ms sql=130
GET /files/ 59.4ms sql=84
GET /files/ 60.8ms sql=84
GET /files/ 59.7ms sql=84
GET /files/2555/preview/ 5.2ms sql=4
GET /files/2555/raw/ 1.1ms sql=2
GET /api/v2/library/files/1927/download/ 6.6ms sql=0
GET /files/ 94.9ms sql=130
GET /files/ 140.0ms sql=130
GET /files/ 102.7ms sql=130
GET /files/ 82.2ms sql=130
GET /files/ 96.8ms sql=130
GET /files/ 97.8ms sql=87
GET /files/ 60.4ms sql=87
GET /files/ 140.5ms sql=87
GET /files/2556/preview/ 6.0ms sql=4
GET /files/2556/raw/ 1.3ms sql=2
GET /files/ 32.4ms sql=38
GET /files/ 83.0ms sql=130
GET /files/ 82.5ms sql=130
GET /files/ 86.9ms sql=130
GET /files/ 81.9ms sql=130
GET /files/ 80.6ms sql=130
GET /files/ 63.4ms sql=90
GET /files/ 74.0ms sql=90
GET /files/ 63.2ms sql=90
GET /files/2557/preview/ 6.0ms sql=4
GET /files/2557/raw/ 1.5ms sql=2
GET /files/ 33.2ms sql=38
GET /files/ 83.0ms sql=130
GET /files/ 95.3ms sql=130
GET /files/ 82.1ms sql=130
GET /files/ 82.6ms sql=130
GET /files/ 83.4ms sql=130
GET /files/ 82.7ms sql=130
GET /files/ 83.7ms sql=130
GET /files/ 656.6ms sql=130
GET /files/ 62.7ms sql=93
GET /files/ 63.4ms sql=93
GET /files/ 66.5ms sql=93
GET /files/2558/preview/ 4.1ms sql=4
GET /files/2558/raw/ 1.0ms sql=2
GET /files/task-management/ 67.7ms sql=46
GET /files/task-management/ 102.3ms sql=43
GET /files/task-management/ 53.7ms sql=44
GET /files/task-management/ 76.7ms sql=63
GET /files/htmlpdf/ 378.8ms sql=989
GET /files/htmlpdf/ 395.4ms sql=986
GET /files/htmlpdf/ 378.7ms sql=987
GET /files/htmlpdf/ 358.6ms sql=999
GET /files/htmlpdf/editor/1558/ 7.1ms sql=7
GET /files/htmlpdf/editor/1558/ 4.2ms sql=7
GET /files/htmlpdf/template/1558/ 9.5ms sql=4
GET /files/htmlpdf/api/template-jsons/ 758.7ms sql=733
GET /files/ 101.1ms sql=130
GET /files/ 137.6ms sql=130
GET /files/2310/preview/ 3.9ms sql=4
GET /files/2310/raw/ 1.0ms sql=2
GET /files/ 95.4ms sql=130
GET /files/ 68.3ms sql=96
GET /files/2559/preview/ 3.4ms sql=4
GET /files/2559/raw/ 1.0ms sql=2
GET /files/htmlpdf/ 357.9ms sql=987
GET /files/ 16.9ms sql=32
GET /files/ 133.6ms sql=250
GET /files/ 112.7ms sql=250
GET /files/ 112.6ms sql=250
GET /files/ 113.7ms sql=250
GET /files/ 116.7ms sql=250
GET /files/ 119.1ms sql=250
GET /files/2564/download/ 3.5ms sql=6
GET /files/2564/download/ 4.8ms sql=6
GET /files/ 167.0ms sql=250
GET /files/ 117.8ms sql=201
GET /files/ 101.2ms sql=201
GET /files/ 153.2ms sql=201
GET /files/2565/download/ 4.1ms sql=6
GET /files/2565/download/ 2.5ms sql=6
GET /files/2565/download/ 0.8ms sql=0
GET /login/ 0.9ms sql=0
GET /files/projects/ 16.0ms sql=6
GET /files/ 21.2ms sql=38
GET /files/task-management/ 101.8ms sql=36
GET /files/task-management/ 33.3ms sql=36
GET /files/task-management/ 33.2ms sql=37
GET /files/task-management/ 42.9ms sql=47
GET /files/task-management/ 54.6ms sql=48
GET /files/htmlpdf/editor/1927/ 4.5ms sql=5
GET /files/htmlpdf/editor/1927/ 3.7ms sql=5
GET /files/htmlpdf/api/template-jsons/ 80.2ms sql=13
GET /files/htmlpdf/template/1927/ 1.1ms sql=2
GET /files/task-management/ 62.5ms sql=48
GET /files/ 23.1ms sql=38
GET /files/ 95.7ms sql=138
GET /files/ 96.5ms sql=138
GET /files/ 87.5ms sql=138
GET /files/ 87.5ms sql=138
GET /files/2570/preview/ 3.4ms sql=4
GET /files/2570/raw/ 1.1ms sql=2
GET /files/ 423.9ms sql=702
GET /files/ 528.2ms sql=702
GET /files/2566/preview/ 7.6ms sql=4
GET /files/ 0.3ms sql=0
GET /files/ 24.2ms sql=38
GET /files/projects/ 11.7ms sql=6
GET /files/projects/ 14.2ms sql=6
GET /files/projects/ 9.9ms sql=6
GET /files/projects/ 10.1ms sql=6
GET /files/projects/ 209.3ms sql=539
GET /files/projects/ 296.5ms sql=539
GET /files/projects/ 243.4ms sql=541
GET /files/task-management/ 32.3ms sql=36
GET /files/ 22.8ms sql=38
GET /files/ 476.5ms sql=706
GET /files/ 88.8ms sql=142
GET /files/ 90.3ms sql=142
GET /files/ 90.3ms sql=142
GET /files/ 120.7ms sql=142
GET /files/2564/preview/ 4.7ms sql=4
GET /files/2564/raw/ 1.8ms sql=2
GET /files/2310/preview/ 3.2ms sql=4
GET /files/2310/raw/ 1.0ms sql=2
GET /files/ 90.3ms sql=142
GET /files/ 69.4ms sql=102
GET /files/ 71.0ms sql=102
GET /files/ 72.0ms sql=102
GET /files/2573/preview/ 4.4ms sql=4
GET /files/2573/raw/ 1.9ms sql=2
GET /files/ 50.7ms sql=38
GET /files/ 89.6ms sql=142
GET /files/ 143.8ms sql=142
GET /files/ 582.3ms sql=142
GET /files/ 113.7ms sql=105
GET /files/ 72.4ms sql=105
GET /files/ 72.2ms sql=105
GET /files/2574/preview/ 3.9ms sql=4
GET /files/2574/raw/ 1.1ms sql=2
GET /files/projects/ 20.5ms sql=7
GET /files/projects/ 15.4ms sql=6
GET /files/projects/ 13.7ms sql=6
GET /files/projects/ 10.1ms sql=6
GET /files/projects/ 212.0ms sql=543
GET /files/projects/ 284.9ms sql=543
GET /files/projects/ 238.9ms sql=545
GET /files/ 32.0ms sql=38
GET /files/ 96.1ms sql=146
GET /files/ 95.9ms sql=146
GET /files/ 92.5ms sql=146
GET /files/ 96.4ms sql=146
GET /files/2576/preview/ 4.6ms sql=4
GET /files/2576/raw/ 1.7ms sql=2
GET /files/task-management/ 35.6ms sql=36
GET /files/task-management/ 108.9ms sql=36
GET /files/task-management/ 36.5ms sql=37
GET /files/task-management/ 46.5ms sql=47
GET /files/htmlpdf/editor/1947/ 5.1ms sql=5
GET /files/htmlpdf/editor/1947/ 4.2ms sql=5
GET /files/htmlpdf/api/template-jsons/ 10.7ms sql=12
GET /files/htmlpdf/template/1947/ 4.3ms sql=2
GET /files/ 994.7ms sql=710
GET /files/task-management/ 50.5ms sql=36
GET /files/task-management/ 34.1ms sql=36
GET /files/task-management/ 32.8ms sql=37
GET /files/task-management/ 40.2ms sql=47
GET /files/htmlpdf/editor/1947/ 5.1ms sql=5
GET /files/htmlpdf/editor/1947/ 5.4ms sql=5
GET /files/htmlpdf/api/template-jsons/ 15.2ms sql=12
GET /files/htmlpdf/template/1947/ 1.4ms sql=2
GET /files/htmlpdf/template/1927/ 1.0ms sql=2
GET /files/htmlpdf/template/1927/ 1.0ms sql=2
GET /files/htmlpdf/template/1927/ 1.0ms sql=2
GET /files/htmlpdf/template/1927/ 1.3ms sql=2
GET /files/htmlpdf/template/1927/ 1.0ms sql=2
GET /files/htmlpdf/template/1927/ 1.4ms sql=2
GET /files/htmlpdf/template/1927/ 1.0ms sql=2
GET /files/ 386.5ms sql=253
GET /files/projects/ 13.5ms sql=6
GET /files/projects/ 14.7ms sql=6
GET /files/projects/ 9.9ms sql=6
GET /files/projects/ 9.7ms sql=6
GET /files/task-management/ 42.4ms sql=36
GET /files/task-management/ 32.2ms sql=36
GET /files/task-management/ 33.5ms sql=37
GET /files/task-management/ 140.7ms sql=47
GET /files/task-management/ 67.5ms sql=48
GET /files/htmlpdf/editor/1927/ 5.3ms sql=5
GET /files/htmlpdf/editor/1927/ 3.8ms sql=5
GET /files/htmlpdf/template/1927/ 1.6ms sql=2
GET /files/htmlpdf/api/template-jsons/ 84.4ms sql=13
GET /files/task-management/ 89.2ms sql=48
GET /files/projects/ 9.8ms sql=6
GET /files/projects/ 14.5ms sql=6
GET /files/projects/ 11.0ms sql=6
GET /files/projects/ 10.2ms sql=6
GET /files/projects/ 309.4ms sql=545
GET /files/projects/ 212.6ms sql=545
GET /files/projects/ 212.8ms sql=547
GET /files/ 27.9ms sql=38
GET /files/ 94.0ms sql=150
GET /files/ 104.4ms sql=150
GET /files/ 93.5ms sql=150
GET /files/ 99.5ms sql=150
GET /files/2579/preview/ 4.3ms sql=4
GET /files/2579/raw/ 1.5ms sql=2
GET /files/htmlpdf/ 127.0ms sql=225
GET /files/htmlpdf/ 125.6ms sql=225
GET /files/htmlpdf/ 326.4ms sql=226
GET /files/htmlpdf/ 128.9ms sql=230
GET /files/htmlpdf/editor/1927/ 3.7ms sql=5
GET /files/htmlpdf/editor/1927/ 5.1ms sql=5
GET /files/htmlpdf/template/1927/ 6.0ms sql=2
GET /files/htmlpdf/api/template-jsons/ 161.8ms sql=13
GET /files/htmlpdf/api/template-jsons/ 172.2ms sql=13
GET /files/ 483.0ms sql=253
GET /files/ 391.7ms sql=253
GET /files/ 416.0ms sql=253
GET /files/2580/download/ 1.0ms sql=2
GET /files/2580/download/ 1.2ms sql=2
GET /files/projects/ 14.8ms sql=6
GET /files/projects/ 9.9ms sql=6
GET /files/projects/ 10.1ms sql=6
GET /files/projects/ 14.4ms sql=6
GET /files/projects/ 219.6ms sql=547
GET /files/projects/ 244.2ms sql=547
GET /files/projects/ 310.3ms sql=549
GET /files/ 20.2ms sql=38
GET /files/ 101.5ms sql=154
GET /files/ 128.1ms sql=154
GET /files/ 99.2ms sql=154
GET /files/ 102.8ms sql=154
GET /files/2582/preview/ 3.3ms sql=4
GET /files/2582/raw/ 1.6ms sql=2
GET /files/ 136.4ms sql=297
GET /files/ 102.8ms sql=217
GET /files/ 24.6ms sql=38
GET /files/ 103.5ms sql=158
GET /files/ 164.4ms sql=158
GET /files/ 100.6ms sql=158
GET /files/ 101.5ms sql=158
GET /files/2584/preview/ 3.6ms sql=4
GET /files/2584/raw/ 1.6ms sql=2
GET /files/ 455.5ms sql=722
GET /files/ 436.8ms sql=722
GET /files/2583/preview/ 3.4ms sql=4
GET /files/ 31.1ms sql=38
GET /files/projects/ 14.2ms sql=7
GET /files/projects/ 10.5ms sql=6
GET /files/projects/ 9.7ms sql=6
GET /files/projects/ 9.7ms sql=6
GET /files/projects/ 217.0ms sql=551
GET /files/projects/ 216.8ms sql=551
GET /files/projects/ 214.9ms sql=553
GET /files/ 18.8ms sql=38
GET /files/ 514.6ms sql=726
GET /files/ 440.3ms sql=726
GET /files/ 452.4ms sql=726
GET /files/ 449.0ms sql=726
GET /files/ 450.9ms sql=726
GET /files/ 107.0ms sql=162
GET /files/2586/preview/ 3.9ms sql=4
GET /files/2586/raw/ 1.5ms sql=2
GET /files/ 20.2ms sql=38
GET /files/ 102.6ms sql=162
GET /files/ 106.5ms sql=162
GET /files/ 119.3ms sql=162
GET /files/ 114.0ms sql=162
GET /files/ 675.6ms sql=162
GET /files/ 74.8ms sql=108
GET /files/ 73.6ms sql=108
GET /files/ 77.4ms sql=108
GET /files/2587/preview/ 6.8ms sql=4
GET /files/2587/raw/ 1.5ms sql=2
GET /files/task-management/ 36.3ms sql=36
GET /files/task-management/ 34.0ms sql=36
GET /files/task-management/ 100.3ms sql=37
GET /files/task-management/ 42.1ms sql=47
GET /files/htmlpdf/editor/1947/ 3.5ms sql=5
GET /files/htmlpdf/editor/1947/ 3.6ms sql=5
GET /files/htmlpdf/api/template-jsons/ 12.2ms sql=12
GET /files/htmlpdf/template/1947/ 3.1ms sql=2
GET /files/htmlpdf/template/1927/ 1.4ms sql=2
GET /files/2586/preview/ 5.2ms sql=4
GET /files/2586/raw/ 1.6ms sql=2
GET /files/htmlpdf/ 350.8ms sql=988
GET /files/htmlpdf/ 382.5ms sql=986
GET /files/htmlpdf/ 348.6ms sql=987
GET /files/htmlpdf/ 349.1ms sql=999
GET /files/htmlpdf/editor/1558/ 6.5ms sql=7
GET /files/htmlpdf/editor/1558/ 4.7ms sql=7
GET /files/htmlpdf/template/1558/ 6.7ms sql=4
GET /files/htmlpdf/api/template-jsons/ 1595.7ms sql=733
GET /files/htmlpdf/api/use-template-pdf/ 0.8ms sql=0
GET /files/ 38.1ms sql=38
GET /files/ 104.5ms sql=162
GET /files/ 424.1ms sql=162
GET /files/ 103.1ms sql=162
GET /files/ 112.1ms sql=162
GET /files/2586/preview/ 6.2ms sql=4
GET /files/2586/raw/ 1.5ms sql=2
GET /files/ 73.6ms sql=108
GET /files/ 73.7ms sql=108
GET /files/ 75.3ms sql=108
GET /files/ 73.9ms sql=108
GET /files/ 76.4ms sql=108
GET /files/2587/preview/ 4.2ms sql=4
GET /files/2587/raw/ 1.0ms sql=2
GET /files/task-management 5.0ms sql=0
GET /files/task-management/ 0.7ms sql=0
GET /login/ 3.1ms sql=0
GET / 0.2ms sql=0
GET / 0.3ms sql=0
GET /login/ 1.0ms sql=0
GET /favicon.ico 4.0ms sql=0
GET / 0.2ms sql=0
GET /login/ 0.6ms sql=0
GET /api/v2/auth/token/refresh/ 28.5ms sql=0
GET / 0.3ms sql=0
GET /login/ 0.6ms sql=0
GET / 0.3ms sql=0
GET / 0.2ms sql=0
GET /login/ 0.8ms sql=0
GET /login/favicon.ico 3.3ms sql=0
GET /favicon.ico 3.4ms sql=0
GET / 0.3ms sql=0
GET /login/ 0.7ms sql=0
GET /files/ 113.6ms sql=162
GET /files/ 108.3ms sql=162
GET /files/ 122.5ms sql=162
GET /files/ 77.3ms sql=111
GET /files/ 78.2ms sql=111
GET /files/ 83.2ms sql=111
GET /files/2588/preview/ 4.5ms sql=4
GET /files/2588/raw/ 1.0ms sql=2
GET /files/htmlpdf/ 124.4ms sql=226
GET /files/task-management/ 99.7ms sql=36
GET /files/htmlpdf/ 144.2ms sql=225
GET /files/htmlpdf/ 120.6ms sql=225
GET /files/htmlpdf/ 126.9ms sql=226
GET /files/htmlpdf/ 125.1ms sql=225
GET /files/htmlpdf/ 124.5ms sql=225
GET /files/htmlpdf/ 136.3ms sql=226
GET /files/htmlpdf/ 125.0ms sql=230
GET /files/htmlpdf/editor/1947/ 3.6ms sql=5
GET /files/htmlpdf/editor/1947/ 3.9ms sql=5
GET /files/htmlpdf/api/template-jsons/ 12.4ms sql=12
GET /files/htmlpdf/template/1947/ 1.0ms sql=2
GET /files/ 75.2ms sql=111
GET /files/ 80.6ms sql=111
GET /files/2505/preview/ 3.3ms sql=4
GET /files/2505/raw/ 1.0ms sql=2
GET /files/ 56.3ms sql=38
GET /files/ 107.1ms sql=162
GET /files/ 160.3ms sql=162
GET /files/ 109.0ms sql=162
GET /files/ 109.2ms sql=162
GET /files/ 119.2ms sql=162
GET /files/ 78.0ms sql=114
GET /files/ 79.2ms sql=114
GET /files/ 81.7ms sql=114
GET /files/2589/preview/ 4.2ms sql=4
GET /files/2589/raw/ 1.0ms sql=2
GET /files/ 54.8ms sql=38
GET /files/ 105.0ms sql=162
GET /files/ 161.9ms sql=162
GET /files/ 118.1ms sql=162
GET /files/ 105.9ms sql=162
GET /files/ 108.1ms sql=162
GET /files/ 83.7ms sql=117
GET /files/ 82.7ms sql=117
GET /files/ 88.9ms sql=117
GET /files/2590/preview/ 3.9ms sql=4
GET /files/2590/raw/ 1.0ms sql=2
GET /files/ 106.4ms sql=162
GET /files/ 107.1ms sql=162
GET /files/2456/preview/ 89.7ms sql=4
GET /files/2456/raw/ 1.5ms sql=2
GET /files/ 138.4ms sql=162
GET /files/ 86.7ms sql=120
GET /files/ 84.1ms sql=120
GET /files/ 88.0ms sql=120
GET /files/2591/preview/ 4.7ms sql=4
GET /files/2591/raw/ 1.4ms sql=2
GET /files/task-management/ 101.1ms sql=37
GET /files/task-management/ 33.7ms sql=36
GET /files/task-management/ 36.1ms sql=37
GET /files/task-management/ 55.1ms sql=47
GET /files/projects/ 12.9ms sql=6
GET /files/projects/ 9.6ms sql=6
GET /files/projects/ 10.1ms sql=6
GET /files/projects/ 11.3ms sql=6
GET /files/projects/ 217.8ms sql=558
GET /files/projects/ 281.1ms sql=558
GET /files/projects/ 260.9ms sql=558
GET /files/projects/ 276.7ms sql=558
GET /files/task-management/ 33.3ms sql=36
GET /files/task-management/ 32.6ms sql=36
GET /files/task-management/ 37.6ms sql=37
GET /files/task-management/ 57.0ms sql=47
GET /files/htmlpdf/editor/2013/ 3.5ms sql=5
GET /files/htmlpdf/editor/2013/ 3.8ms sql=5
GET /files/htmlpdf/api/template-jsons/ 34.2ms sql=12
GET /files/htmlpdf/template/2013/ 2.7ms sql=2
GET /files/task-management/ 706.7ms sql=47
GET /files/task-management/ 250.0ms sql=37
GET /files/task-management/ 34.8ms sql=37
GET /files/task-management/ 47.8ms sql=47
GET /files/task-management/ 33.5ms sql=37
GET /files/task-management/ 53.7ms sql=47
GET /files/2013/preview/ 5.2ms sql=4
GET /files/2013/raw/ 1.2ms sql=2
GET /api/v2/inspections/projects/260001/tasks/23/export-frontend-json 5.4ms sql=0
GET /files/task-management/ 64.6ms sql=48
GET /files/htmlpdf/editor/2013/ 3.8ms sql=5
GET /files/htmlpdf/editor/2013/ 5.3ms sql=5
GET /files/htmlpdf/template/2013/ 72.5ms sql=2
GET /files/htmlpdf/api/template-jsons/ 370.5ms sql=13
GET /files/task-management/ 121.4ms sql=48
GET /files/task-management/ 41.7ms sql=47
GET /files/task-management/ 136.3ms sql=47
GET /files/htmlpdf/editor/2013/ 3.7ms sql=5
GET /files/htmlpdf/editor/2013/ 4.8ms sql=5
GET /files/htmlpdf/template/2013/ 9.1ms sql=2
GET /files/htmlpdf/api/template-jsons/ 319.7ms sql=13
GET /files/task-management/ 43.2ms sql=47
GET /files/htmlpdf/editor/1972/ 4.5ms sql=5
GET /files/htmlpdf/editor/1972/ 3.7ms sql=5
GET /files/htmlpdf/api/template-jsons/ 10.0ms sql=12
GET /files/htmlpdf/template/1972/ 1.4ms sql=2
GET /files/task-management/ 39.5ms sql=46
GET /files/task-management/ 36.7ms sql=44
GET /files/task-management/ 47.9ms sql=60
GET /files/task-management/ 129.6ms sql=60
GET /files/htmlpdf/ 352.0ms sql=992
GET /files/task-management/ 59.7ms sql=60
GET /files/htmlpdf/ 348.5ms sql=992
GET /files/htmlpdf/editor/2223/ 4.5ms sql=7
GET /files/htmlpdf/editor/2223/ 4.2ms sql=7
GET /files/htmlpdf/template/2223/ 11.1ms sql=4
GET /files/htmlpdf/api/template-jsons/ 253.0ms sql=185
GET /api/v2/inspections/projects/260001/tasks/32/export-frontend-json 3.2ms sql=0
GET /files/htmlpdf/api/template-jsons/ 0.9ms sql=0
GET /login/ 1.2ms sql=0
GET /api/v2/inspections/projects/260001/tasks/44/export-frontend-json 2.9ms sql=0
GET /files/htmlpdf/ 0.6ms sql=0
GET /login/ 1.5ms sql=0
GET /files/projects/ 20.5ms sql=7
GET /files/projects/ 11.0ms sql=6
GET /files/projects/ 66.2ms sql=6
GET /files/projects/ 9.7ms sql=6
GET /files/projects/ 215.3ms sql=559
GET /files/projects/ 215.5ms sql=559
GET /files/task-management/ 65.4ms sql=62
GET /files/ 28.5ms sql=32
GET /files/ 146.6ms sql=319
GET /files/ 167.4ms sql=319
GET /files/ 215.5ms sql=319
GET /files/ 147.9ms sql=319
GET /files/ 177.4ms sql=319
GET /files/ 17.3ms sql=32
GET /files/ 143.1ms sql=319
GET /files/ 150.2ms sql=319
GET /files/ 149.6ms sql=319
GET /files/ 172.2ms sql=319
GET /files/ 145.1ms sql=319
GET /files/ 19.3ms sql=38
GET /files/ 20.3ms sql=32
GET /files/ 17.5ms sql=32
GET /files/ 149.0ms sql=319
GET /files/ 105.6ms sql=162
GET /files/ 107.5ms sql=162
GET /files/ 19.8ms sql=32
GET /files/ 105.6ms sql=162
GET /files/ 17.4ms sql=32
GET /files/ 107.5ms sql=162
GET /files/ 670.9ms sql=32
GET /files/ 7364.5ms sql=319
GET /files/ 536.9ms sql=319
GET /files/ 435.5ms sql=162
GET /files/ 90.9ms sql=126
GET /files/ 91.4ms sql=126
GET /files/ 91.8ms sql=126
GET /files/2593/preview/ 3.8ms sql=4
GET /files/2593/raw/ 1.0ms sql=2
GET /files/ 20.7ms sql=38
GET /files/ 163.4ms sql=162
GET /files/ 105.4ms sql=162
GET / 0.8ms sql=0
GET /login/ 0.9ms sql=0
GET /files/ 105.3ms sql=162
GET / 7.1ms sql=9
GET /files/ 105.8ms sql=162
GET /files/htmlpdf/ 350.1ms sql=986
GET /files/ 106.3ms sql=162
GET /files/projects/ 12.7ms sql=6
GET /files/projects/ 10.4ms sql=6
GET /files/projects/ 11.7ms sql=6
GET /files/projects/ 11.4ms sql=6
GET /files/projects/ 218.3ms sql=560
GET /files/projects/ 227.9ms sql=560
GET / 0.2ms sql=0
GET / 0.2ms sql=0
GET /login/ 0.6ms sql=0
GET /files/htmlpdf/ 370.4ms sql=999
GET /files/htmlpdf/editor/1762/ 6.1ms sql=7
GET /files/htmlpdf/editor/1762/ 4.2ms sql=7
GET /files/htmlpdf/template/1762/ 17.0ms sql=4
GET /files/htmlpdf/api/template-jsons/ 362.0ms sql=99
GET /files/task-management/ 73.4ms sql=60
GET /files/htmlpdf/editor/1762/ 0.3ms sql=0
GET /files/htmlpdf/editor/1762/ 4.7ms sql=7
GET /files/htmlpdf/editor/1762/ 4.2ms sql=7
GET /files/htmlpdf/template/1762/ 4.0ms sql=4
GET /files/htmlpdf/api/template-jsons/ 424.1ms sql=99
GET /files/task-management/ 70.2ms sql=62
GET /files/htmlpdf/editor/1762/ 4.6ms sql=7
GET /files/htmlpdf/editor/1762/ 4.5ms sql=7
GET /files/htmlpdf/template/1762/ 23.7ms sql=4
GET /files/htmlpdf/api/template-jsons/ 440.8ms sql=99
GET /files/ 19.2ms sql=38
GET /files/ 89.2ms sql=126
GET /files/ 90.7ms sql=126
GET /files/ 88.4ms sql=126
GET /files/ 88.5ms sql=126
GET /files/ 88.7ms sql=126
GET /files/htmlpdf/template/1762/ 0.3ms sql=0
GET /login/ 0.7ms sql=0
GET /files/2592/preview/ 3.6ms sql=4
GET /files/2592/raw/ 1.1ms sql=2
GET /files/htmlpdf/api/template-jsons/ 0.3ms sql=0
GET /login/ 0.9ms sql=0
GET /files/task-management/ 38.1ms sql=36
GET /files/task-management/ 35.0ms sql=36
GET /files/task-management/ 118.0ms sql=37
GET /files/task-management/ 60.0ms sql=47
GET /files/task-management/ 62.6ms sql=48
GET /files/task-management/ 59.5ms sql=47
GET /files/ 20.4ms sql=38
GET /files/task-management/ 38.6ms sql=45
GET /api/v2/inspections/projects 23.9ms sql=0
GET /files/task-management/ 122.6ms sql=63
GET /files/task-management/ 47.1ms sql=60
GET /files/htmlpdf/ 353.9ms sql=999
GET /files/htmlpdf/editor/2219/ 5.0ms sql=7
GET /files/htmlpdf/editor/2219/ 5.9ms sql=7
GET /files/htmlpdf/api/template-jsons/ 46.7ms sql=112
GET /files/htmlpdf/template/2219/ 1.8ms sql=4
GET /files/task-management/ 47.3ms sql=60
GET /files/task-management/ 56.8ms sql=60
GET /files/htmlpdf/ 346.5ms sql=992
GET /files/ 121.8ms sql=38
GET /files/htmlpdf/ 1715.2ms sql=992
GET /files/projects/ 44.9ms sql=6
GET /files/htmlpdf/editor/2223/ 35.3ms sql=7
GET /files/htmlpdf/editor/2223/ 20.7ms sql=7
GET /files/htmlpdf/template/2223/ 12.1ms sql=4
GET /files/htmlpdf/api/template-jsons/ 720.8ms sql=185
GET /files/projects/ 35.9ms sql=6
GET /files/projects/ 32.4ms sql=6
GET /files/projects/ 38.9ms sql=6
GET /files/projects/ 859.4ms sql=560
GET /files/task-management/ 82.3ms sql=60
GET /files/projects/ 218.8ms sql=560
GET /files/projects/ 222.7ms sql=562
GET /files/ 19.6ms sql=38
GET /files/ 117.0ms sql=166
GET /files/ 106.0ms sql=166
GET /files/ 121.6ms sql=166
GET /files/ 112.5ms sql=166
GET /files/2595/preview/ 5.4ms sql=4
GET /files/2595/raw/ 1.4ms sql=2
GET /files/htmlpdf/ 130.0ms sql=225
GET /files/htmlpdf/ 124.8ms sql=225
GET /files/htmlpdf/ 125.2ms sql=226
GET /files/htmlpdf/ 127.2ms sql=230
GET /files/htmlpdf/ 123.5ms sql=226
GET /files/htmlpdf/ 123.0ms sql=225
GET /files/htmlpdf/ 120.8ms sql=225
GET /files/htmlpdf/ 184.1ms sql=225
GET /files/htmlpdf/ 119.3ms sql=226
GET /files/htmlpdf/ 124.9ms sql=230
GET /files/htmlpdf/editor/2013/ 16.7ms sql=5
GET /files/htmlpdf/editor/2013/ 13.7ms sql=5
GET /files/htmlpdf/template/2013/ 6.5ms sql=2
GET /files/htmlpdf/api/template-jsons/ 91.2ms sql=13
GET /files/ 497.0ms sql=256
GET /files/task-management/ 35.5ms sql=44
GET /files/task-management/ 57.7ms sql=60
GET /files/task-management/ 149.5ms sql=60
GET /api/v2/library/files/1762/download/ 2.9ms sql=0
GET /files/task-management/ 64.1ms sql=60
GET /files/task-management/ 0.9ms sql=0
GET /login/ 1.0ms sql=0
GET /files/htmlpdf/api/template-jsons/ 0.3ms sql=0
GET /login/ 0.8ms sql=0
GET /api/v2/inspections/projects/260001/tasks/21/files/site_record 7.1ms sql=0
GET /files/ 18.5ms sql=34
GET /files/projects/ 8.6ms sql=7
GET /files/ 20.4ms sql=32
GET /files/task-management/ 35.1ms sql=43
GET /api/v2/inspections/projects/260001/tasks/21/files/2586/download/site_record 3.8ms sql=0
GET /files/task-management/ 108.3ms sql=62
GET /files/task-management/ 37.6ms sql=43
GET /files/task-management/ 46.5ms sql=44
GET /files/task-management/ 48.0ms sql=60
GET /files/task-management/ 34.6ms sql=44
GET /files/task-management/ 46.7ms sql=60
GET /files/task-management/ 200.4ms sql=43
GET /files/task-management/ 34.5ms sql=44
GET /files/task-management/ 48.2ms sql=60
GET /files/htmlpdf/ 0.4ms sql=0
GET /login/ 0.7ms sql=0
GET /files/task-management/ 44.8ms sql=37
GET /files/task-management/ 35.3ms sql=36
GET /files/task-management/ 33.5ms sql=37
GET /files/task-management/ 54.6ms sql=47
GET /files/task-management/ 63.5ms sql=48
GET /files/task-management/ 52.5ms sql=47
GET /files/htmlpdf/ 129.4ms sql=225
GET /files/htmlpdf/ 122.7ms sql=225
GET /files/task-management/ 49.2ms sql=64
GET /files/htmlpdf/ 134.8ms sql=226
GET /files/htmlpdf/ 183.5ms sql=230
GET /files/htmlpdf/editor/2013/ 5.1ms sql=5
GET /files/htmlpdf/editor/2013/ 5.9ms sql=5
GET /files/htmlpdf/api/template-jsons/ 58.7ms sql=13
GET /files/htmlpdf/template/2013/ 3.4ms sql=2
GET /files/task-management/ 38.1ms sql=44
GET /files/task-management/ 41.4ms sql=43
GET /files/task-management/ 48.6ms sql=60
GET /api/v2/inspections/projects/260001/tasks/21/files/2553/download/report 8.0ms sql=0
GET /files/task-management/ 47.6ms sql=60
GET /api/v2/inspections/projects/260001/tasks/22/files/site_record 3.6ms sql=0
GET /files/task-management/ 37.9ms sql=43
GET /files/task-management/ 37.5ms sql=44
GET /files/task-management/ 58.0ms sql=60
GET /files/htmlpdf/ 374.2ms sql=999
GET /files/htmlpdf/editor/2026/ 4.2ms sql=7
GET /files/htmlpdf/editor/2026/ 4.4ms sql=7
GET /files/htmlpdf/api/template-jsons/ 9.9ms sql=14
GET /files/htmlpdf/template/2026/ 1.6ms sql=4
GET /files/task-management/ 48.7ms sql=60
GET /files/task-management/ 46.0ms sql=60
GET /files/htmlpdf/ 352.9ms sql=999
GET /files/htmlpdf/editor/2026/ 4.5ms sql=7
GET /files/htmlpdf/editor/2026/ 5.2ms sql=7
GET /files/htmlpdf/api/template-jsons/ 30.8ms sql=71
GET /files/htmlpdf/template/2026/ 2.1ms sql=4
GET /files/task-management/ 46.7ms sql=60
GET /files/task-management/ 44.8ms sql=60
GET /files/htmlpdf/ 377.0ms sql=999
GET /files/htmlpdf/editor/2026/ 4.4ms sql=7
GET /files/htmlpdf/editor/2026/ 4.4ms sql=7
GET /files/htmlpdf/api/template-jsons/ 8.9ms sql=14
GET /files/htmlpdf/template/2026/ 1.8ms sql=4
GET /files/task-management/ 135.3ms sql=60
GET /files/task-management/ 47.1ms sql=60
GET /files/task-management/ 48.2ms sql=60
GET /files/task-management/ 44.9ms sql=60
GET /files/htmlpdf/editor/2013/ 3.6ms sql=5
GET /files/htmlpdf/api/template-jsons/ 52.1ms sql=13
GET /files/htmlpdf/template/2013/ 2.2ms sql=2
GET /files/task-management/ 39.9ms sql=43
GET /files/task-management/ 35.5ms sql=44
GET /files/task-management/ 65.8ms sql=60
GET /files/ 510.8ms sql=256
GET /files/htmlpdf/editor/2013/ 3.6ms sql=5
GET /files/htmlpdf/template/2013/ 1.6ms sql=2
GET /files/htmlpdf/api/template-jsons/ 138.3ms sql=13
GET /files/htmlpdf/ 373.4ms sql=999
GET /files/htmlpdf/editor/2013/ 6.2ms sql=7
GET /files/htmlpdf/editor/2013/ 4.3ms sql=7
GET /files/htmlpdf/api/template-jsons/ 41.7ms sql=14
GET /files/htmlpdf/template/2013/ 2.4ms sql=4
GET /files/task-management/ 121.3ms sql=60
GET /files/htmlpdf/editor/2013/ 7.4ms sql=7
GET /files/htmlpdf/editor/2013/ 20.9ms sql=7
GET /files/htmlpdf/template/2013/ 24.0ms sql=4
GET /files/htmlpdf/api/template-jsons/ 176.8ms sql=14
GET /files/task-management/ 692.7ms sql=60
GET /files/task-management/ 151.5ms sql=60
GET /files/htmlpdf/ 351.4ms sql=992
GET /files/htmlpdf/editor/2013/ 4.4ms sql=7
GET /files/htmlpdf/editor/2013/ 6.6ms sql=7
GET /files/htmlpdf/api/template-jsons/ 75.8ms sql=32
GET /files/htmlpdf/template/2013/ 2.6ms sql=4
GET /files/task-management/ 65.5ms sql=60
GET /files/task-management/ 63.2ms sql=60
GET /files/htmlpdf/editor/2013/ 0.8ms sql=0
GET /login/ 1.0ms sql=0
GET /files/task-management/ 48.4ms sql=62
GET /api/v2/inspections/projects/260001/tasks/23/files/site_record 3.1ms sql=0
GET /files/task-management/ 43.9ms sql=60
GET /files/task-management/ 47.1ms sql=60
GET /files/htmlpdf/ 0.3ms sql=0
GET /login/ 0.8ms sql=0
GET /files/htmlpdf/template/2013/ 0.3ms sql=0
GET /login/ 0.5ms sql=0
GET / 0.3ms sql=0
GET /files/htmlpdf/editor/2013/ 3.7ms sql=5
GET /files/htmlpdf/template/2013/ 2.3ms sql=2
GET /files/htmlpdf/api/template-jsons/ 128.2ms sql=13
GET /files/ 516.2ms sql=256
GET /files/ 114.6ms sql=174
GET /files/ 116.3ms sql=174
GET /files/ 112.1ms sql=174
GET /files/ 296.0ms sql=174
GET /files/ 132.9ms sql=174
GET /files/htmlpdf/editor/2013/ 0.3ms sql=0
GET /login/ 0.7ms sql=0
GET /files/htmlpdf/api/template-jsons/ 0.3ms sql=0
GET /login/ 0.6ms sql=0
GET /files/ 552.2ms sql=746
GET /files/ 559.9ms sql=746
GET /files/ 456.4ms sql=746
GET /files/ 470.3ms sql=746
GET /files/ 465.0ms sql=746
GET /files/ 488.3ms sql=746
GET /files/ 573.4ms sql=746
GET /files/ 457.5ms sql=746
GET /files/ 461.2ms sql=746
GET /files/ 458.8ms sql=746
GET /files/ 458.0ms sql=746
GET / 0.3ms sql=0
GET / 0.2ms sql=0
GET /login/ 0.7ms sql=0
GET / 0.4ms sql=0
GET /login/ 0.6ms sql=0
GET / 0.3ms sql=0
GET /api/Event/Products/Average 5.7ms sql=0
GET /index/index/info 3.5ms sql=0
GET /jw 5.0ms sql=0
GET /index.php/user/login 3.9ms sql=0
GET /index/index/info 4.6ms sql=0
GET /jw 3.6ms sql=0
GET /favicon.ico 4.0ms sql=0
GET / 0.3ms sql=0
GET /api/v2/library/files/2223/download 5.7ms sql=0
GET /api/v2/library/files/2223/download/ 2.6ms sql=0
GET /files/task-management/ 0.3ms sql=0
GET /login/ 0.6ms sql=0
GET / 0.9ms sql=0
GET /login/ 2.9ms sql=0
GET / 0.2ms sql=0
GET / 0.3ms sql=0
GET /login/ 0.9ms sql=0
GET /favicon.ico 3.5ms sql=0
GET /login/ 0.7ms sql=0
GET / 0.3ms sql=0
GET /login/ 0.7ms sql=0
GET /api/v2/library/files/2261/download/ 5.6ms sql=0
GET /api/v2/inspections/projects/260001/tasks/22/export-frontend-json 3.0ms sql=0
GET /files/ 177.2ms sql=174
GET /files/ 147.6ms sql=174
GET /files/ 122.4ms sql=174
GET /files/ 139.7ms sql=174
GET /api/v2/inspections/projects/260001/tasks/17/export-frontend-json 2.8ms sql=0
GET /files/task-management/ 134.5ms sql=63
GET /files/task-management/ 46.3ms sql=62
GET /files/task-management/ 119.0ms sql=60
GET /files/htmlpdf/editor/1919/ 4.3ms sql=7
GET /files/htmlpdf/editor/1919/ 5.9ms sql=7
GET /files/htmlpdf/template/1919/ 3.9ms sql=4
GET /files/htmlpdf/api/template-jsons/ 189.2ms sql=29
GET /api/v2/inspections/projects/260001/tasks/25/export-frontend-json 3.4ms sql=0
GET /api/v2/library/files/1769/download/ 2.7ms sql=0
GET /files/htmlpdf/api/template-jsons/ 0.5ms sql=0
GET /api/v2/library/files/2013/download/ 2.8ms sql=0
GET /files/htmlpdf/editor/1919/ 0.3ms sql=0
GET /login/ 0.7ms sql=0
GET /files/task-management/ 86.0ms sql=62
GET /files/task-management/ 116.2ms sql=60
GET /files/task-management/ 66.4ms sql=60
GET /files/htmlpdf/editor/1762/ 4.4ms sql=7
GET /files/htmlpdf/editor/1762/ 6.4ms sql=7
GET /files/htmlpdf/template/1762/ 4.2ms sql=4
GET /files/htmlpdf/api/template-jsons/ 382.9ms sql=99
GET / 8.8ms sql=9
GET /files/ 23.5ms sql=32
GET /files/ 345.5ms sql=754
GET /files/htmlpdf/ 356.0ms sql=986
GET /files/htmlpdf/ 373.9ms sql=986
GET /files/htmlpdf/ 368.6ms sql=987
GET /files/htmlpdf/ 353.2ms sql=999
GET /files/htmlpdf/editor/1769/ 6.6ms sql=7
GET /files/htmlpdf/editor/1769/ 6.6ms sql=7
GET /files/htmlpdf/template/1769/ 6.5ms sql=4
GET /files/htmlpdf/api/template-jsons/ 212.9ms sql=169
GET /files/task-management/ 69.8ms sql=60
GET /files/htmlpdf/ 377.3ms sql=992
GET /files/htmlpdf/editor/1769/ 4.3ms sql=7
GET /files/htmlpdf/editor/1769/ 4.9ms sql=7
GET /files/htmlpdf/template/1769/ 10.3ms sql=4
GET /files/htmlpdf/api/template-jsons/ 177.6ms sql=169
GET /files/task-management/ 58.8ms sql=60
GET /files/task-management/ 34.5ms sql=43
GET /files/task-management/ 53.9ms sql=43
GET /files/task-management/ 35.9ms sql=44
GET /files/task-management/ 47.1ms sql=43
GET /files/task-management/ 35.4ms sql=44
GET /files/task-management/ 126.4ms sql=60
GET /files/task-management/ 55.2ms sql=61
GET /files/htmlpdf/ 359.0ms sql=993
GET /files/htmlpdf/editor/1769/ 4.6ms sql=7
GET /files/htmlpdf/editor/1769/ 6.6ms sql=7
GET /files/htmlpdf/template/1769/ 9.7ms sql=4
GET /files/htmlpdf/api/template-jsons/ 142.5ms sql=169
GET /files/task-management/ 58.1ms sql=60
GET /files/task-management/ 69.6ms sql=60
GET /files/htmlpdf/ 377.7ms sql=992
GET /files/htmlpdf/editor/1850/ 4.2ms sql=7
GET /files/htmlpdf/editor/1850/ 7.1ms sql=7
GET /files/htmlpdf/template/1850/ 2.8ms sql=4
GET /files/htmlpdf/api/template-jsons/ 309.4ms sql=155
GET /files/task-management/ 132.3ms sql=60
GET /files/htmlpdf/ 343.1ms sql=986
GET /files/htmlpdf/ 353.9ms sql=986
GET /files/htmlpdf/ 342.6ms sql=987
GET /files/htmlpdf/ 350.4ms sql=999
GET /files/htmlpdf/editor/1769/ 4.2ms sql=7
GET /files/htmlpdf/editor/1769/ 4.3ms sql=7
GET /files/htmlpdf/template/1769/ 6.9ms sql=4
GET /files/htmlpdf/api/template-jsons/ 163.6ms sql=169
GET /files/htmlpdf/template/1850/ 0.3ms sql=0
GET /login/ 0.6ms sql=0
GET / 6.1ms sql=9
GET /files/htmlpdf/ 350.3ms sql=986
GET /files/htmlpdf/ 360.7ms sql=986
GET /files/htmlpdf/ 362.1ms sql=987
GET /files/htmlpdf/ 347.0ms sql=999
GET /files/htmlpdf/editor/1769/ 6.3ms sql=7
GET /files/htmlpdf/editor/1769/ 4.6ms sql=7
GET /files/htmlpdf/template/1769/ 4.7ms sql=4
GET /files/htmlpdf/api/template-jsons/ 155.4ms sql=169
GET /files/htmlpdf/editor/1850/ 0.3ms sql=0
GET /files/task-management/ 69.7ms sql=62
GET /files/task-management/ 51.5ms sql=60
GET /files/htmlpdf/editor/1790/ 5.7ms sql=7
GET /files/htmlpdf/editor/1790/ 4.2ms sql=7
GET /files/htmlpdf/api/template-jsons/ 32.7ms sql=70
GET /files/htmlpdf/template/1790/ 1.8ms sql=4
GET /api/v2/auth/token/refresh/ 12.0ms sql=0
GET /files/htmlpdf/template/1762/ 2.8ms sql=4
GET /api/v2/library/files/1991/download/ 2.8ms sql=0
GET /files/htmlpdf/template/1762/ 2.5ms sql=4
GET /files/htmlpdf/template/1762/ 2.7ms sql=4
GET /files/task-management/ 55.8ms sql=62
GET /files/task-management/ 58.3ms sql=60
GET /files/htmlpdf/ 345.0ms sql=992
GET /files/htmlpdf/editor/1991/ 6.7ms sql=7
GET /files/htmlpdf/editor/1991/ 7.4ms sql=7
GET /files/htmlpdf/template/1991/ 4.2ms sql=4
GET /files/htmlpdf/api/template-jsons/ 402.8ms sql=296
GET /files/htmlpdf/template/1790/ 0.3ms sql=0
GET /login/ 0.6ms sql=0
GET /api/v2/inspections/projects/260001/tasks/18/export-frontend-json 2.8ms sql=0
GET /files/ 896.9ms sql=2078
GET /files/htmlpdf/api/template-jsons/ 0.3ms sql=0
GET /login/ 0.7ms sql=0
GET /files/ 341.2ms sql=754
GET /files/htmlpdf/ 388.3ms sql=986
GET /files/htmlpdf/ 383.9ms sql=986
GET /files/htmlpdf/ 361.6ms sql=987
GET /files/htmlpdf/ 370.9ms sql=1005
GET /files/htmlpdf/editor/1991/ 6.6ms sql=7
GET /files/htmlpdf/editor/1991/ 5.3ms sql=7
GET /files/htmlpdf/template/1991/ 4.3ms sql=4
GET /files/htmlpdf/api/template-jsons/ 335.2ms sql=310
GET /files/htmlpdf/template/1991/ 0.3ms sql=0
GET /login/ 0.6ms sql=0
GET /files/htmlpdf/api/site-template-bundle/ 0.3ms sql=0
GET /files/htmlpdf/template/1762/ 1.8ms sql=4
GET /files/task-management/ 32.8ms sql=36
GET /files/task-management/ 35.5ms sql=36
GET /files/task-management/ 55.9ms sql=47
GET /api/v2/library/files/2261/download 14.3ms sql=0
GET /api/v2/library/files/2261/download/ 6.0ms sql=0
GET /files/htmlpdf/template/1762/ 2.0ms sql=4
GET /files/htmlpdf/editor/1991/ 3.6ms sql=5
GET /files/htmlpdf/editor/1991/ 3.6ms sql=5
GET /files/htmlpdf/template/1991/ 4.2ms sql=2
GET /files/htmlpdf/api/template-jsons/ 261.4ms sql=13
GET /files/htmlpdf/template/1762/ 1.8ms sql=4
GET /files/htmlpdf/template/1762/ 1.8ms sql=4
GET /files/htmlpdf/template/1762/ 2.8ms sql=4
GET /files/htmlpdf/template/1762/ 1.8ms sql=4
GET /files/ 400.9ms sql=256
GET /files/task-management/ 136.5ms sql=47
GET /files/htmlpdf/editor/1991/ 5.5ms sql=5
GET /files/htmlpdf/editor/1991/ 5.7ms sql=5
GET /files/htmlpdf/template/1991/ 1.4ms sql=2
GET /files/htmlpdf/api/template-jsons/ 195.5ms sql=13
GET /files/htmlpdf/api/export-json/ 0.2ms sql=0
GET /files/task-management/ 53.6ms sql=47
GET /files/htmlpdf/api/template-jsons/ 0.3ms sql=0
GET /files/htmlpdf/editor/1991/ 5.2ms sql=5
GET /files/htmlpdf/editor/1991/ 3.8ms sql=5
GET /files/htmlpdf/template/1991/ 9.0ms sql=2
GET /files/htmlpdf/api/template-jsons/ 266.8ms sql=13
GET /files/task-management/ 121.5ms sql=62
GET /files/task-management/ 50.8ms sql=60
GET /files/htmlpdf/ 359.5ms sql=999
GET /files/htmlpdf/editor/1947/ 4.6ms sql=7
GET /files/htmlpdf/editor/1947/ 4.4ms sql=7
GET /files/htmlpdf/api/template-jsons/ 20.6ms sql=42
GET /files/htmlpdf/template/1947/ 1.8ms sql=4
GET /files/htmlpdf/editor/1947/ 0.3ms sql=0
GET /files/task-management/ 55.2ms sql=62
GET /files/task-management/ 144.8ms sql=60
GET /files/htmlpdf/editor/2026/ 4.3ms sql=7
GET /files/htmlpdf/editor/2026/ 4.3ms sql=7
GET /files/htmlpdf/api/template-jsons/ 8.8ms sql=14
GET /files/htmlpdf/template/2026/ 1.6ms sql=4
GET /files/htmlpdf/template/2026/ 2.3ms sql=4
GET /files/task-management/ 156.7ms sql=60
GET /files/htmlpdf/editor/2026/ 6.6ms sql=7
GET /files/htmlpdf/editor/2026/ 6.7ms sql=7
GET /files/htmlpdf/api/template-jsons/ 29.3ms sql=71
GET /files/htmlpdf/template/2026/ 1.8ms sql=4
GET /files/task-management/ 116.7ms sql=60
GET /files/htmlpdf/template/1947/ 0.3ms sql=0
GET /login/ 0.8ms sql=0
GET /files/task-management/ 46.6ms sql=60
GET /files/task-management/ 56.5ms sql=61
GET /files/htmlpdf/ 348.6ms sql=993
GET /files/htmlpdf/editor/1927/ 5.6ms sql=7
GET /files/htmlpdf/editor/1927/ 6.3ms sql=7
GET /files/htmlpdf/template/1927/ 5.6ms sql=4
GET /files/htmlpdf/api/template-jsons/ 123.4ms sql=129
GET /files/task-management/ 86.8ms sql=63
GET /files/task-management/ 45.7ms sql=60
GET /files/htmlpdf/ 352.8ms sql=999
GET /files/htmlpdf/editor/1947/ 4.3ms sql=7
GET /files/htmlpdf/editor/1947/ 4.6ms sql=7
GET /files/htmlpdf/api/template-jsons/ 21.2ms sql=42
GET /files/htmlpdf/template/1947/ 5.1ms sql=4
GET /files/htmlpdf/api/template-jsons/ 0.9ms sql=0
GET /login/ 1.0ms sql=0
GET /files/htmlpdf/editor/2026/ 4.8ms sql=7
GET /files/htmlpdf/editor/2026/ 4.2ms sql=7
GET /files/htmlpdf/api/template-jsons/ 31.5ms sql=71
GET /files/htmlpdf/template/2026/ 2.6ms sql=4
GET /files/htmlpdf/template/1927/ 0.3ms sql=0
GET /login/ 0.7ms sql=0
GET /files/htmlpdf/editor/1991/ 3.6ms sql=5
GET /files/htmlpdf/template/1991/ 1.1ms sql=2
GET /files/htmlpdf/api/template-jsons/ 241.2ms sql=13
GET /files/task-management/ 62.6ms sql=62
GET /files/task-management/ 47.4ms sql=60
GET /files/htmlpdf/editor/2026/ 4.3ms sql=7
GET /files/htmlpdf/editor/2026/ 4.2ms sql=7
GET /files/htmlpdf/api/template-jsons/ 8.9ms sql=14
GET /files/htmlpdf/template/2026/ 2.7ms sql=4
GET /files/htmlpdf/template/2026/ 1.9ms sql=4
GET /files/htmlpdf/editor/2026/ 6.1ms sql=7
GET /files/htmlpdf/editor/2026/ 4.2ms sql=7
GET /files/htmlpdf/api/template-jsons/ 8.8ms sql=14
GET /files/htmlpdf/template/2026/ 1.8ms sql=4
GET /files/task-management/ 51.1ms sql=60
GET /files/task-management/ 52.9ms sql=62
GET /files/task-management/ 174.6ms sql=60
GET /files/htmlpdf/editor/1919/ 4.7ms sql=7
GET /files/htmlpdf/editor/1919/ 4.4ms sql=7
GET /files/htmlpdf/template/1919/ 3.8ms sql=4
GET /files/htmlpdf/api/template-jsons/ 238.9ms sql=29
GET /files/task-management/ 47.4ms sql=62
GET /files/task-management/ 53.9ms sql=61
GET /files/htmlpdf/ 346.0ms sql=993
GET /files/htmlpdf/editor/1927/ 5.0ms sql=7
GET /files/htmlpdf/editor/1927/ 4.5ms sql=7
GET /files/htmlpdf/api/template-jsons/ 119.3ms sql=129
GET /files/htmlpdf/template/1927/ 9.1ms sql=4
GET /files/ 822.8ms sql=2106
GET /files/task-management/ 34.3ms sql=43
GET /files/task-management/ 38.4ms sql=43
GET /files/task-management/ 35.4ms sql=44
GET /files/task-management/ 46.2ms sql=60
GET /files/task-management/ 57.1ms sql=61
GET /files/htmlpdf/ 343.6ms sql=993
GET /files/htmlpdf/editor/1991/ 5.7ms sql=7
GET /files/htmlpdf/editor/1991/ 4.6ms sql=7
GET /files/htmlpdf/template/1991/ 3.6ms sql=4
GET /files/htmlpdf/api/template-jsons/ 363.7ms sql=324
GET /files/task-management/ 112.9ms sql=63
GET /files/ 851.7ms sql=2108
GET /files/ 346.9ms sql=754
GET /files/htmlpdf/ 354.5ms sql=986
GET /files/htmlpdf/ 367.9ms sql=986
GET /files/htmlpdf/ 349.3ms sql=987
GET /files/htmlpdf/ 351.3ms sql=1005
GET /files/htmlpdf/editor/2024/ 4.2ms sql=7
GET /files/htmlpdf/editor/2024/ 4.9ms sql=7
GET /files/htmlpdf/api/template-jsons/ 65.2ms sql=85
GET /files/htmlpdf/template/2024/ 3.5ms sql=4
GET /files/task-management/ 100.5ms sql=60
GET /files/task-management/ 62.0ms sql=60
GET /files/htmlpdf/ 369.9ms sql=992
GET /files/htmlpdf/editor/1991/ 4.3ms sql=7
GET /files/htmlpdf/editor/1991/ 7.7ms sql=7
GET /files/htmlpdf/template/1991/ 6.2ms sql=4
GET /files/htmlpdf/api/template-jsons/ 295.2ms sql=339
GET /files/task-management/ 111.9ms sql=60
GET /files/task-management/ 98.7ms sql=60
GET /files/htmlpdf/editor/1919/ 6.3ms sql=7
GET /files/htmlpdf/editor/1919/ 4.5ms sql=7
GET /files/htmlpdf/template/1919/ 4.5ms sql=4
GET /files/htmlpdf/api/template-jsons/ 178.8ms sql=29
GET /files/htmlpdf/editor/2024/ 0.9ms sql=0
GET /login/ 0.9ms sql=0
GET /files/ 783.0ms sql=2120
GET /files/task-management/ 35.1ms sql=43
GET /files/task-management/ 139.1ms sql=60
GET /files/htmlpdf/ 373.9ms sql=992
GET /files/htmlpdf/editor/1991/ 4.5ms sql=7
GET /files/htmlpdf/editor/1991/ 5.4ms sql=7
GET /files/htmlpdf/template/1991/ 10.8ms sql=4
GET /files/htmlpdf/api/template-jsons/ 307.8ms sql=353
GET /files/ 794.3ms sql=2136
GET /files/task-management/ 102.2ms sql=44
GET /files/task-management/ 60.2ms sql=60
GET /files/htmlpdf/ 348.3ms sql=992
GET /files/htmlpdf/editor/1991/ 6.3ms sql=7
GET /files/htmlpdf/editor/1991/ 4.5ms sql=7
GET /files/htmlpdf/template/1991/ 6.6ms sql=4
GET /files/htmlpdf/api/template-jsons/ 383.5ms sql=367
GET /files/htmlpdf/ 0.8ms sql=0
GET /login/ 1.0ms sql=0
GET /api/v2/library/files/2013/download 6.9ms sql=0
GET /files/task-management/ 0.7ms sql=0
GET /login/ 64.8ms sql=0
GET /api/v2/library/files/2013/download/ 62.6ms sql=0
GET /files/htmlpdf/editor/1991/ 4.5ms sql=5
GET /files/htmlpdf/template/1991/ 4.8ms sql=2
GET /files/htmlpdf/api/template-jsons/ 197.3ms sql=13
GET /files/task-management/ 64.6ms sql=48
GET /files/task-management/ 34.7ms sql=37
GET /files/task-management/ 52.0ms sql=47
GET /files/task-management/ 126.2ms sql=47
GET /files/htmlpdf/editor/1765/ 3.6ms sql=5
GET /files/htmlpdf/editor/1765/ 3.8ms sql=5
GET /files/htmlpdf/template/1765/ 8.4ms sql=2
GET /files/htmlpdf/api/template-jsons/ 1338.3ms sql=13
GET /files/task-management/ 67.4ms sql=47
GET /files/task-management/ 42.0ms sql=37
GET /files/task-management/ 48.6ms sql=37
GET /files/task-management/ 42.1ms sql=47
GET /files/task-management/ 88.9ms sql=47
GET /files/htmlpdf/editor/1558/ 3.7ms sql=5
GET /files/htmlpdf/editor/1558/ 3.7ms sql=5
GET /files/htmlpdf/template/1558/ 4.9ms sql=2
GET /files/htmlpdf/api/template-jsons/ 503.3ms sql=13
GET /files/task-management/ 63.1ms sql=47
GET /files/ 871.9ms sql=2150
GET /files/htmlpdf/ 348.0ms sql=986
GET /files/htmlpdf/ 347.0ms sql=992
GET /files/htmlpdf/editor/1991/ 4.3ms sql=7
GET /files/htmlpdf/editor/1991/ 6.7ms sql=7
GET /files/htmlpdf/template/1991/ 9.9ms sql=4
GET /files/htmlpdf/api/template-jsons/ 407.3ms sql=381
GET /files/task-management/ 49.7ms sql=38
GET /files/task-management/ 46.8ms sql=47
GET /files/task-management/ 54.7ms sql=47
GET /files/htmlpdf/editor/1991/ 5.5ms sql=5
GET /files/htmlpdf/editor/1991/ 6.1ms sql=5
GET /files/htmlpdf/template/1991/ 6.4ms sql=2
GET /files/htmlpdf/api/template-jsons/ 308.4ms sql=13
GET /files/task-management/ 53.4ms sql=47
GET / 0.8ms sql=0
GET /login/ 0.9ms sql=0
GET /files/task-management/ 0.4ms sql=0
GET /login/ 1.0ms sql=0
GET /files/ 1515.9ms sql=2164
GET /files/ 377.1ms sql=754
GET /files/htmlpdf/ 354.5ms sql=986
GET /files/htmlpdf/ 358.5ms sql=986
GET /files/htmlpdf/ 371.9ms sql=987
GET /files/htmlpdf/ 374.7ms sql=1005
GET /files/htmlpdf/editor/1991/ 7.0ms sql=7
GET /files/htmlpdf/editor/1991/ 4.5ms sql=7
GET /files/htmlpdf/template/1991/ 13.1ms sql=4
GET /files/htmlpdf/api/template-jsons/ 460.1ms sql=395
GET /files/task-management/ 76.2ms sql=60
GET /files/task-management/ 76.5ms sql=60
GET /files/htmlpdf/ 341.1ms sql=992
GET /files/htmlpdf/editor/1991/ 4.2ms sql=7
GET /files/htmlpdf/editor/1991/ 4.8ms sql=7
GET /files/htmlpdf/template/1991/ 4.0ms sql=4
GET /files/htmlpdf/api/template-jsons/ 419.2ms sql=395
GET /files/task-management/ 60.7ms sql=62
GET /files/htmlpdf/ 368.6ms sql=992
GET /files/htmlpdf/ 383.5ms sql=1005
GET /files/htmlpdf/editor/1922/ 4.3ms sql=7
GET /files/htmlpdf/editor/1922/ 4.2ms sql=7
GET /files/htmlpdf/api/template-jsons/ 48.0ms sql=84
GET /files/htmlpdf/template/1922/ 2.6ms sql=4
GET /files/task-management/ 50.5ms sql=62
GET /files/task-management/ 77.3ms sql=60
GET /files/task-management/ 50.0ms sql=60
GET /files/htmlpdf/ 348.2ms sql=992
GET /files/htmlpdf/editor/2026/ 6.2ms sql=7
GET /files/htmlpdf/editor/2026/ 6.8ms sql=7
GET /files/htmlpdf/api/template-jsons/ 29.4ms sql=71
GET /files/htmlpdf/template/2026/ 2.6ms sql=4
GET /files/ 788.9ms sql=2164
GET /files/ 403.6ms sql=835
GET /files/task-management/ 41.5ms sql=43
GET /files/task-management/ 51.2ms sql=60
GET /files/task-management/ 56.5ms sql=60
GET /files/task-management/ 108.9ms sql=60
GET /files/task-management/ 63.6ms sql=60
GET /files/task-management/ 47.3ms sql=60
GET /files/task-management/ 58.0ms sql=60
GET /files/task-management/ 54.0ms sql=62
GET /files/htmlpdf/ 366.8ms sql=986
GET /files/htmlpdf/ 352.5ms sql=992
GET /files/htmlpdf/editor/2026/ 4.7ms sql=7
GET /files/htmlpdf/editor/2026/ 4.8ms sql=7
GET /files/htmlpdf/api/template-jsons/ 31.7ms sql=73
GET /files/htmlpdf/template/2026/ 1.9ms sql=4
GET /files/ 842.5ms sql=2178
GET /files/ 803.3ms sql=2178
GET /files/ 170.4ms sql=367
GET / 0.4ms sql=0
GET /files/htmlpdf/ 355.6ms sql=986
GET /login/ 0.7ms sql=0
GET /files/htmlpdf/ 352.6ms sql=992
GET /files/htmlpdf/editor/2026/ 6.4ms sql=7
GET /files/htmlpdf/editor/2026/ 6.2ms sql=7
GET /files/htmlpdf/api/template-jsons/ 55.9ms sql=87
GET /files/htmlpdf/template/2026/ 2.2ms sql=4
GET /files/htmlpdf/ 350.9ms sql=986
GET /files/task-management/ 38.5ms sql=43
GET /api/v2/inspections/projects/260001/tasks/18/submit 6.0ms sql=0
GET /files/task-management/ 48.1ms sql=60
GET /files/task-management/ 59.8ms sql=60
GET /files/task-management/ 47.0ms sql=60
GET /files/task-management/ 77.9ms sql=60
GET /files/task-management/ 128.8ms sql=60
GET /files/htmlpdf/ 353.7ms sql=992
GET /files/task-management/ 34.7ms sql=43
GET /files/htmlpdf/ 355.9ms sql=986
GET /files/htmlpdf/ 346.8ms sql=992
GET /files/task-management/ 47.4ms sql=60
GET /files/task-management/ 55.7ms sql=60
GET /files/task-management/ 36.5ms sql=44
GET /files/task-management/ 76.4ms sql=60
GET /files/task-management/ 45.6ms sql=59
GET /files/task-management/ 47.0ms sql=59
GET /files/ 17.3ms sql=32
GET /files/task-management/ 73.3ms sql=62
GET /files/ 8.7ms sql=12
GET /files/task-management/ 61.2ms sql=60
GET /files/ 11.6ms sql=12
GET /files/ 168.5ms sql=371
GET /files/ 168.3ms sql=371
GET /files/htmlpdf/ 333.3ms sql=946
GET /files/htmlpdf/ 344.2ms sql=952
GET /files/htmlpdf/ 336.1ms sql=959
GET /files/task-management/ 78.5ms sql=60
GET /files/htmlpdf/ 370.0ms sql=952
GET /files/task-management/ 109.1ms sql=43
GET /files/htmlpdf/ 346.2ms sql=946
GET /files/task-management/ 36.7ms sql=43
GET /files/task-management/ 37.8ms sql=43
GET /files/task-management/ 39.9ms sql=44
GET /files/task-management/ 49.1ms sql=60
GET /files/task-management/ 113.5ms sql=61
GET /files/2026/download/ 2.4ms sql=4
GET /files/2026/download/ 3.3ms sql=4
GET /files/2039/download/ 2.7ms sql=4
GET /files/2039/download/ 1.8ms sql=4
GET /files/htmlpdf/api/template-jsons/ 0.3ms sql=0
GET /login/ 0.6ms sql=0
GET /files/task-management/ 51.6ms sql=60
GET /files/task-management/ 45.7ms sql=60
GET /files/task-management/ 50.0ms sql=58
GET /files/task-management/ 52.6ms sql=56
GET /files/task-management/ 79.5ms sql=60
GET /files/task-management/ 101.2ms sql=58
GET /files/task-management/ 79.2ms sql=60
GET /files/htmlpdf/ 357.1ms sql=962
GET /files/htmlpdf/editor/2633/ 3.4ms sql=6
GET /files/htmlpdf/editor/2633/ 3.8ms sql=6
GET /files/htmlpdf/api/template-jsons/ 30.4ms sql=82
GET /files/htmlpdf/template/2633/ 1.8ms sql=4
GET /files/task-management/ 70.5ms sql=60
GET /files/task-management/ 98.5ms sql=60
GET /files/ 856.0ms sql=2193
GET /files/ 178.5ms sql=371
GET /files/task-management/ 73.4ms sql=60
GET /files/task-management/ 36.9ms sql=43
GET /sse 3.9ms sql=0
GET /files/task-management/ 275.4ms sql=60
GET /files/task-management/ 65.1ms sql=60
GET /files/task-management/ 62.0ms sql=60
GET /files/task-management/ 65.7ms sql=60
GET /files/task-management/ 54.7ms sql=60
GET /files/task-management/ 116.6ms sql=43
GET /api/v2/inspections/projects/260001/tasks/28/export-frontend-json 3.4ms sql=0
GET /files/task-management/ 51.1ms sql=58
GET /files/htmlpdf/ 339.6ms sql=962
GET /files/htmlpdf/editor/2633/ 3.4ms sql=6
GET /files/htmlpdf/editor/2633/ 3.3ms sql=6
GET /files/htmlpdf/api/template-jsons/ 36.8ms sql=95
GET /files/htmlpdf/template/2633/ 2.7ms sql=4
GET /files/htmlpdf/ 0.3ms sql=0
GET /login/ 0.6ms sql=0
GET /files/ 748.0ms sql=2209
GET /files/ 244.2ms sql=371
GET /files/task-management/ 36.0ms sql=43
GET /files/task-management/ 36.5ms sql=44
GET /files/task-management/ 49.4ms sql=60
GET /files/task-management/ 39.3ms sql=44
GET /files/task-management/ 47.6ms sql=60
GET /api/v2/library/files/1850/download/ 2.8ms sql=0
GET /files/task-management/ 64.1ms sql=60
GET /files/htmlpdf/ 366.1ms sql=972
GET /files/htmlpdf/editor/1991/ 5.4ms sql=7
GET /files/htmlpdf/editor/1991/ 4.0ms sql=7
GET /files/htmlpdf/template/1991/ 10.0ms sql=4
GET /files/htmlpdf/api/template-jsons/ 417.2ms sql=395
GET /files/htmlpdf/editor/2633/ 0.3ms sql=0
GET /login/ 0.7ms sql=0
GET /files/2039/download/ 0.2ms sql=0
GET /login/ 0.7ms sql=0
GET /files/task-management/ 67.7ms sql=62
GET /files/task-management/ 37.6ms sql=43
GET /files/task-management/ 59.6ms sql=60
GET /files/htmlpdf/ 349.0ms sql=972
GET /files/htmlpdf/editor/2024/ 4.6ms sql=7
GET /files/htmlpdf/editor/2024/ 6.8ms sql=7
GET /files/htmlpdf/template/2024/ 4.0ms sql=4
GET /files/htmlpdf/api/template-jsons/ 148.4ms sql=85
GET /files/task-management/ 61.1ms sql=60
GET /files/htmlpdf/ 368.3ms sql=972
GET /files/htmlpdf/editor/2024/ 5.8ms sql=7
GET /files/htmlpdf/editor/2024/ 4.7ms sql=7
GET /files/htmlpdf/api/template-jsons/ 63.6ms sql=85
GET /files/htmlpdf/template/2024/ 2.6ms sql=4
GET /files/task-management/ 68.2ms sql=62
GET /files/ 907.6ms sql=2207
GET /files/htmlpdf/ 356.7ms sql=972
GET /files/htmlpdf/editor/1769/ 5.1ms sql=7
GET /files/htmlpdf/editor/1769/ 4.6ms sql=7
GET /files/htmlpdf/template/1769/ 8.3ms sql=4
GET /files/htmlpdf/api/template-jsons/ 155.7ms sql=169
GET /files/htmlpdf/ 387.2ms sql=966
GET /files/task-management/ 37.8ms sql=43
GET /files/task-management/ 40.4ms sql=43
GET /files/task-management/ 110.3ms sql=44
GET /files/task-management/ 48.0ms sql=60
GET /files/task-management/ 64.9ms sql=61
GET /files/htmlpdf/ 365.6ms sql=973
GET /files/htmlpdf/editor/2024/ 6.2ms sql=7
GET /files/htmlpdf/editor/2024/ 6.6ms sql=7
GET /files/htmlpdf/api/template-jsons/ 78.8ms sql=100
GET /files/htmlpdf/template/2024/ 1.6ms sql=4
GET /files/ 666.6ms sql=1621
GET /files/task-management/ 44.0ms sql=43
GET /files/task-management/ 66.8ms sql=60
GET /files/htmlpdf/ 363.1ms sql=972
GET /files/htmlpdf/editor/1990/ 4.2ms sql=7
GET /files/htmlpdf/editor/1990/ 4.6ms sql=7
GET /files/htmlpdf/template/1990/ 3.4ms sql=4
GET /files/htmlpdf/api/template-jsons/ 131.3ms sql=141
GET /files/task-management/ 0.3ms sql=0
GET /login/ 0.6ms sql=0
GET /files/htmlpdf/ 336.5ms sql=972
GET /files/htmlpdf/editor/1850/ 4.3ms sql=7
GET /files/htmlpdf/editor/1850/ 6.2ms sql=7
GET /files/htmlpdf/template/1850/ 3.7ms sql=4
GET /files/htmlpdf/api/template-jsons/ 277.9ms sql=155
GET /files/ 923.3ms sql=2223
GET /files/task-management/ 36.9ms sql=43
GET /files/task-management/ 61.2ms sql=60
GET /files/htmlpdf/ 346.5ms sql=972
GET /files/htmlpdf/editor/2024/ 6.5ms sql=7
GET /files/htmlpdf/editor/2024/ 4.6ms sql=7
GET /files/htmlpdf/api/template-jsons/ 106.8ms sql=114
GET /files/htmlpdf/template/2024/ 1.9ms sql=4
GET /files/htmlpdf/ 0.4ms sql=0
GET /login/ 0.7ms sql=0
GET /files/task-management/ 147.5ms sql=62
GET /files/task-management/ 49.5ms sql=62
GET /files/htmlpdf/editor/1868/ 6.6ms sql=7
GET /files/htmlpdf/editor/1868/ 4.2ms sql=7
GET /files/htmlpdf/api/template-jsons/ 11.3ms sql=14
GET /files/htmlpdf/template/1868/ 1.7ms sql=4
GET /files/htmlpdf/template/1919/ 2.7ms sql=4
GET /files/htmlpdf/editor/1868/ 0.3ms sql=0
GET /login/ 0.7ms sql=0
GET /files/htmlpdf/template/1919/ 1.8ms sql=4
GET /files/task-management/ 48.3ms sql=64
GET /files/task-management/ 60.8ms sql=60
GET /files/htmlpdf/editor/2032/ 6.4ms sql=7
GET /files/htmlpdf/editor/2032/ 4.4ms sql=7
GET /files/htmlpdf/api/template-jsons/ 18.1ms sql=16
GET /files/htmlpdf/template/2032/ 2.3ms sql=4
GET /files/task-management/ 54.2ms sql=60
GET /files/task-management/ 58.2ms sql=60
GET /files/htmlpdf/editor/2026/ 6.5ms sql=7
GET /files/htmlpdf/editor/2026/ 4.9ms sql=7
GET /files/htmlpdf/api/template-jsons/ 14.1ms sql=15
GET /files/htmlpdf/template/2026/ 1.8ms sql=4
GET /files/task-management/ 53.3ms sql=60
GET /files/task-management/ 50.2ms sql=60
GET /files/htmlpdf/editor/2026/ 5.4ms sql=7
GET /files/htmlpdf/editor/2026/ 4.6ms sql=7
GET /files/htmlpdf/api/template-jsons/ 12.7ms sql=14
GET /files/htmlpdf/template/2026/ 1.8ms sql=4
GET /files/task-management/ 48.7ms sql=60
GET /files/task-management/ 38.8ms sql=44
GET /files/task-management/ 48.3ms sql=60
GET /files/htmlpdf/template/1868/ 0.3ms sql=0
GET /files/htmlpdf/editor/2026/ 0.3ms sql=0
GET /login/ 0.6ms sql=0
GET /files/htmlpdf/api/template-jsons/ 0.3ms sql=0
GET /login/ 0.6ms sql=0
GET /files/task-management/ 42.2ms sql=45
GET / 0.3ms sql=0
GET /login/ 0.8ms sql=0
GET /files/task-management/ 70.1ms sql=60
GET / 5.4ms sql=8
GET /files/task-management/ 94.8ms sql=36
GET /files/task-management/ 32.8ms sql=36
GET /files/task-management/ 60.9ms sql=47
GET /files/task-management/ 38.7ms sql=46
GET /files/htmlpdf/editor/1850/ 5.5ms sql=5
GET /files/htmlpdf/editor/1850/ 5.5ms sql=5
GET /files/htmlpdf/template/1850/ 9.4ms sql=2
GET /files/htmlpdf/api/template-jsons/ 269.9ms sql=13
GET /files/task-management/ 76.0ms sql=60
GET /files/htmlpdf/ 368.8ms sql=972
GET /files/htmlpdf/editor/1850/ 6.5ms sql=7
GET /files/htmlpdf/editor/1850/ 6.0ms sql=7
GET /files/htmlpdf/template/1850/ 4.7ms sql=4
GET /files/htmlpdf/api/template-jsons/ 330.9ms sql=155
GET /files/task-management/ 64.3ms sql=47
GET /files/htmlpdf/ 341.3ms sql=972
GET /files/htmlpdf/ 363.4ms sql=979
GET /files/htmlpdf/ 1069.0ms sql=972
GET /files/htmlpdf/editor/1850/ 6.2ms sql=7
GET /files/htmlpdf/editor/1850/ 6.4ms sql=7
GET /files/htmlpdf/template/1850/ 3.0ms sql=4
GET /files/htmlpdf/api/template-jsons/ 384.0ms sql=155
GET /files/ 729.5ms sql=2237
GET /files/task-management/ 36.3ms sql=43
GET /files/htmlpdf/ 344.4ms sql=966
GET /files/htmlpdf/ 341.5ms sql=972
GET /files/htmlpdf/editor/2024/ 6.3ms sql=7
GET /files/htmlpdf/editor/2024/ 6.7ms sql=7
GET /files/htmlpdf/api/template-jsons/ 103.9ms sql=128
GET /files/htmlpdf/template/2024/ 2.7ms sql=4
GET / 0.3ms sql=0
GET /login/ 0.8ms sql=0
GET /favicon.ico 5.5ms sql=0
GET / 0.2ms sql=0
GET /login/ 0.8ms sql=0
GET / 0.3ms sql=0
GET /files/task-management/ 61.5ms sql=60
GET /files/task-management/ 74.4ms sql=60
GET /files/ 19.7ms sql=38
GET /files/ 375.2ms sql=256
GET /files/ 329.9ms sql=256
GET /files/ 518.6ms sql=256
GET /files/ 307.5ms sql=256
GET /files/task-management/ 68.7ms sql=60
GET /files/ 299.5ms sql=256
GET /files/ 312.3ms sql=256
GET /files/task-management/ 55.4ms sql=58
GET /files/2518/preview/ 59.1ms sql=4
GET /files/ 41.4ms sql=38
GET /files/task-management/ 150.2ms sql=60
GET /files/ 126.8ms sql=190
GET /files/task-management/ 83.0ms sql=60
GET /files/ 122.5ms sql=190
GET /files/htmlpdf/ 348.7ms sql=972
GET /files/htmlpdf/editor/1850/ 5.1ms sql=7
GET /files/htmlpdf/editor/1850/ 4.2ms sql=7
GET /files/htmlpdf/template/1850/ 11.2ms sql=4
GET /files/htmlpdf/api/template-jsons/ 318.4ms sql=155
GET /files/ 369.6ms sql=256
GET /files/ 303.7ms sql=256
GET /files/ 307.0ms sql=256
GET /files/ 401.3ms sql=256
GET /files/ 335.0ms sql=256
GET /files/ 296.7ms sql=256
GET /files/ 382.2ms sql=256
GET /files/ 306.7ms sql=256
GET /files/ 385.2ms sql=256
GET /files/ 323.0ms sql=256
GET /files/ 406.5ms sql=256
GET /files/ 321.4ms sql=256
GET /files/ 326.7ms sql=256
GET /files/task-management/ 35.3ms sql=36
GET /files/task-management/ 65.4ms sql=47
GET /files/task-management/ 61.2ms sql=47
GET /files/ 19.8ms sql=38
GET /files/projects/ 13.1ms sql=6
GET /files/commission-manage/ 46.4ms sql=37
GET /files/ 27.5ms sql=38
GET /files/ 395.1ms sql=256
GET /files/ 299.3ms sql=256
GET /files/ 394.9ms sql=256
GET /files/2640/preview/ 66.8ms sql=4
GET /files/task-management/ 0.3ms sql=0
GET /files/task-management/ 32.4ms sql=36
GET /files/task-management/ 127.8ms sql=47
GET /files/htmlpdf/editor/1850/ 5.4ms sql=5
GET /files/htmlpdf/editor/1850/ 3.5ms sql=5
GET /files/htmlpdf/template/1850/ 1.6ms sql=2
GET /files/htmlpdf/api/template-jsons/ 236.5ms sql=13
GET /files/task-management/ 38.7ms sql=45
GET /files/task-management/ 67.8ms sql=60
GET /files/task-management/ 71.2ms sql=60
GET /files/task-management/ 57.3ms sql=58
GET /files/task-management/ 65.9ms sql=60
GET /files/task-management/ 109.0ms sql=58
GET /files/task-management/ 51.3ms sql=58
GET /files/task-management/ 67.8ms sql=60
GET /files/task-management/ 130.2ms sql=58
GET /files/task-management/ 68.1ms sql=60
GET /files/task-management/ 61.7ms sql=60
GET /files/task-management/ 123.0ms sql=60
GET /files/task-management/ 69.8ms sql=60
GET /files/task-management/ 53.5ms sql=58
GET /files/task-management/ 69.3ms sql=60
GET /files/task-management/ 73.3ms sql=60
GET /files/task-management/ 51.6ms sql=58
GET /files/task-management/ 143.1ms sql=60
GET /files/task-management/ 69.6ms sql=60
GET /files/htmlpdf/editor/1850/ 3.7ms sql=5
GET /files/htmlpdf/template/1850/ 8.1ms sql=2
GET /files/htmlpdf/api/template-jsons/ 236.2ms sql=13
GET /files/task-management/ 74.7ms sql=62
GET /files/htmlpdf/ 346.7ms sql=972
GET /files/htmlpdf/editor/2013/ 6.3ms sql=7
GET /files/htmlpdf/editor/2013/ 4.5ms sql=7
GET /files/htmlpdf/template/2013/ 4.8ms sql=4
GET /files/htmlpdf/api/template-jsons/ 191.4ms sql=71
GET /files/ 0.4ms sql=0
GET /login/ 21.2ms sql=0
GET /files/htmlpdf/api/template-jsons/ 0.4ms sql=0
GET /login/ 0.6ms sql=0
GET /api/v2/inspections/projects/260001/tasks/19/submit 2.9ms sql=0
GET /files/htmlpdf/ 0.3ms sql=0
GET /login/ 2.3ms sql=0
GET / 0.2ms sql=0
GET /login/ 0.9ms sql=0
GET /api/v2/library/files/1850/download 5.3ms sql=0
GET /files/task-management/ 0.2ms sql=0
GET /api/v2/library/files/1850/download/ 4.4ms sql=0
GET /login/ 1.6ms sql=0
GET /files/ 0.1ms sql=0
GET /files/htmlpdf/editor/1850/ 0.3ms sql=0
GET /files/ 0.3ms sql=0
GET /login/ 5.9ms sql=0
GET /login/ 6.3ms sql=0
GET /login/ 5.2ms sql=0
GET / 0.2ms sql=0
GET /login/ 0.6ms sql=0
GET /login/ 0.7ms sql=0
GET / 0.2ms sql=0
GET /login/ 0.7ms sql=0
GET /login/ 0.6ms sql=0
GET / 0.3ms sql=0
GET /login/ 0.6ms sql=0
GET / 0.2ms sql=0
GET /login/ 0.8ms sql=0
GET / 0.3ms sql=0
GET /login/ 0.8ms sql=0
GET /files/task-management/ 80.2ms sql=63
GET /files/task-management/ 35.1ms sql=44
GET /files/task-management/ 47.0ms sql=60
GET /files/task-management/ 54.3ms sql=60
GET /files/task-management/ 109.6ms sql=60
GET /files/htmlpdf/ 340.9ms sql=972
GET /files/htmlpdf/editor/2223/ 4.1ms sql=7
GET /files/htmlpdf/editor/2223/ 4.4ms sql=7
GET /files/htmlpdf/template/2223/ 5.1ms sql=4
GET /files/htmlpdf/api/template-jsons/ 157.9ms sql=185
GET /login/ 1.2ms sql=0
GET /files/ 1.1ms sql=0
GET /login/ 0.7ms sql=0
GET / 6.3ms sql=8
GET /files/ 23.2ms sql=38
GET /files/projects/ 13.6ms sql=6
GET /files/projects/ 10.6ms sql=6
GET /files/projects/ 9.4ms sql=6
GET /files/projects/ 9.5ms sql=6
GET /files/projects/ 211.4ms sql=590
GET /files/projects/ 292.6ms sql=590
GET /files/projects/ 237.8ms sql=592
GET /files/ 20.9ms sql=38
GET /files/ 199.0ms sql=198
GET /files/ 134.4ms sql=198
GET /files/ 123.8ms sql=198
GET /files/ 122.6ms sql=198
GET /files/2651/preview/ 3.8ms sql=4
GET /files/2651/raw/ 0.8ms sql=2
GET /files/htmlpdf/api/report-task-context/ 0.3ms sql=0
GET /files/htmlpdf/api/import-json-from-library/ 0.3ms sql=0
GET /login/ 1.1ms sql=0
GET /files/htmlpdf/api/use-template-pdf/ 0.3ms sql=0
GET /login/ 0.7ms sql=0
GET / 0.2ms sql=0
GET /login/ 0.7ms sql=0
GET /favicon.ico 3.2ms sql=0
GET / 0.2ms sql=0
GET /login/ 0.7ms sql=0
GET / 0.2ms sql=0
GET /files/task-management/ 52.5ms sql=62
GET /files/ 17.9ms sql=32
GET /files/ 166.0ms sql=395
GET /files/ 162.2ms sql=395
GET /files/task-management/ 33.2ms sql=43
GET /files/task-management/ 36.8ms sql=43
GET /files/task-management/ 32.7ms sql=44
GET /files/task-management/ 43.0ms sql=60
GET /files/ 16.2ms sql=32
GET /files/ 188.9ms sql=395
GET /files/ 165.5ms sql=395
GET /files/ 176.9ms sql=395
GET /files/ 250.8ms sql=395
GET /files/ 167.8ms sql=395
GET /files/ 165.3ms sql=395
GET /files/ 169.1ms sql=395
GET /files/ 404.0ms sql=968
GET /files/ 195.9ms sql=404
GET /files/ 175.7ms sql=404
GET /files/ 164.7ms sql=404
GET /files/ 177.8ms sql=404
GET /files/ 174.0ms sql=404
GET /files/ 175.6ms sql=404
GET /files/ 178.9ms sql=404
GET /files/ 176.2ms sql=404
GET /files/ 252.1ms sql=404
GET /files/ 173.5ms sql=404
GET /files/ 176.1ms sql=404
GET /files/ 176.4ms sql=404
GET /files/ 220.5ms sql=406
GET /files/ 233.8ms sql=404
GET /files/ 174.9ms sql=404
GET /files/ 173.6ms sql=404
GET /files/ 172.5ms sql=404
GET /files/ 191.6ms sql=404
GET /files/ 166.7ms sql=404
GET /files/2655/download/ 2.6ms sql=6
GET /files/htmlpdf/ 1.0ms sql=0
GET /login/ 1.5ms sql=0
GET /files/2655/download/ 2.6ms sql=6
GET /files/ 125.3ms sql=273
GET /files/ 113.5ms sql=273
GET /files/ 181.9ms sql=404
GET /files/ 172.2ms sql=404
GET /files/ 174.2ms sql=404
GET /files/ 1581.0ms sql=273
GET /files/ 340.3ms sql=404
GET /files/ 127.1ms sql=281
GET /files/ 121.3ms sql=281
GET /files/ 177.4ms sql=281
GET /files/2656/download/ 2.5ms sql=6
GET /files/2656/download/ 2.3ms sql=6
GET /files/ 0.3ms sql=0
GET /files/task-management/ 0.3ms sql=0
GET /login/ 0.6ms sql=0
GET /files/ 19.7ms sql=38
GET /files/projects/ 13.5ms sql=7
GET /files/projects/ 9.7ms sql=6
GET /files/projects/ 11.8ms sql=6
GET /files/projects/ 9.6ms sql=6
GET /files/projects/ 199.1ms sql=597
GET /files/projects/ 216.3ms sql=597
GET /files/projects/ 209.2ms sql=599
GET /files/ 19.8ms sql=38
GET /files/ 136.0ms sql=206
GET /files/ 125.6ms sql=206
GET /files/ 130.6ms sql=206
GET /files/ 126.2ms sql=206
GET /files/2658/preview/ 3.3ms sql=4
GET /files/2658/raw/ 1.0ms sql=2
GET /files/task-management/ 114.9ms sql=45
GET /files/task-management/ 36.1ms sql=43
GET /files/task-management/ 35.1ms sql=44
GET /files/task-management/ 46.1ms sql=60
GET /files/task-management/ 51.8ms sql=61
GET /files/task-management/ 53.9ms sql=60
GET /files/htmlpdf/ 321.0ms sql=972
GET /files/htmlpdf/editor/2223/ 4.0ms sql=7
GET /files/htmlpdf/editor/2223/ 4.0ms sql=7
GET /files/htmlpdf/template/2223/ 6.6ms sql=4
GET /files/htmlpdf/api/template-jsons/ 222.4ms sql=185
GET /files/task-management/ 111.2ms sql=60
GET /files/task-management/ 45.8ms sql=60
GET /files/htmlpdf/ 347.3ms sql=979
GET /files/htmlpdf/editor/2219/ 4.1ms sql=7
GET /files/htmlpdf/editor/2219/ 4.5ms sql=7
GET /files/htmlpdf/api/template-jsons/ 45.9ms sql=112
GET /files/htmlpdf/template/2219/ 1.8ms sql=4
GET /files/htmlpdf/template/2223/ 1.8ms sql=4
GET /files/htmlpdf/template/2223/ 1.7ms sql=4
GET /files/2656/download/ 0.3ms sql=0
GET /login/ 0.7ms sql=0
GET /files/htmlpdf/ 117.8ms sql=221
GET /files/htmlpdf/ 115.6ms sql=221
GET /files/htmlpdf/ 123.7ms sql=222
GET /files/htmlpdf/ 110.7ms sql=226
GET /files/htmlpdf/editor/2063/ 4.0ms sql=5
GET /files/htmlpdf/editor/2063/ 4.3ms sql=5
GET /files/htmlpdf/api/template-jsons/ 23.2ms sql=12
GET /files/htmlpdf/template/2063/ 1.2ms sql=2
GET /files/task-management/ 42.1ms sql=47
GET /files/task-management/ 65.0ms sql=48
GET /files/htmlpdf/editor/1765/ 3.5ms sql=5
GET /files/htmlpdf/editor/1765/ 3.5ms sql=5
GET /files/htmlpdf/template/1765/ 5.8ms sql=2
GET /files/htmlpdf/api/template-jsons/ 1161.5ms sql=13
GET /files/task-management/ 65.1ms sql=48
GET /files/task-management/ 32.8ms sql=37
GET /files/task-management/ 127.4ms sql=47
GET /files/task-management/ 63.7ms sql=47
GET /files/htmlpdf/editor/1558/ 4.2ms sql=5
GET /files/htmlpdf/editor/1558/ 3.7ms sql=5
GET /files/htmlpdf/template/1558/ 5.1ms sql=2
GET /files/htmlpdf/api/template-jsons/ 495.1ms sql=13
GET /files/task-management/ 46.1ms sql=60
GET /files/task-management/ 56.1ms sql=60
GET /files/htmlpdf/ 336.3ms sql=972
GET /files/htmlpdf/editor/2223/ 6.1ms sql=7
GET /files/htmlpdf/editor/2223/ 4.2ms sql=7
GET /files/htmlpdf/template/2223/ 4.2ms sql=4
GET /files/htmlpdf/api/template-jsons/ 228.7ms sql=185
GET /files/task-management/ 59.9ms sql=62
GET /files/task-management/ 47.0ms sql=60
GET /files/htmlpdf/ 346.6ms sql=979
GET /files/htmlpdf/editor/1790/ 4.3ms sql=7
GET /files/htmlpdf/editor/1790/ 4.2ms sql=7
GET /files/htmlpdf/api/template-jsons/ 32.4ms sql=70
GET /files/htmlpdf/template/1790/ 1.6ms sql=4
GET /files/htmlpdf/template/1762/ 1.7ms sql=4
GET /files/htmlpdf/template/1762/ 1.8ms sql=4
GET /files/htmlpdf/template/1762/ 1.8ms sql=4
GET /files/htmlpdf/template/1762/ 1.8ms sql=4
GET /files/htmlpdf/template/1762/ 1.8ms sql=4
GET /files/htmlpdf/template/1762/ 1.7ms sql=4
GET /files/htmlpdf/template/1762/ 1.9ms sql=4
GET /files/htmlpdf/template/1762/ 1.8ms sql=4
GET /files/htmlpdf/template/1762/ 1.8ms sql=4
GET /files/htmlpdf/editor/1790/ 73.2ms sql=7
GET /files/htmlpdf/template/1790/ 24.7ms sql=4
GET /files/htmlpdf/api/template-jsons/ 844.0ms sql=70
GET /files/htmlpdf/editor/2219/ 0.3ms sql=0
GET /login/ 0.7ms sql=0
GET /files/htmlpdf/editor/1790/ 0.6ms sql=0
GET /login/ 0.7ms sql=0
GET /files/htmlpdf/template/1762/ 1.8ms sql=4
GET /files/htmlpdf/template/1762/ 1.8ms sql=4
GET /files/task-management/ 44.2ms sql=60
GET /files/task-management/ 34.9ms sql=44
GET /files/task-management/ 38.1ms sql=44
GET /files/task-management/ 45.6ms sql=60
GET /files/task-management/ 50.7ms sql=60
GET /files/htmlpdf/ 333.4ms sql=972
GET /files/htmlpdf/editor/2090/ 4.2ms sql=7
GET /files/htmlpdf/editor/2090/ 4.3ms sql=7
GET /files/htmlpdf/template/2090/ 10.1ms sql=4
GET /files/htmlpdf/api/template-jsons/ 126.1ms sql=155
GET /login/ 0.6ms sql=0
GET /files/htmlpdf/template/2090/ 0.3ms sql=0
GET /api/v2/inspections/projects/260001/tasks/44/submit 5.3ms sql=0
GET /files/task-management/ 130.5ms sql=47
GET /files/ 74.0ms sql=38
GET /files/ 318.6ms sql=253
GET /files/ 356.6ms sql=253
GET /files/ 286.9ms sql=253
GET /files/ 432.4ms sql=253
GET /files/ 362.8ms sql=253
GET /files/ 293.3ms sql=253
GET /files/ 384.2ms sql=253
GET /files/ 310.9ms sql=253
GET /files/ 384.0ms sql=253
GET /files/ 315.0ms sql=253
GET /files/ 387.1ms sql=253
GET /files/ 293.9ms sql=253
GET /files/ 295.1ms sql=253
GET /files/ 407.1ms sql=253
GET /files/ 281.2ms sql=253
GET /files/ 401.7ms sql=253
GET /files/ 299.3ms sql=253
GET /files/ 381.5ms sql=253
GET /files/ 296.0ms sql=253
GET /files/ 286.6ms sql=253
GET /files/ 371.4ms sql=253
GET /files/ 311.3ms sql=253
GET /files/ 376.3ms sql=253
GET /files/ 281.7ms sql=253
GET /files/ 299.8ms sql=253
GET /files/task-management/ 155.6ms sql=62
GET /files/ 315.4ms sql=253
GET /files/ 290.5ms sql=253
GET /files/task-management/ 139.7ms sql=60
GET /files/htmlpdf/ 322.8ms sql=972
GET /files/htmlpdf/editor/1927/ 10.5ms sql=7
GET /files/ 306.6ms sql=253
GET /files/htmlpdf/editor/1927/ 4.7ms sql=7
GET /files/htmlpdf/template/1927/ 2.3ms sql=4
GET /files/htmlpdf/api/template-jsons/ 120.4ms sql=143
GET /files/ 286.6ms sql=253
GET /files/ 359.7ms sql=253
GET /files/ 365.3ms sql=253
GET /files/ 283.3ms sql=253
GET /files/htmlpdf/template/1927/ 0.4ms sql=0
GET /login/ 0.7ms sql=0
GET /files/ 386.4ms sql=253
GET /files/ 288.8ms sql=253
GET /files/ 386.2ms sql=253
GET /files/ 311.9ms sql=253
GET /api/v2/library/files/2090/download/ 2.5ms sql=0
GET /files/ 840.3ms sql=2246
GET /files/htmlpdf/ 342.8ms sql=966
GET /files/htmlpdf/ 321.2ms sql=966
GET /files/htmlpdf/ 332.1ms sql=967
GET /files/htmlpdf/ 344.7ms sql=979
GET /files/htmlpdf/editor/1927/ 3.9ms sql=7
GET /files/htmlpdf/editor/1927/ 4.2ms sql=7
GET /files/htmlpdf/template/1927/ 3.2ms sql=4
GET /files/htmlpdf/api/template-jsons/ 205.4ms sql=157
GET /api/v2/library/files/1927/download/ 3.0ms sql=0
GET /api/v2/library/files/2333/download/ 2.8ms sql=0
GET /files/ 514.8ms sql=253
GET /files/task-management/ 71.8ms sql=63
GET /api/v2/inspections/projects/260001/tasks/42/export-frontend-json 5.0ms sql=0
GET /files/htmlpdf/editor/1927/ 0.9ms sql=0
GET /files/task-management/ 109.2ms sql=62
GET /files/task-management/ 32.9ms sql=44
GET /files/task-management/ 47.9ms sql=60
GET /files/task-management/ 56.3ms sql=60
GET /files/ 386.5ms sql=253
GET /files/htmlpdf/ 337.4ms sql=972
GET /files/ 84.9ms sql=129
GET /files/htmlpdf/editor/2261/ 3.8ms sql=7
GET /files/htmlpdf/editor/2261/ 4.3ms sql=7
GET /files/htmlpdf/api/template-jsons/ 30.9ms sql=15
GET /files/htmlpdf/template/2261/ 1.9ms sql=4
GET /files/ 154.9ms sql=210
GET /files/ 12.1ms sql=26
GET /files/ 4215.1ms sql=858
GET /files/ 10.8ms sql=24
GET /files/ 139.8ms sql=210
GET /files/ 390.5ms sql=253
GET /files/ 435.4ms sql=253
GET /files/ 387.2ms sql=253
GET /files/ 159.3ms sql=82
GET /files/ 152.8ms sql=82
GET /files/ 152.4ms sql=82
GET /files/ 139.0ms sql=82
GET /files/ 144.3ms sql=82
GET /files/ 232.5ms sql=82
GET /files/ 146.4ms sql=82
GET /files/ 153.2ms sql=82
GET /files/ 149.7ms sql=82
GET /files/ 198.1ms sql=82
GET /files/ 20.7ms sql=38
GET /files/ 17.9ms sql=38
GET /files/ 360.9ms sql=253
GET /files/ 97.2ms sql=55
GET /files/ 93.6ms sql=55
GET /files/ 86.7ms sql=55
GET /files/ 99.7ms sql=55
GET /files/task-management/ 58.0ms sql=60
GET /files/ 101.8ms sql=55
GET /files/task-management/ 35.1ms sql=44
GET /files/task-management/ 50.6ms sql=60
GET /files/htmlpdf/ 334.1ms sql=972
GET /files/htmlpdf/editor/2261/ 4.3ms sql=7
GET /files/htmlpdf/editor/2261/ 4.9ms sql=7
GET /files/htmlpdf/api/template-jsons/ 27.2ms sql=15
GET /files/htmlpdf/template/2261/ 2.3ms sql=4
GET /files/task-management/ 80.3ms sql=60
GET /files/htmlpdf/ 348.2ms sql=972
GET /files/htmlpdf/editor/1765/ 4.2ms sql=7
GET /files/htmlpdf/editor/1765/ 6.0ms sql=7
GET /files/htmlpdf/template/1765/ 5.0ms sql=4
GET /files/htmlpdf/api/template-jsons/ 1572.7ms sql=1037
GET /api/v2/library/files/2331/download/ 22.9ms sql=0
GET /files/task-management/ 113.5ms sql=63
GET /files/task-management/ 68.0ms sql=60
GET /files/htmlpdf/ 347.2ms sql=972
GET /files/htmlpdf/editor/2261/ 4.8ms sql=7
GET /files/htmlpdf/editor/2261/ 3.8ms sql=7
GET /files/htmlpdf/api/template-jsons/ 37.0ms sql=15
GET /files/htmlpdf/template/2261/ 1.9ms sql=4
GET /files/ 862.8ms sql=2248
GET /files/task-management/ 34.7ms sql=43
GET /files/task-management/ 72.5ms sql=60
GET /files/htmlpdf/ 330.2ms sql=972
GET /files/htmlpdf/editor/1991/ 4.4ms sql=7
GET /files/htmlpdf/editor/1991/ 5.6ms sql=7
GET /files/htmlpdf/template/1991/ 2.7ms sql=4
GET /files/htmlpdf/api/template-jsons/ 301.7ms sql=395
GET /files/htmlpdf/template/2261/ 0.8ms sql=0
GET /files/ 880.5ms sql=2260
GET /files/htmlpdf/ 346.9ms sql=966
GET /files/task-management/ 0.3ms sql=0
GET /login/ 2.9ms sql=0
GET /files/htmlpdf/ 338.3ms sql=972
GET /files/htmlpdf/editor/1991/ 3.8ms sql=7
GET /files/htmlpdf/editor/1991/ 4.3ms sql=7
GET /files/htmlpdf/template/1991/ 3.4ms sql=4
GET /files/htmlpdf/api/template-jsons/ 377.8ms sql=409
GET /files/task-management/ 69.4ms sql=60
GET /files/task-management/ 51.1ms sql=60
GET /files/task-management/ 228.3ms sql=62
GET /help/usage/ 3.5ms sql=2
GET /files/htmlpdf/ 326.0ms sql=966
GET /files/htmlpdf/ 312.9ms sql=972
GET /files/htmlpdf/editor/2024/ 3.9ms sql=7
GET /files/htmlpdf/editor/2024/ 4.5ms sql=7
GET /files/htmlpdf/template/2024/ 3.0ms sql=4
GET /files/htmlpdf/api/template-jsons/ 152.2ms sql=128
GET /files/ 417.2ms sql=253
GET /files/ 1055.1ms sql=2274
GET /files/ 791.5ms sql=253
GET /files/task-management/ 110.1ms sql=43
GET /files/ 315.1ms sql=253
GET /files/task-management/ 36.5ms sql=43
GET /files/task-management/ 35.0ms sql=44
GET /files/task-management/ 46.7ms sql=60
GET /files/task-management/ 32.1ms sql=36
GET /files/task-management/ 35.8ms sql=36
GET /files/task-management/ 164.5ms sql=61
GET /files/task-management/ 37.7ms sql=37
GET /files/task-management/ 39.9ms sql=47
GET /files/htmlpdf/ 353.0ms sql=973
GET /files/task-management/ 31.1ms sql=37
GET /files/htmlpdf/editor/2024/ 6.3ms sql=7
GET /files/htmlpdf/editor/2024/ 4.3ms sql=7
GET /files/task-management/ 62.8ms sql=47
GET /files/htmlpdf/api/template-jsons/ 106.0ms sql=142
GET /files/htmlpdf/template/2024/ 1.8ms sql=4
GET /files/task-management/ 32.7ms sql=37
GET /files/task-management/ 42.1ms sql=47
GET /files/task-management/ 34.1ms sql=37
GET /files/task-management/ 42.4ms sql=47
GET /files/task-management/ 32.5ms sql=37
GET /files/task-management/ 192.6ms sql=47
GET /files/task-management/ 31.0ms sql=36
GET /files/task-management/ 31.9ms sql=37
GET /files/task-management/ 46.0ms sql=47
GET /files/task-management/ 33.5ms sql=37
GET /files/task-management/ 41.3ms sql=47
GET /files/task-management/ 32.2ms sql=37
GET /files/task-management/ 40.6ms sql=47
GET /files/task-management/ 264.4ms sql=37
GET /files/task-management/ 255.0ms sql=47
GET /files/task-management/ 237.9ms sql=62
GET /files/task-management/ 369.8ms sql=60
GET /files/task-management/ 33.4ms sql=44
GET /files/task-management/ 36.6ms sql=43
GET /files/task-management/ 332.3ms sql=60
GET /files/htmlpdf/ 1492.0ms sql=972
GET /files/htmlpdf/editor/2026/ 18.4ms sql=7
GET /files/htmlpdf/editor/2026/ 18.3ms sql=7
GET /files/htmlpdf/template/2026/ 188.9ms sql=4
GET /files/htmlpdf/api/template-jsons/ 505.4ms sql=15
GET /files/task-management/ 83.4ms sql=63
GET /files/task-management/ 127.0ms sql=60
GET /files/task-management/ 59.3ms sql=60
GET /files/task-management/ 37.6ms sql=45
GET /files/task-management/ 35.6ms sql=43
GET /files/task-management/ 35.3ms sql=44
GET /files/task-management/ 67.4ms sql=60
GET /files/task-management/ 139.7ms sql=61
GET /files/htmlpdf/ 329.7ms sql=973
GET /files/htmlpdf/editor/2013/ 5.1ms sql=7
GET /files/htmlpdf/editor/2013/ 4.2ms sql=7
GET /files/htmlpdf/api/template-jsons/ 31.9ms sql=15
GET /files/htmlpdf/template/2013/ 4.1ms sql=4
GET /files/htmlpdf/editor/2261/ 0.9ms sql=0
GET /files/htmlpdf/template/1991/ 17.1ms sql=0
GET /login/ 3.4ms sql=0
GET /files/task-management/ 139.4ms sql=63
GET /files/htmlpdf/ 327.6ms sql=972
GET /files/htmlpdf/editor/1765/ 4.5ms sql=7
GET /files/htmlpdf/editor/1765/ 4.3ms sql=7
GET /files/htmlpdf/template/1765/ 7.1ms sql=4
GET /files/htmlpdf/api/template-jsons/ 1706.5ms sql=1052
GET /api/v2/library/files/1765/download/ 20.6ms sql=0
GET /files/htmlpdf/template/2026/ 0.3ms sql=0
GET /login/ 1.1ms sql=0
GET /files/task-management/ 149.4ms sql=62
GET /files/htmlpdf/ 316.4ms sql=972
GET /files/htmlpdf/ 356.2ms sql=979
GET /files/htmlpdf/editor/2063/ 4.5ms sql=7
GET /files/htmlpdf/editor/2063/ 5.0ms sql=7
GET /files/htmlpdf/api/template-jsons/ 61.2ms sql=126
GET /files/htmlpdf/template/2063/ 1.9ms sql=4
GET /files/htmlpdf/ 0.3ms sql=0
GET /login/ 0.7ms sql=0
GET /files/htmlpdf/editor/2063/ 0.3ms sql=0
GET /login/ 0.6ms sql=0
GET /files/task-management/ 34.9ms sql=36
GET /files/task-management/ 34.0ms sql=37
GET /files/task-management/ 44.5ms sql=47
GET /files/task-management/ 149.8ms sql=47
GET /files/htmlpdf/editor/1765/ 4.2ms sql=5
GET /files/htmlpdf/editor/1765/ 4.2ms sql=5
GET /files/htmlpdf/template/1765/ 5.8ms sql=2
GET /files/htmlpdf/api/template-jsons/ 1267.8ms sql=13
GET /files/task-management/ 70.6ms sql=47
GET /files/task-management/ 0.4ms sql=0
GET /files/task-management/ 58.4ms sql=62
GET /files/task-management/ 82.5ms sql=61
GET /files/htmlpdf/ 339.9ms sql=973
GET /files/htmlpdf/editor/1765/ 4.5ms sql=7
GET /files/htmlpdf/editor/1765/ 4.8ms sql=7
GET /files/htmlpdf/template/1765/ 3.9ms sql=4
GET /files/htmlpdf/api/template-jsons/ 1727.9ms sql=1052
GET /files/ 990.3ms sql=2288
GET /files/htmlpdf/api/template-jsons/ 0.3ms sql=0
GET /login/ 0.7ms sql=0
GET /files/task-management/ 44.9ms sql=43
GET /files/task-management/ 114.6ms sql=60
GET /files/htmlpdf/ 363.8ms sql=972
GET /files/htmlpdf/editor/1765/ 6.6ms sql=7
GET /files/htmlpdf/editor/1765/ 5.4ms sql=7
GET /files/htmlpdf/template/1765/ 10.5ms sql=4
GET /files/htmlpdf/api/template-jsons/ 1710.6ms sql=1066
GET /files/task-management/ 0.3ms sql=0
GET /login/ 0.7ms sql=0
GET /api/v2/library/files/2333/download 6.5ms sql=0
GET /api/v2/library/files/2333/download/ 2.6ms sql=0
GET /files/task-management/ 60.6ms sql=62
GET /files/htmlpdf/template/2219/ 0.3ms sql=0
GET /login/ 0.7ms sql=0
GET /files/htmlpdf/api/template-jsons/ 0.3ms sql=0
GET /login/ 0.6ms sql=0
GET /files/projects/ 12.8ms sql=6
GET /files/commission-manage/ 34.2ms sql=37
GET /files/projects/ 13.4ms sql=6
GET /files/projects/ 9.6ms sql=6
GET /files/projects/ 14.9ms sql=6
GET /files/projects/ 10.1ms sql=6
GET /files/projects/ 292.6ms sql=613
GET /files/projects/ 239.0ms sql=613
GET /files/projects/ 300.8ms sql=616
GET /files/projects/ 331.6ms sql=616
GET /files/htmlpdf/ 427.3ms sql=975
GET /files/htmlpdf/editor/1850/ 4.7ms sql=7
GET /files/htmlpdf/editor/1850/ 4.2ms sql=7
GET /files/htmlpdf/template/1850/ 62.7ms sql=4
GET /files/htmlpdf/api/template-jsons/ 266.1ms sql=155
GET /files/projects/ 236.8ms sql=615
GET /files/htmlpdf/template/1850/ 0.8ms sql=0
GET /login/ 1.5ms sql=0
GET /files/htmlpdf/api/template-jsons/ 0.3ms sql=0
GET / 0.2ms sql=0
GET /login/ 0.9ms sql=0
GET / 9.5ms sql=9
GET /files/htmlpdf/ 334.8ms sql=966
GET /files/htmlpdf/ 341.4ms sql=979
GET /files/htmlpdf/ 346.2ms sql=972
GET /files/htmlpdf/editor/2013/ 4.3ms sql=7
GET /files/htmlpdf/editor/2013/ 5.8ms sql=7
GET /files/htmlpdf/api/template-jsons/ 38.6ms sql=15
GET /files/htmlpdf/template/2013/ 2.3ms sql=4
GET /files/task-management/ 173.0ms sql=45
GET /files/task-management/ 69.9ms sql=60
GET /files/task-management/ 145.6ms sql=60
GET /files/2688/download/ 1.8ms sql=4
GET /files/2688/download/ 2.0ms sql=4
GET /files/htmlpdf/editor/2013/ 5.3ms sql=7
GET /files/htmlpdf/editor/2013/ 6.2ms sql=7
GET /files/htmlpdf/api/template-jsons/ 48.4ms sql=15
GET /files/htmlpdf/template/2013/ 1.9ms sql=4
GET /files/task-management/ 836.6ms sql=60
GET /files/task-management/ 52.4ms sql=58
GET /files/task-management/ 81.6ms sql=60
GET /files/task-management/ 54.9ms sql=60
GET /files/htmlpdf/editor/2219/ 4.3ms sql=7
GET /files/task-management/ 138.3ms sql=60
GET /files/htmlpdf/editor/2219/ 6.3ms sql=7
GET /files/htmlpdf/api/template-jsons/ 55.3ms sql=112
GET /files/htmlpdf/template/2219/ 1.9ms sql=4
GET /files/task-management/ 48.8ms sql=60
GET /files/task-management/ 61.6ms sql=60
GET /files/htmlpdf/ 346.1ms sql=972
GET /files/task-management/ 82.1ms sql=62
GET /files/htmlpdf/editor/2223/ 4.9ms sql=7
GET /files/htmlpdf/editor/1935/ 4.4ms sql=7
GET /files/htmlpdf/editor/1935/ 5.5ms sql=7
GET /files/htmlpdf/template/1935/ 4.3ms sql=4
GET /files/htmlpdf/api/template-jsons/ 252.9ms sql=113
GET /files/htmlpdf/editor/2223/ 4.2ms sql=7
GET /files/htmlpdf/template/2223/ 3.5ms sql=4
GET /files/htmlpdf/api/template-jsons/ 235.5ms sql=185
GET /files/htmlpdf/ 341.3ms sql=972
GET /files/htmlpdf/editor/2013/ 6.6ms sql=7
GET /files/htmlpdf/editor/2013/ 8.4ms sql=7
GET /files/htmlpdf/template/2013/ 11.6ms sql=4
GET /files/htmlpdf/api/template-jsons/ 448.6ms sql=225
GET /files/task-management/ 40.7ms sql=43
GET /files/task-management/ 78.9ms sql=60
GET /files/task-management/ 56.4ms sql=58
GET /files/task-management/ 139.7ms sql=60
GET /files/task-management/ 66.7ms sql=60
GET /files/task-management/ 58.6ms sql=58
GET /files/task-management/ 140.4ms sql=60
GET /files/task-management/ 80.7ms sql=60
GET /api/v2/library/files/1919/download/ 12.9ms sql=0
GET /files/htmlpdf/ 0.4ms sql=0
GET /login/ 0.6ms sql=0
GET /files/task-management/ 136.8ms sql=62
GET /files/task-management/ 63.8ms sql=60
GET /files/htmlpdf/ 369.8ms sql=972
GET /files/htmlpdf/editor/1769/ 4.3ms sql=7
GET /files/htmlpdf/editor/1769/ 5.2ms sql=7
GET /files/htmlpdf/template/1769/ 2.8ms sql=4
GET /files/htmlpdf/api/template-jsons/ 152.6ms sql=183
GET /files/task-management/ 136.0ms sql=62
GET /files/task-management/ 53.2ms sql=60
GET /files/htmlpdf/editor/2219/ 7.5ms sql=7
GET /files/htmlpdf/editor/2219/ 5.9ms sql=7
GET /files/htmlpdf/api/template-jsons/ 63.8ms sql=112
GET /files/htmlpdf/template/2219/ 2.8ms sql=4
GET /files/ 792.0ms sql=1761
GET /files/htmlpdf/ 343.7ms sql=974
GET /files/htmlpdf/editor/1765/ 6.6ms sql=7
GET /files/htmlpdf/editor/1765/ 6.9ms sql=7
GET /files/htmlpdf/template/1765/ 9.1ms sql=4
GET /files/htmlpdf/api/template-jsons/ 1682.8ms sql=1066
GET /files/htmlpdf/ 347.0ms sql=972
GET /files/htmlpdf/ 693.5ms sql=972
GET /files/htmlpdf/editor/1769/ 4.2ms sql=7
GET /files/htmlpdf/editor/1769/ 6.2ms sql=7
GET /files/htmlpdf/template/1769/ 2.8ms sql=4
GET /files/htmlpdf/api/template-jsons/ 178.6ms sql=197
GET /files/htmlpdf/template/2223/ 2.6ms sql=4
GET /files/ 719.1ms sql=1775
GET /files/task-management/ 82.8ms sql=60
GET /files/htmlpdf/template/1769/ 0.3ms sql=0
GET /login/ 0.7ms sql=0
GET /files/htmlpdf/editor/1769/ 0.3ms sql=0
GET /login/ 0.7ms sql=0
GET /api/v2/library/files/1769/download/ 6.9ms sql=0
GET /files/htmlpdf/template/2223/ 2.5ms sql=4
GET /files/htmlpdf/ 374.9ms sql=968
GET /files/htmlpdf/ 340.0ms sql=972
GET /files/htmlpdf/template/2223/ 1.8ms sql=4
GET /files/htmlpdf/editor/1769/ 4.3ms sql=7
GET /files/htmlpdf/editor/1769/ 4.6ms sql=7
GET /files/htmlpdf/template/1769/ 4.3ms sql=4
GET /files/htmlpdf/api/template-jsons/ 183.4ms sql=211
GET /files/htmlpdf/template/2223/ 1.8ms sql=4
GET /files/ 609.6ms sql=1789
GET /api/v2/library/files/2331/download 150.6ms sql=0
GET /api/v2/library/files/2331/download/ 14.1ms sql=0
GET /files/task-management/ 0.3ms sql=0
GET /login/ 0.9ms sql=0
GET /files/htmlpdf/ 412.9ms sql=972
GET /files/htmlpdf/editor/1765/ 4.5ms sql=7
GET /files/htmlpdf/editor/1765/ 4.3ms sql=7
GET /files/htmlpdf/template/1765/ 3.8ms sql=4
GET /files/htmlpdf/api/template-jsons/ 1751.6ms sql=1066
GET /files/projects/ 418.9ms sql=648
GET /files/htmlpdf/api/template-jsons/ 0.3ms sql=0
GET /login/ 0.7ms sql=0
GET /files/ 735.8ms sql=1818
GET /api/v2/library/files/1954/download/ 2.6ms sql=0
GET /files/task-management/ 82.1ms sql=62
GET /api/v2/library/files/1850/download/ 2.6ms sql=0
GET /files/task-management/ 48.3ms sql=37
GET /files/task-management/ 57.0ms sql=36
GET /files/task-management/ 34.7ms sql=37
GET /files/task-management/ 126.2ms sql=47
GET /files/task-management/ 57.7ms sql=48
GET /files/htmlpdf/editor/2013/ 3.6ms sql=5
GET /files/htmlpdf/editor/2013/ 4.1ms sql=5
GET /files/htmlpdf/api/template-jsons/ 40.9ms sql=13
GET /files/htmlpdf/template/2013/ 2.9ms sql=2
GET /files/htmlpdf/ 350.8ms sql=981
GET /files/task-management/ 41.4ms sql=43
GET /files/task-management/ 104.8ms sql=60
GET /files/htmlpdf/ 340.3ms sql=966
GET /files/task-management/ 127.0ms sql=48
GET /files/task-management/ 33.9ms sql=37
GET /files/task-management/ 46.8ms sql=47
GET /files/task-management/ 72.8ms sql=47
GET /files/htmlpdf/ 346.3ms sql=979
GET /files/htmlpdf/editor/1765/ 3.6ms sql=5
GET /files/htmlpdf/editor/2060/ 9.5ms sql=7
GET /files/htmlpdf/editor/1765/ 5.1ms sql=5
GET /files/htmlpdf/editor/2060/ 4.7ms sql=7
GET /files/htmlpdf/template/1765/ 6.8ms sql=2
GET /files/htmlpdf/template/2060/ 9.9ms sql=4
GET /files/htmlpdf/api/template-jsons/ 138.3ms sql=42
GET /files/htmlpdf/api/template-jsons/ 1688.0ms sql=13
GET /files/htmlpdf/ 2106.3ms sql=974
GET /files/task-management/ 37.2ms sql=43
GET /files/task-management/ 38.8ms sql=43
GET /files/task-management/ 37.6ms sql=44
GET /files/task-management/ 55.5ms sql=60
GET /files/htmlpdf/ 347.5ms sql=979
GET /files/htmlpdf/editor/2063/ 6.6ms sql=7
GET /files/htmlpdf/editor/2063/ 7.0ms sql=7
GET /files/htmlpdf/api/template-jsons/ 69.4ms sql=126
GET /files/htmlpdf/template/2063/ 1.8ms sql=4
GET /api/v2/inspections/projects/260001/tasks/17/files/report 5.5ms sql=0
GET /files/ 969.0ms sql=2320
GET /files/task-management/ 38.5ms sql=43
GET /files/task-management/ 90.2ms sql=60
GET /files/htmlpdf/ 344.8ms sql=972
GET /files/htmlpdf/editor/1765/ 6.5ms sql=7
GET /files/htmlpdf/editor/1765/ 6.6ms sql=7
GET /files/htmlpdf/template/1765/ 5.2ms sql=4
GET /files/htmlpdf/api/template-jsons/ 1815.0ms sql=1066
GET /files/task-management/ 81.4ms sql=60
GET /files/task-management/ 155.0ms sql=60
GET /api/v2/inspections/projects/260001/tasks/17/export-frontend-json 3.1ms sql=0
GET /files/htmlpdf/ 342.9ms sql=972
GET /files/htmlpdf/editor/1954/ 4.3ms sql=7
GET /files/htmlpdf/editor/1954/ 4.8ms sql=7
GET /files/htmlpdf/template/1954/ 9.1ms sql=4
GET /files/htmlpdf/api/template-jsons/ 236.8ms sql=156
GET /files/htmlpdf/editor/2060/ 0.9ms sql=0
GET /login/ 0.9ms sql=0
GET /files/htmlpdf/template/1769/ 4.8ms sql=4
GET /files/ 3505.6ms sql=2322
GET /files/htmlpdf/template/1769/ 1.8ms sql=4
GET /files/task-management/ 38.2ms sql=43
GET /files/task-management/ 82.6ms sql=60
GET /files/htmlpdf/ 348.2ms sql=972
GET /files/htmlpdf/editor/1765/ 4.3ms sql=7
GET /files/htmlpdf/editor/1765/ 7.4ms sql=7
GET /files/htmlpdf/template/1765/ 4.3ms sql=4
GET /files/htmlpdf/api/template-jsons/ 1652.4ms sql=1066
GET /files/task-management/ 86.6ms sql=60
GET /files/htmlpdf/ 358.2ms sql=972
GET /files/task-management/ 47.5ms sql=43
GET /files/task-management/ 38.2ms sql=43
GET /files/task-management/ 58.1ms sql=44
GET /files/task-management/ 138.2ms sql=60
GET /files/task-management/ 61.4ms sql=60
GET /files/htmlpdf/ 540.4ms sql=979
GET /files/ 1142.4ms sql=1834
GET /files/htmlpdf/editor/2063/ 4.3ms sql=7
GET /files/htmlpdf/editor/2063/ 6.2ms sql=7
GET /files/htmlpdf/api/template-jsons/ 66.9ms sql=140
GET /files/htmlpdf/template/2063/ 1.9ms sql=4
GET /files/ 948.5ms sql=2334
GET /files/task-management/ 112.3ms sql=43
GET /files/task-management/ 38.4ms sql=43
GET /files/task-management/ 46.0ms sql=44
GET /files/task-management/ 50.1ms sql=60
GET /files/htmlpdf/ 344.7ms sql=979
GET /files/htmlpdf/editor/2063/ 5.1ms sql=7
GET /files/htmlpdf/editor/2063/ 4.6ms sql=7
GET /files/htmlpdf/api/template-jsons/ 68.6ms sql=154
GET /files/htmlpdf/template/2063/ 2.6ms sql=4
GET /files/htmlpdf/ 352.6ms sql=979
GET /files/htmlpdf/ 359.6ms sql=979
GET /files/htmlpdf/ 364.8ms sql=982
GET /files/htmlpdf/ 339.1ms sql=972
GET /files/task-management/ 41.8ms sql=43
GET /files/task-management/ 68.1ms sql=60
GET /files/2714/download/ 1.8ms sql=4
GET /files/2714/download/ 1.9ms sql=4
GET /files/task-management/ 52.8ms sql=43
GET /files/htmlpdf/template/1954/ 0.9ms sql=0
GET /files/task-management/ 68.4ms sql=60
GET /files/task-management/ 58.5ms sql=58
GET /files/task-management/ 64.8ms sql=60
GET /files/task-management/ 64.9ms sql=60
GET /files/task-management/ 48.8ms sql=60
GET /files/htmlpdf/template/1765/ 5.2ms sql=4
GET /files/htmlpdf/ 359.0ms sql=966
GET /files/htmlpdf/ 364.7ms sql=972
GET /files/htmlpdf/ 349.9ms sql=979
GET /files/htmlpdf/editor/2055/ 6.7ms sql=7
GET /files/htmlpdf/editor/2055/ 6.9ms sql=7
GET /files/htmlpdf/api/template-jsons/ 28.5ms sql=70
GET /files/htmlpdf/template/2055/ 2.7ms sql=4
GET /files/htmlpdf/template/1990/ 53.2ms sql=4
GET /files/htmlpdf/template/1990/ 3.1ms sql=4
GET /files/htmlpdf/template/1990/ 2.6ms sql=4
GET /files/htmlpdf/template/1990/ 1.8ms sql=4
GET /files/htmlpdf/template/1990/ 4.6ms sql=4
GET /files/htmlpdf/template/1990/ 1.8ms sql=4
GET /files/htmlpdf/template/1990/ 1.8ms sql=4
GET /files/task-management/ 51.0ms sql=62
GET /files/task-management/ 79.5ms sql=61
GET /files/htmlpdf/ 420.7ms sql=973
GET /files/htmlpdf/editor/1765/ 6.9ms sql=7
GET /files/htmlpdf/editor/1765/ 6.4ms sql=7
GET /files/htmlpdf/template/1765/ 8.1ms sql=4
GET /files/htmlpdf/api/template-jsons/ 1655.5ms sql=1066
GET /files/htmlpdf/editor/2055/ 0.3ms sql=0
GET /login/ 0.9ms sql=0
GET /files/task-management/ 82.9ms sql=60
GET /files/task-management/ 73.0ms sql=60
GET /files/htmlpdf/ 368.0ms sql=972
GET /files/htmlpdf/editor/1954/ 4.3ms sql=7
GET /files/htmlpdf/editor/1954/ 7.6ms sql=7
GET /files/htmlpdf/template/1954/ 5.2ms sql=4
GET /files/htmlpdf/api/template-jsons/ 283.5ms sql=171
GET /files/task-management/ 0.3ms sql=0
GET /login/ 0.7ms sql=0
GET /files/ 987.0ms sql=2345
GET /files/task-management/ 37.1ms sql=43
GET /files/task-management/ 41.5ms sql=43
GET /files/task-management/ 43.3ms sql=44
GET /files/task-management/ 50.5ms sql=60
GET /files/htmlpdf/ 349.3ms sql=979
GET /files/htmlpdf/editor/1978/ 22.7ms sql=7
GET /files/htmlpdf/editor/1978/ 11.8ms sql=7
GET /files/htmlpdf/api/template-jsons/ 33.1ms sql=28
GET /files/htmlpdf/template/1978/ 3.8ms sql=4
GET /files/ 790.2ms sql=1859
GET /files/task-management/ 37.8ms sql=43
GET /files/htmlpdf/ 336.3ms sql=966
GET /files/htmlpdf/ 359.6ms sql=972
GET /files/htmlpdf/editor/1990/ 4.3ms sql=7
GET /files/htmlpdf/editor/1990/ 4.6ms sql=7
GET /files/htmlpdf/template/1990/ 3.1ms sql=4
GET /files/htmlpdf/api/template-jsons/ 136.1ms sql=141
GET /files/task-management/ 59.5ms sql=60
GET /files/task-management/ 69.0ms sql=61
GET /files/htmlpdf/template/1990/ 0.3ms sql=0
GET /login/ 1.5ms sql=0
GET /files/htmlpdf/ 350.0ms sql=973
GET /files/htmlpdf/editor/1954/ 4.8ms sql=7
GET /files/htmlpdf/editor/1954/ 6.6ms sql=7
GET /files/htmlpdf/template/1954/ 2.6ms sql=4
GET /files/htmlpdf/api/template-jsons/ 312.3ms sql=185
GET /files/htmlpdf/ 340.4ms sql=979
GET /files/htmlpdf/editor/2055/ 4.3ms sql=7
GET /files/htmlpdf/editor/2055/ 4.8ms sql=7
GET /files/htmlpdf/api/template-jsons/ 35.9ms sql=84
GET /files/htmlpdf/template/2055/ 1.7ms sql=4
GET /files/htmlpdf/ 367.4ms sql=979
GET /files/htmlpdf/editor/1849/ 4.4ms sql=7
GET /files/htmlpdf/editor/1849/ 6.9ms sql=7
GET /files/htmlpdf/api/template-jsons/ 42.0ms sql=70
GET /files/htmlpdf/template/1849/ 2.5ms sql=4
GET /files/ 961.1ms sql=2361
GET /files/task-management/ 43.6ms sql=43
GET /files/task-management/ 102.0ms sql=43
GET /files/htmlpdf/ 0.3ms sql=0
GET /files/task-management/ 37.3ms sql=44
GET /files/task-management/ 48.3ms sql=60
GET /files/htmlpdf/ 365.6ms sql=979
GET /files/htmlpdf/editor/1978/ 6.1ms sql=7
GET /files/htmlpdf/editor/1978/ 5.3ms sql=7
GET /files/htmlpdf/api/template-jsons/ 17.1ms sql=28
GET /files/htmlpdf/template/1978/ 1.8ms sql=4
GET /files/htmlpdf/template/2055/ 0.3ms sql=0
GET /login/ 0.6ms sql=0
GET /files/htmlpdf/ 0.3ms sql=0
GET /files/task-management/ 52.4ms sql=60
GET /api/v2/inspections/projects/260001/tasks/30/export-frontend-json 6.5ms sql=0
GET /files/task-management/ 75.3ms sql=61
GET /files/htmlpdf/ 364.9ms sql=973
GET /files/htmlpdf/editor/1954/ 4.3ms sql=7
GET /files/htmlpdf/editor/1954/ 4.6ms sql=7
GET /files/htmlpdf/template/1954/ 3.3ms sql=4
GET /files/htmlpdf/api/template-jsons/ 312.5ms sql=199
GET /files/task-management/ 71.0ms sql=60
GET /files/task-management/ 84.6ms sql=60
GET /files/htmlpdf/ 343.6ms sql=972
GET /files/htmlpdf/editor/1765/ 5.4ms sql=7
GET /files/htmlpdf/editor/1765/ 4.8ms sql=7
GET /files/htmlpdf/template/1765/ 7.7ms sql=4
GET /files/htmlpdf/api/template-jsons/ 1762.6ms sql=1066
GET /files/htmlpdf/ 340.2ms sql=974
GET /files/htmlpdf/editor/1850/ 4.2ms sql=7
GET /files/htmlpdf/editor/1850/ 4.4ms sql=7
GET /files/htmlpdf/template/1850/ 11.6ms sql=4
GET /files/htmlpdf/api/template-jsons/ 495.6ms sql=211
GET /files/htmlpdf/ 341.9ms sql=979
GET /files/htmlpdf/editor/1849/ 5.8ms sql=7
GET /files/htmlpdf/editor/1849/ 4.5ms sql=7
GET /files/htmlpdf/api/template-jsons/ 37.5ms sql=70
GET /files/htmlpdf/template/1849/ 2.6ms sql=4
GET /files/htmlpdf/template/1978/ 0.3ms sql=0
GET /login/ 0.6ms sql=0
GET /files/htmlpdf/template/2223/ 2.6ms sql=4
GET /files/htmlpdf/template/2223/ 1.8ms sql=4
GET /files/htmlpdf/template/2223/ 1.9ms sql=4
GET /files/htmlpdf/ 350.8ms sql=979
GET /files/htmlpdf/ 337.6ms sql=972
GET /files/htmlpdf/editor/2013/ 6.3ms sql=7
GET /files/htmlpdf/editor/2013/ 4.7ms sql=7
GET /files/htmlpdf/template/2013/ 4.3ms sql=4
GET /files/htmlpdf/api/template-jsons/ 470.7ms sql=225
GET /files/htmlpdf/editor/2013/ 0.3ms sql=0
GET /login/ 0.6ms sql=0
GET /files/htmlpdf/template/2223/ 2.8ms sql=4
GET /files/htmlpdf/editor/1990/ 0.3ms sql=0
GET /files/task-management/ 108.2ms sql=62
GET /files/htmlpdf/ 371.2ms sql=972
GET /files/htmlpdf/ 349.7ms sql=979
GET /files/htmlpdf/editor/2063/ 4.3ms sql=7
GET /files/htmlpdf/editor/2063/ 4.4ms sql=7
GET /files/htmlpdf/api/template-jsons/ 66.8ms sql=154
GET /files/htmlpdf/template/2063/ 1.5ms sql=4
GET /files/htmlpdf/ 361.2ms sql=974
GET /files/htmlpdf/api/template-jsons/ 0.3ms sql=0
GET /login/ 35.5ms sql=0
GET /files/htmlpdf/ 344.2ms sql=979
GET /files/htmlpdf/editor/1972/ 5.3ms sql=7
GET /files/htmlpdf/editor/1972/ 4.8ms sql=7
GET /files/htmlpdf/api/template-jsons/ 21.0ms sql=28
GET /files/htmlpdf/template/1972/ 2.8ms sql=4
GET /files/htmlpdf/editor/2013/ 4.4ms sql=7
GET /files/htmlpdf/editor/2013/ 4.2ms sql=7
GET /files/htmlpdf/template/2013/ 3.9ms sql=4
GET /files/htmlpdf/api/template-jsons/ 519.8ms sql=253
GET /files/htmlpdf/editor/1972/ 4.3ms sql=7
GET /files/htmlpdf/editor/1972/ 4.2ms sql=7
GET /files/htmlpdf/api/template-jsons/ 14.2ms sql=28
GET /files/htmlpdf/template/1972/ 1.8ms sql=4
GET /files/htmlpdf/editor/2013/ 5.3ms sql=7
GET /files/htmlpdf/editor/2013/ 4.5ms sql=7
GET /files/htmlpdf/template/2013/ 19.2ms sql=4
GET /files/htmlpdf/api/template-jsons/ 545.0ms sql=267
GET /files/htmlpdf/editor/1972/ 4.6ms sql=7
GET /files/htmlpdf/editor/1972/ 6.0ms sql=7
GET /files/htmlpdf/api/template-jsons/ 14.8ms sql=28
GET /files/htmlpdf/template/1972/ 4.2ms sql=4
GET /files/htmlpdf/api/template-jsons/ 0.3ms sql=0
GET /login/ 0.6ms sql=0
GET /files/htmlpdf/template/1972/ 0.3ms sql=0
GET /login/ 0.7ms sql=0
GET /files/task-management/ 52.2ms sql=62
GET /files/ 19.9ms sql=32
GET /files/ 323.6ms sql=560
GET /files/ 254.6ms sql=560
GET /files/ 261.1ms sql=560
GET /files/ 252.6ms sql=560
GET /files/ 285.0ms sql=560
GET /files/ 288.4ms sql=560
GET /files/ 253.4ms sql=560
GET /files/ 252.5ms sql=560
GET /files/ 255.5ms sql=560
GET /files/ 251.9ms sql=560
GET /files/ 138.3ms sql=289
GET /files/task-management/ 50.2ms sql=62
GET /files/ 134.7ms sql=289
GET /files/task-management/ 77.9ms sql=60
GET /files/ 138.1ms sql=289
GET /files/htmlpdf/ 345.0ms sql=972
GET /files/htmlpdf/editor/1850/ 4.3ms sql=7
GET /files/htmlpdf/editor/1850/ 5.2ms sql=7
GET /files/htmlpdf/template/1850/ 25.5ms sql=4
GET /files/htmlpdf/api/template-jsons/ 552.5ms sql=225
GET /files/2588/preview/ 5.8ms sql=7
GET /files/2588/raw/ 2.4ms sql=6
GET /files/htmlpdf/ 347.4ms sql=979
GET /files/htmlpdf/editor/1849/ 6.5ms sql=7
GET /files/htmlpdf/editor/1849/ 5.0ms sql=7
GET /files/htmlpdf/api/template-jsons/ 42.0ms sql=70
GET /files/htmlpdf/template/1849/ 2.8ms sql=4
GET /api/v2/library/files/1954/download 6.4ms sql=0
GET /files/task-management/ 0.2ms sql=0
GET /login/ 0.6ms sql=0
GET /api/v2/library/files/1954/download/ 2.7ms sql=0
GET /files/task-management/ 39.3ms sql=43
GET /files/task-management/ 64.9ms sql=62
GET /files/htmlpdf/ 341.6ms sql=972
GET /files/task-management/ 149.5ms sql=60
GET /files/task-management/ 104.8ms sql=60
GET /files/task-management/ 72.6ms sql=61
GET /files/task-management/ 57.0ms sql=60
GET /files/task-management/ 66.1ms sql=60
GET /files/htmlpdf/ 359.9ms sql=972
GET /files/htmlpdf/ 376.8ms sql=979
GET /files/htmlpdf/editor/1947/ 4.4ms sql=7
GET /files/htmlpdf/editor/1947/ 6.2ms sql=7
GET /files/htmlpdf/api/template-jsons/ 23.7ms sql=42
GET /files/htmlpdf/template/1947/ 1.9ms sql=4
GET /files/task-management/ 51.1ms sql=60
GET /files/ 18.9ms sql=32
GET /files/ 135.1ms sql=289
GET /files/ 271.7ms sql=560
GET /files/ 285.9ms sql=560
GET /files/ 265.1ms sql=560
GET /files/ 257.5ms sql=560
GET /files/2677/preview/ 6.4ms sql=7
GET /files/2677/raw/ 2.6ms sql=6
GET /files/task-management/ 47.7ms sql=43
GET /files/ 18.2ms sql=32
GET /files/ 161.4ms sql=289
GET /files/ 259.9ms sql=560
GET /files/ 356.7ms sql=560
GET /files/ 262.5ms sql=560
GET /files/ 265.5ms sql=560
GET /files/ 254.2ms sql=560
GET /files/ 137.7ms sql=297
GET /files/ 158.8ms sql=297
GET /files/ 178.9ms sql=297
GET /files/2752/preview/ 6.2ms sql=7
GET /files/2752/raw/ 2.4ms sql=6
GET /files/htmlpdf/template/2223/ 2.7ms sql=4
GET /files/htmlpdf/template/2223/ 2.0ms sql=4
GET /files/task-management/ 44.4ms sql=45
GET /files/htmlpdf/template/2223/ 2.8ms sql=4
GET /files/task-management/ 58.5ms sql=60
GET /files/task-management/ 84.3ms sql=60
GET /files/htmlpdf/ 344.0ms sql=972
GET /files/htmlpdf/ 375.5ms sql=979
GET /files/htmlpdf/editor/2063/ 4.5ms sql=7
GET /files/htmlpdf/editor/2063/ 4.7ms sql=7
GET /files/htmlpdf/api/template-jsons/ 68.1ms sql=154
GET /files/htmlpdf/template/2063/ 2.5ms sql=4
GET /files/htmlpdf/template/2223/ 2.6ms sql=4
GET /files/htmlpdf/editor/1850/ 6.6ms sql=7
GET /files/htmlpdf/editor/1850/ 6.5ms sql=7
GET /files/htmlpdf/template/1850/ 13.1ms sql=4
GET /files/htmlpdf/api/template-jsons/ 480.0ms sql=239
GET /files/task-management/ 51.6ms sql=60
GET /files/ 23.7ms sql=32
GET /files/ 24.6ms sql=32
GET /files/ 17.2ms sql=32
GET /files/ 17.0ms sql=32
GET /files/htmlpdf/ 351.5ms sql=966
GET /files/task-management/ 51.4ms sql=43
GET /files/ 18.9ms sql=32
GET /files/2752/preview/ 0.3ms sql=0
GET /login/ 0.8ms sql=0
GET /files/ 17.9ms sql=32
GET /files/ 1771.3ms sql=32
GET /files/ 2350.6ms sql=560
GET /files/htmlpdf/template/1947/ 0.3ms sql=0
GET /login/ 0.6ms sql=0
GET /files/ 283.9ms sql=560
GET /files/ 255.6ms sql=560
GET /files/ 269.7ms sql=560
GET /files/ 505.5ms sql=560
GET /files/ 137.5ms sql=305
GET /files/ 152.7ms sql=305
GET /files/htmlpdf/editor/1849/ 4.4ms sql=7
GET /files/htmlpdf/editor/1849/ 5.7ms sql=7
GET /files/htmlpdf/api/template-jsons/ 38.0ms sql=70
GET /files/htmlpdf/template/1849/ 2.0ms sql=4
GET /files/2677/raw/ 0.3ms sql=0
GET /login/ 0.6ms sql=0
GET /files/ 1046.9ms sql=305
GET /files/2754/preview/ 6.0ms sql=7
GET /files/2754/raw/ 3.4ms sql=6
GET /files/task-management/ 52.2ms sql=62
GET /files/ 26.7ms sql=34
GET /files/ 194.4ms sql=305
GET /files/ 138.2ms sql=305
GET /files/ 139.7ms sql=305
GET /files/2752/preview/ 6.4ms sql=7
GET /files/2752/raw/ 2.4ms sql=6
GET /files/htmlpdf/ 344.0ms sql=966
GET /files/htmlpdf/ 360.3ms sql=972
GET /files/htmlpdf/editor/1850/ 6.7ms sql=7
GET /files/htmlpdf/editor/1850/ 7.5ms sql=7
GET /files/htmlpdf/template/1850/ 3.7ms sql=4
GET /files/htmlpdf/api/template-jsons/ 549.7ms sql=253
GET /files/htmlpdf/api/template-jsons/ 0.4ms sql=0
GET /files/task-management/ 52.5ms sql=43
GET /files/htmlpdf/ 340.0ms sql=966
GET /files/htmlpdf/ 364.2ms sql=979
GET /files/htmlpdf/editor/1978/ 4.7ms sql=7
GET /files/htmlpdf/editor/1978/ 6.8ms sql=7
GET /files/htmlpdf/api/template-jsons/ 25.7ms sql=28
GET /files/htmlpdf/template/1978/ 1.9ms sql=4
GET /files/htmlpdf/template/1954/ 1.8ms sql=4
GET /files/task-management/ 48.6ms sql=60
GET /files/task-management/ 66.5ms sql=61
GET /files/htmlpdf/ 341.8ms sql=973
GET /files/htmlpdf/ 345.0ms sql=979
GET /files/htmlpdf/editor/1978/ 6.4ms sql=7
GET /files/htmlpdf/editor/1978/ 4.8ms sql=7
GET /files/htmlpdf/api/template-jsons/ 17.0ms sql=28
GET /files/htmlpdf/template/1978/ 2.0ms sql=4
GET /files/htmlpdf/template/1954/ 1.8ms sql=4
GET /files/htmlpdf/template/1954/ 3.0ms sql=4
GET /files/2752/preview/ 6.2ms sql=7
GET /files/2752/raw/ 3.4ms sql=6
GET /files/ 880.9ms sql=1955
GET /files/htmlpdf/ 336.6ms sql=972
GET /files/task-management/ 37.7ms sql=43
GET /files/ 19.2ms sql=32
GET /files/htmlpdf/ 364.4ms sql=979
GET /files/htmlpdf/editor/1849/ 6.6ms sql=7
GET /files/htmlpdf/editor/1849/ 6.7ms sql=7
GET /files/htmlpdf/api/template-jsons/ 33.6ms sql=70
GET /files/htmlpdf/template/1849/ 2.6ms sql=4
GET /files/ 290.3ms sql=560
GET /files/ 258.0ms sql=560
GET /files/ 250.6ms sql=560
GET /files/ 254.4ms sql=560
GET /files/2677/preview/ 4.5ms sql=7
GET /files/2677/raw/ 3.8ms sql=6
GET /files/ 16.9ms sql=32
GET /files/ 255.2ms sql=560
GET /files/ 258.6ms sql=560
GET /files/ 284.8ms sql=560
GET /files/ 260.7ms sql=562
GET /files/ 139.0ms sql=305
GET /files/ 159.7ms sql=305
GET /files/ 256.0ms sql=560
GET /files/ 354.1ms sql=560
GET /files/ 256.4ms sql=560
GET /files/2624/preview/ 4.4ms sql=7
GET /files/2624/raw/ 2.5ms sql=6
GET /files/ 18.7ms sql=32
GET /files/ 296.5ms sql=560
GET /files/ 301.3ms sql=560
GET /files/ 261.0ms sql=560
GET /files/ 258.8ms sql=560
GET /files/ 256.6ms sql=560
GET /files/ 264.3ms sql=560
GET /files/ 257.1ms sql=560
GET /files/ 257.1ms sql=560
GET /files/ 347.6ms sql=560
GET /files/ 251.8ms sql=560
GET /files/ 287.6ms sql=560
GET /files/ 146.5ms sql=313
GET /files/ 146.0ms sql=313
GET /files/ 152.3ms sql=313
GET /files/2756/preview/ 4.8ms sql=7
GET /files/2756/raw/ 2.4ms sql=6
GET /files/task-management/ 56.8ms sql=62
GET /files/task-management/ 46.5ms sql=43
GET /files/task-management/ 75.1ms sql=60
GET /files/2755/download/ 2.7ms sql=4
GET /files/2755/download/ 1.8ms sql=4
GET /files/task-management/ 72.2ms sql=60
GET /files/task-management/ 0.3ms sql=0
GET /login/ 0.7ms sql=0
GET /files/task-management/ 57.5ms sql=58
GET /files/task-management/ 160.8ms sql=60
GET /files/task-management/ 137.8ms sql=60
GET /files/task-management/ 64.1ms sql=58
GET /files/task-management/ 78.2ms sql=60
GET /files/task-management/ 69.7ms sql=60
GET /files/task-management/ 46.3ms sql=43
GET /files/ 17.5ms sql=32
GET /files/ 143.2ms sql=315
GET /files/ 140.8ms sql=313
GET /files/ 145.2ms sql=313
GET /files/ 358.1ms sql=569
GET /files/ 266.7ms sql=569
GET /files/ 256.3ms sql=569
GET /files/ 259.2ms sql=569
GET /files/ 275.5ms sql=569
GET /files/ 269.1ms sql=569
GET /files/ 857.7ms sql=569
GET /files/ 288.4ms sql=569
GET /files/ 154.5ms sql=321
GET /files/ 222.7ms sql=321
GET /files/2761/preview/ 5.7ms sql=7
GET /files/2761/raw/ 3.6ms sql=6
GET /files/task-management/ 78.8ms sql=62
GET /files/task-management/ 50.2ms sql=60
GET /files/htmlpdf/ 367.5ms sql=966
GET /files/htmlpdf/ 350.8ms sql=972
GET /files/htmlpdf/ 370.6ms sql=979
GET /files/htmlpdf/editor/1851/ 4.3ms sql=7
GET /files/htmlpdf/editor/1851/ 4.6ms sql=7
GET /files/htmlpdf/api/template-jsons/ 22.0ms sql=42
GET /files/htmlpdf/template/1851/ 2.5ms sql=4
GET /files/htmlpdf/template/1935/ 2.5ms sql=4
GET /files/htmlpdf/editor/1851/ 0.3ms sql=0
GET /login/ 0.8ms sql=0
GET /files/2761/raw/ 0.4ms sql=0
GET /files/2761/raw/ 0.4ms sql=0
GET /login/ 0.9ms sql=0
GET /login/ 0.6ms sql=0
GET / 0.4ms sql=0
GET /login/ 0.6ms sql=0
GET / 0.3ms sql=0
GET /login/ 0.9ms sql=0
GET /files/task-management/ 48.9ms sql=45
GET /files/ 18.9ms sql=32
GET /files/ 143.9ms sql=321
GET /files/ 149.9ms sql=321
GET /files/ 151.8ms sql=321
GET /files/2761/preview/ 5.4ms sql=7
GET /files/2761/raw/ 2.7ms sql=6
GET /files/2588/preview/ 0.3ms sql=0
GET /login/ 0.7ms sql=0
GET /api/v2/library/files/1990/download 5.3ms sql=0
GET /api/v2/library/files/1990/download/ 2.3ms sql=0
GET /files/htmlpdf/editor/1935/ 4.5ms sql=7
GET /files/htmlpdf/editor/1935/ 4.8ms sql=7
GET /files/htmlpdf/template/1935/ 2.6ms sql=4
GET /files/htmlpdf/api/template-jsons/ 251.0ms sql=113
GET /files/htmlpdf/ 364.4ms sql=974
GET /files/htmlpdf/editor/1935/ 7.0ms sql=7
GET /files/htmlpdf/editor/1935/ 7.3ms sql=7
GET /files/htmlpdf/template/1935/ 4.8ms sql=4
GET /files/htmlpdf/api/template-jsons/ 247.4ms sql=113
GET /files/htmlpdf/editor/1935/ 4.7ms sql=7
GET /files/htmlpdf/editor/1935/ 6.1ms sql=7
GET /files/htmlpdf/template/1935/ 5.7ms sql=4
GET /files/htmlpdf/api/template-jsons/ 292.7ms sql=169
GET /files/htmlpdf/ 342.1ms sql=981
GET /files/htmlpdf/editor/1851/ 4.6ms sql=7
GET /files/htmlpdf/editor/1851/ 4.6ms sql=7
GET /files/htmlpdf/api/template-jsons/ 21.9ms sql=42
GET /files/htmlpdf/template/1851/ 2.5ms sql=4
GET /files/htmlpdf/ 0.3ms sql=0
GET /files/htmlpdf/editor/1935/ 6.5ms sql=7
GET /files/htmlpdf/editor/1935/ 6.4ms sql=7
GET /files/htmlpdf/template/1935/ 4.6ms sql=4
GET /files/htmlpdf/api/template-jsons/ 365.7ms sql=169
GET /files/htmlpdf/editor/1851/ 6.6ms sql=7
GET /files/htmlpdf/editor/1851/ 4.3ms sql=7
GET /files/htmlpdf/api/template-jsons/ 21.2ms sql=42
GET /files/htmlpdf/template/1851/ 2.6ms sql=4
GET /files/htmlpdf/ 362.2ms sql=981
GET /files/htmlpdf/editor/1851/ 6.8ms sql=7
GET /files/htmlpdf/editor/1851/ 5.7ms sql=7
GET /files/htmlpdf/api/template-jsons/ 27.4ms sql=42
GET /files/htmlpdf/template/1851/ 1.9ms sql=4
GET /files/htmlpdf/template/1935/ 1.8ms sql=4
GET /files/task-management/ 39.7ms sql=45
GET /files/task-management/ 37.9ms sql=44
GET /files/task-management/ 61.4ms sql=60
GET /files/task-management/ 146.2ms sql=61
GET /files/htmlpdf/ 353.1ms sql=973
GET /files/htmlpdf/editor/2013/ 6.7ms sql=7
GET /files/htmlpdf/editor/2013/ 5.0ms sql=7
GET /files/htmlpdf/template/2013/ 25.2ms sql=4
GET /files/htmlpdf/api/template-jsons/ 104.2ms sql=47
GET /files/htmlpdf/template/1935/ 2.0ms sql=4
GET /files/task-management/ 77.5ms sql=60
GET /files/projects/ 13.4ms sql=6
GET /files/projects/ 10.7ms sql=6
GET /files/projects/ 11.2ms sql=6
GET /files/task-management/ 36.9ms sql=44
GET /files/projects/ 10.3ms sql=6
GET /files/projects/ 283.3ms sql=678
GET /files/task-management/ 140.1ms sql=60
GET /files/projects/ 257.0ms sql=678
GET /files/2319/preview/ 5.3ms sql=5
GET /files/2319/raw/ 2.4ms sql=4
GET /files/task-management/ 36.5ms sql=44
GET /files/task-management/ 52.2ms sql=60
GET /files/2237/preview/ 4.3ms sql=5
GET /files/2237/raw/ 1.8ms sql=4
GET /files/task-management/ 39.1ms sql=43
GET /files/task-management/ 44.7ms sql=44
GET /files/task-management/ 52.7ms sql=60
GET /files/2219/preview/ 4.3ms sql=5
GET /files/2219/raw/ 3.0ms sql=4
GET /files/htmlpdf/template/1935/ 2.3ms sql=4
GET /files/task-management/ 34.9ms sql=36
GET /files/task-management/ 39.5ms sql=36
GET /files/task-management/ 34.1ms sql=37
GET /files/task-management/ 45.2ms sql=47
GET /files/task-management/ 56.9ms sql=47
GET /files/task-management/ 44.6ms sql=47
GET /files/task-management/ 141.6ms sql=47
GET /files/task-management/ 53.1ms sql=47
GET /files/task-management/ 57.4ms sql=47
GET /files/task-management/ 58.6ms sql=47
GET /files/task-management/ 57.0ms sql=47
GET /files/task-management/ 45.6ms sql=47
GET /files/task-management/ 55.2ms sql=47
GET /files/task-management/ 43.4ms sql=47
GET /files/2319/raw/ 0.3ms sql=0
GET /files/task-management/ 49.2ms sql=62
GET /files/htmlpdf/ 653.1ms sql=966
GET /files/htmlpdf/ 338.9ms sql=972
GET /files/htmlpdf/ 370.9ms sql=979
GET /files/htmlpdf/editor/1851/ 4.4ms sql=7
GET /files/htmlpdf/editor/1851/ 4.3ms sql=7
GET /files/htmlpdf/api/template-jsons/ 24.3ms sql=42
GET /files/htmlpdf/template/1851/ 1.9ms sql=4
GET /files/2319/preview/ 0.3ms sql=0
GET /login/ 0.6ms sql=0
GET /files/task-management/ 60.1ms sql=45
GET /files/task-management/ 41.0ms sql=44
GET /files/task-management/ 66.0ms sql=60
GET /files/htmlpdf/api/template-jsons/ 0.4ms sql=0
GET /files/task-management/ 280.7ms sql=61
GET /files/htmlpdf/ 347.9ms sql=973
GET /files/htmlpdf/editor/2013/ 6.4ms sql=7
GET /files/htmlpdf/editor/2013/ 5.4ms sql=7
GET /files/htmlpdf/template/2013/ 13.5ms sql=4
GET /files/htmlpdf/api/template-jsons/ 177.4ms sql=47
GET /files/ 19.3ms sql=34
GET /files/ 16.9ms sql=32
GET /files/ 277.9ms sql=596
GET /files/ 267.9ms sql=596
GET /files/ 272.8ms sql=596
GET /files/ 145.2ms sql=321
GET /files/ 149.5ms sql=321
GET /files/ 181.2ms sql=321
GET /files/2752/preview/ 6.5ms sql=7
GET /files/2752/raw/ 2.6ms sql=6
GET /files/htmlpdf/editor/1935/ 5.5ms sql=7
GET /files/htmlpdf/editor/1935/ 4.3ms sql=7
GET /files/htmlpdf/template/1935/ 9.7ms sql=4
GET /files/htmlpdf/api/template-jsons/ 343.4ms sql=183
GET /files/htmlpdf/ 363.1ms sql=981
GET /files/htmlpdf/ 364.7ms sql=972
GET /files/htmlpdf/editor/2013/ 6.3ms sql=7
GET /files/htmlpdf/editor/2013/ 6.9ms sql=7
GET /files/htmlpdf/template/2013/ 4.8ms sql=4
GET /files/htmlpdf/api/template-jsons/ 194.9ms sql=71
GET /files/task-management/ 0.3ms sql=0
GET /login/ 0.7ms sql=0
GET /files/htmlpdf/ 349.4ms sql=979
GET /files/htmlpdf/editor/2008/ 6.0ms sql=7
GET /files/htmlpdf/editor/2008/ 6.7ms sql=7
GET /files/htmlpdf/api/template-jsons/ 20.3ms sql=42
GET /files/htmlpdf/template/2008/ 1.8ms sql=4
GET /files/htmlpdf/editor/2013/ 5.2ms sql=7
GET /files/htmlpdf/editor/2013/ 5.2ms sql=7
GET /files/htmlpdf/template/2013/ 4.1ms sql=4
GET /files/htmlpdf/api/template-jsons/ 273.3ms sql=127
GET /files/htmlpdf/editor/2013/ 0.3ms sql=0
GET /files/htmlpdf/api/template-jsons/ 0.3ms sql=0
GET /files/htmlpdf/ 343.5ms sql=981
GET /files/htmlpdf/editor/2008/ 4.3ms sql=7
GET /files/htmlpdf/editor/2008/ 6.9ms sql=7
GET /files/htmlpdf/api/template-jsons/ 21.2ms sql=42
GET /files/htmlpdf/template/2008/ 1.8ms sql=4
GET /files/htmlpdf/ 0.3ms sql=0
GET /files/ 29.6ms sql=38
GET /files/ 714.9ms sql=1066
GET /files/ 738.2ms sql=1066
GET /files/htmlpdf/template/2223/ 2.7ms sql=4
GET /files/ 766.5ms sql=1066
GET /files/ 694.1ms sql=1066
GET /files/ 699.5ms sql=1066
GET /files/2773/preview/ 4.2ms sql=4
GET /files/htmlpdf/template/2223/ 1.8ms sql=4
GET /files/ 25.0ms sql=38
GET /files/commission-manage/ 33.1ms sql=37
GET /files/projects/ 10.0ms sql=6
GET /files/projects/ 9.8ms sql=6
GET /files/projects/ 9.9ms sql=6
GET /files/projects/ 12.3ms sql=6
GET /files/projects/ 252.1ms sql=687
GET /files/projects/ 285.7ms sql=687
GET /files/htmlpdf/template/2223/ 2.5ms sql=4
GET /files/htmlpdf/template/2223/ 1.8ms sql=4
GET /files/projects/ 297.8ms sql=687
GET /files/task-management/ 50.7ms sql=60
GET /files/htmlpdf/template/2223/ 2.5ms sql=4
GET /files/htmlpdf/editor/2008/ 0.3ms sql=0
GET /files/ 16.7ms sql=32
GET /files/ 354.8ms sql=614
GET /files/ 280.2ms sql=614
GET /files/htmlpdf/template/2223/ 1.8ms sql=4
GET /files/ 274.0ms sql=614
GET /files/htmlpdf/template/2223/ 1.8ms sql=4
GET /files/ 298.6ms sql=614
GET /files/ 3451.8ms sql=321
GET /files/ 1126.2ms sql=614
GET /files/htmlpdf/template/2223/ 2.5ms sql=4
GET /files/ 294.9ms sql=614
GET /files/ 150.3ms sql=329
GET /files/htmlpdf/template/2223/ 2.5ms sql=4
GET /files/ 22.8ms sql=38
GET /files/htmlpdf/template/2223/ 1.8ms sql=4
GET /files/ 703.8ms sql=1074
GET /files/ 707.0ms sql=1074
GET /files/ 714.4ms sql=1074
GET /files/ 755.9ms sql=1074
GET /files/ 705.7ms sql=1074
GET /files/htmlpdf/template/2223/ 1.9ms sql=4
GET /files/ 17.8ms sql=34
GET /files/ 200.8ms sql=302
GET /files/ 237.1ms sql=302
GET /files/ 408.0ms sql=623
GET /files/ 237.4ms sql=302
GET /files/ 201.7ms sql=302
GET /files/htmlpdf/template/2223/ 2.5ms sql=4
GET /files/2780/preview/ 4.6ms sql=4
GET /files/2780/raw/ 1.0ms sql=2
GET /files/ 310.5ms sql=623
GET /files/ 288.3ms sql=623
GET /files/ 283.0ms sql=623
GET /files/htmlpdf/template/2223/ 2.7ms sql=4
GET /files/ 983.3ms sql=329
GET /files/ 428.7ms sql=623
GET /files/ 292.0ms sql=623
GET /files/htmlpdf/template/2223/ 2.5ms sql=4
GET /files/ 291.3ms sql=623
GET /files/ 304.5ms sql=623
GET /files/ 28.6ms sql=38
GET /files/ 742.5ms sql=1074
GET /files/2731/preview/ 4.1ms sql=7
GET /files/2731/raw/ 2.8ms sql=6
GET /files/ 718.7ms sql=1074
GET /files/ 693.4ms sql=1074
GET /files/ 674.9ms sql=1074
GET /files/ 794.8ms sql=1074
GET /files/ 16.8ms sql=32
GET /files/ 317.7ms sql=623
GET /files/ 282.6ms sql=623
GET /files/ 279.6ms sql=623
GET /files/ 279.0ms sql=623
GET /files/ 1332.4ms sql=623
GET /files/ 736.7ms sql=345
GET /files/ 157.1ms sql=345
GET /files/ 170.3ms sql=345
GET /files/2782/preview/ 5.2ms sql=7
GET /files/2782/raw/ 3.7ms sql=6
GET /files/projects/ 10.1ms sql=6
GET /files/projects/ 14.1ms sql=6
GET /files/projects/ 10.1ms sql=6
GET /files/projects/ 9.8ms sql=6
GET /files/projects/ 263.8ms sql=696
GET /files/projects/ 255.6ms sql=696
GET /files/projects/ 363.4ms sql=696
GET /files/projects/ 279.2ms sql=696
GET /files/projects/ 281.6ms sql=696
GET /files/projects/ 256.3ms sql=699
GET /files/ 20.1ms sql=34
GET /files/ 284.7ms sql=632
GET /files/ 323.9ms sql=632
GET /files/ 289.2ms sql=632
GET /files/ 375.0ms sql=632
GET /files/projects/ 261.5ms sql=699
GET /files/2780/preview/ 6.6ms sql=7
GET /files/2780/raw/ 2.6ms sql=6
GET /files/projects/ 306.5ms sql=699
GET /files/projects/ 254.7ms sql=699
GET /files/ 18.3ms sql=32
GET /files/projects/ 321.0ms sql=699
GET /files/ 319.6ms sql=632
GET /files/ 304.3ms sql=632
GET /files/ 1596.7ms sql=632
GET /files/ 325.2ms sql=632
GET /files/projects/ 332.6ms sql=699
GET /files/htmlpdf/template/2223/ 1.9ms sql=4
GET /files/2677/preview/ 4.3ms sql=7
GET /files/2677/raw/ 3.8ms sql=6
GET /files/projects/ 278.3ms sql=699
GET /files/htmlpdf/template/2223/ 2.5ms sql=4
GET /files/2780/preview/ 0.3ms sql=0
GET /login/ 0.6ms sql=0
GET /files/htmlpdf/template/2223/ 2.7ms sql=4
GET /files/htmlpdf/template/2223/ 1.8ms sql=4
GET /files/2782/preview/ 0.3ms sql=0
GET /login/ 0.6ms sql=0
GET /files/htmlpdf/template/2223/ 2.7ms sql=4
GET /files/htmlpdf/template/2223/ 2.5ms sql=4
GET /files/htmlpdf/template/2223/ 1.8ms sql=4
GET /files/htmlpdf/template/2223/ 2.7ms sql=4
GET /files/htmlpdf/template/2223/ 1.8ms sql=4
GET /files/htmlpdf/template/2223/ 1.8ms sql=4
GET /files/htmlpdf/template/2223/ 1.7ms sql=4
GET /files/htmlpdf/template/2223/ 2.2ms sql=4
GET /files/htmlpdf/template/2223/ 2.7ms sql=4
GET /files/htmlpdf/template/2223/ 2.0ms sql=4
GET /files/2731/raw/ 0.4ms sql=0
GET /files/htmlpdf/template/2223/ 2.1ms sql=4
GET /files/htmlpdf/template/2223/ 1.8ms sql=4
GET /files/htmlpdf/template/2223/ 2.8ms sql=4
GET /files/htmlpdf/template/2223/ 1.8ms sql=4
GET /files/htmlpdf/template/2223/ 12.6ms sql=4
GET /files/htmlpdf/template/2223/ 2.1ms sql=4
GET /files/htmlpdf/template/2223/ 2.4ms sql=4
GET /files/task-management/ 287.5ms sql=62
GET /files/2788/download/ 13.9ms sql=4
GET /files/2788/download/ 18.9ms sql=4
GET /files/task-management/ 65.6ms sql=60
GET /files/htmlpdf/editor/2013/ 4.4ms sql=7
GET /files/htmlpdf/editor/2013/ 4.3ms sql=7
GET /files/htmlpdf/api/template-jsons/ 50.4ms sql=14
GET /files/htmlpdf/template/2013/ 2.7ms sql=4
GET /files/ 4764.8ms sql=652
GET /files/htmlpdf/template/2013/ 1.9ms sql=4
GET /files/ 185.4ms sql=345
GET /files/2782/preview/ 4.2ms sql=7
GET /files/2782/raw/ 2.5ms sql=6
GET /files/ 295.9ms sql=650
GET /files/ 326.0ms sql=650
GET /files/task-management/ 143.7ms sql=60
GET /files/ 300.4ms sql=650
GET /files/ 365.6ms sql=650
GET /files/ 292.2ms sql=650
GET /files/ 546.1ms sql=345
GET /files/ 158.2ms sql=345
GET /files/ 158.3ms sql=345
GET /files/task-management/ 0.3ms sql=0
GET /login/ 0.7ms sql=0
GET /files/ 308.8ms sql=650
GET /files/task-management/ 151.3ms sql=58
GET /files/task-management/ 48.2ms sql=56
GET /files/ 296.0ms sql=650
GET /files/task-management/ 71.2ms sql=60
GET /files/task-management/ 69.2ms sql=58
GET /files/ 305.9ms sql=650
GET /files/task-management/ 109.4ms sql=56
GET /files/ 379.9ms sql=650
GET /files/ 295.9ms sql=650
GET /files/ 156.2ms sql=345
GET /files/ 161.2ms sql=345
GET /files/ 537.1ms sql=345
GET /files/task-management/ 64.5ms sql=58
GET /files/task-management/ 55.8ms sql=56
GET /files/task-management/ 103.6ms sql=60
GET /files/task-management/ 126.3ms sql=60
GET /files/htmlpdf/editor/2792/ 6.6ms sql=7
GET /files/htmlpdf/editor/2792/ 6.6ms sql=7
GET /files/htmlpdf/api/template-jsons/ 37.1ms sql=15
GET /files/htmlpdf/template/2792/ 1.8ms sql=4
GET /files/ 294.7ms sql=652
GET /files/ 309.6ms sql=650
GET /files/ 313.1ms sql=650
GET /files/ 330.5ms sql=650
GET /files/ 326.3ms sql=650
GET /files/ 168.9ms sql=353
GET /files/ 175.3ms sql=353
GET /files/ 163.4ms sql=353
GET /files/2796/preview/ 4.7ms sql=7
GET /files/2796/raw/ 5.4ms sql=6
GET /files/ 5.1ms sql=0
GET /login/ 8.8ms sql=0
GET /api/v2/inspections/projects/260005/tasks 10.1ms sql=0
GET /files/projects/ 352.7ms sql=712
GET /files/task-management/ 449.9ms sql=62
GET /files/2802/download/ 2.7ms sql=4
GET /files/2802/download/ 1.9ms sql=4
GET /files/task-management/ 60.8ms sql=60
GET /files/ 364.6ms sql=661
GET /files/ 332.9ms sql=659
GET /files/task-management/ 64.2ms sql=58
GET /files/ 376.2ms sql=659
GET /files/task-management/ 43.6ms sql=56
GET /files/ 396.7ms sql=659
GET /files/task-management/ 109.0ms sql=60
GET /files/ 317.9ms sql=659
GET /files/task-management/ 66.0ms sql=60
GET /files/ 263.1ms sql=34
GET /files/task-management/ 3743.5ms sql=43
GET /files/ 966.3ms sql=659
GET /files/task-management/ 119.1ms sql=44
GET /files/task-management/ 49.1ms sql=43
GET /files/task-management/ 38.8ms sql=44
GET /files/task-management/ 52.7ms sql=60
GET /files/task-management/ 44.3ms sql=56
GET /files/task-management/ 118.2ms sql=61
GET /files/ 237.1ms sql=369
GET /files/task-management/ 64.5ms sql=60
GET /files/ 279.7ms sql=369
GET /files/htmlpdf/ 336.1ms sql=961
GET /files/htmlpdf/editor/1927/ 4.3ms sql=7
GET /files/htmlpdf/editor/1927/ 4.6ms sql=7
GET /files/htmlpdf/template/1927/ 9.1ms sql=4
GET /files/htmlpdf/api/template-jsons/ 167.7ms sql=157
GET /files/task-management/ 60.7ms sql=56
GET /files/task-management/ 50.0ms sql=60
GET /files/htmlpdf/editor/2013/ 0.3ms sql=0
GET /login/ 0.7ms sql=0
GET /files/task-management/ 139.1ms sql=60
GET /files/task-management/ 66.6ms sql=60
GET /files/task-management/ 59.9ms sql=60
GET /files/task-management/ 64.3ms sql=60
GET /files/task-management/ 63.8ms sql=60
GET /files/htmlpdf/ 333.2ms sql=960
GET /files/htmlpdf/ 357.4ms sql=967
GET /files/htmlpdf/editor/1947/ 6.8ms sql=7
GET /files/htmlpdf/editor/1947/ 6.5ms sql=7
GET /files/htmlpdf/api/template-jsons/ 21.6ms sql=42
GET /files/htmlpdf/template/1947/ 1.9ms sql=4
GET /files/task-management/ 141.3ms sql=58
GET /files/ 182.5ms sql=369
GET /files/2803/preview/ 8.9ms sql=7
GET /files/2803/raw/ 3.5ms sql=6
GET /files/task-management/ 113.4ms sql=56
GET /files/task-management/ 102.0ms sql=58
GET /files/task-management/ 51.1ms sql=60
GET /files/htmlpdf/editor/2804/ 5.2ms sql=7
GET /files/htmlpdf/editor/2804/ 4.3ms sql=7
GET /files/htmlpdf/api/template-jsons/ 11.3ms sql=14
GET /files/htmlpdf/template/2804/ 3.6ms sql=4
GET /files/htmlpdf/template/2792/ 0.3ms sql=0
GET /login/ 0.6ms sql=0
GET /files/ 375.1ms sql=659
GET /files/ 317.8ms sql=659
GET /files/ 304.6ms sql=659
GET /files/ 590.2ms sql=659
GET /files/ 303.6ms sql=659
GET /files/ 400.7ms sql=659
GET /files/task-management/ 115.3ms sql=62
GET /files/task-management/ 46.9ms sql=58
GET /files/task-management/ 54.1ms sql=60
GET /files/htmlpdf/editor/2804/ 6.4ms sql=7
GET /files/htmlpdf/editor/2804/ 6.4ms sql=7
GET /files/htmlpdf/api/template-jsons/ 14.2ms sql=14
GET /files/htmlpdf/template/2804/ 1.9ms sql=4
GET /files/ 296.7ms sql=661
GET /files/ 335.9ms sql=659
GET /files/ 631.6ms sql=659
GET /files/ 170.1ms sql=377
GET /files/ 169.9ms sql=377
GET /files/ 179.3ms sql=377
GET /files/2807/preview/ 6.1ms sql=7
GET /files/2807/raw/ 2.7ms sql=6
GET /files/htmlpdf/template/2013/ 1.8ms sql=4
GET /files/ 1437.2ms sql=4584
GET /files/task-management/ 146.6ms sql=60
GET /files/task-management/ 139.0ms sql=60
GET /files/task-management/ 95.9ms sql=58
GET /files/task-management/ 118.6ms sql=56
GET /files/task-management/ 84.3ms sql=60
GET /files/task-management/ 42.4ms sql=36
GET /files/task-management/ 113.8ms sql=36
GET /files/task-management/ 68.9ms sql=58
GET /files/task-management/ 43.0ms sql=37
GET /files/task-management/ 52.6ms sql=47
GET /files/task-management/ 59.9ms sql=48
GET /files/htmlpdf/editor/2013/ 5.3ms sql=5
GET /files/htmlpdf/editor/2013/ 3.3ms sql=5
GET /files/htmlpdf/template/2013/ 1.8ms sql=2
GET /files/htmlpdf/api/template-jsons/ 84.3ms sql=13
GET /files/task-management/ 64.1ms sql=60
GET /files/ 564.4ms sql=274
GET /files/task-management/ 88.9ms sql=62
GET /files/htmlpdf/editor/2811/ 20.1ms sql=7
GET /files/htmlpdf/editor/2811/ 4.7ms sql=7
GET /files/htmlpdf/template/2811/ 2.2ms sql=4
GET /files/htmlpdf/api/template-jsons/ 191.5ms sql=61
GET /files/ 0.3ms sql=0
GET /files/task-management/ 185.4ms sql=62
GET /files/task-management/ 143.9ms sql=62
GET /files/htmlpdf/editor/2811/ 4.6ms sql=7
GET /files/htmlpdf/editor/2811/ 4.3ms sql=7
GET /files/htmlpdf/api/template-jsons/ 81.1ms sql=59
GET /files/htmlpdf/template/2811/ 7.7ms sql=4
GET /files/task-management/ 67.9ms sql=60
GET /files/task-management/ 61.7ms sql=60
GET /files/htmlpdf/editor/2804/ 6.3ms sql=7
GET /files/htmlpdf/editor/2804/ 6.8ms sql=7
GET /files/htmlpdf/api/template-jsons/ 29.3ms sql=42
GET /files/htmlpdf/template/2804/ 1.8ms sql=4
GET /files/ 1510.6ms sql=4656
GET /files/task-management/ 52.7ms sql=60
GET /files/2821/download/ 2.6ms sql=4
GET /files/2821/download/ 1.7ms sql=4
GET /files/task-management/ 90.3ms sql=36
GET /files/task-management/ 35.1ms sql=36
GET /files/task-management/ 35.5ms sql=37
GET /files/task-management/ 43.2ms sql=47
GET /files/task-management/ 59.6ms sql=48
GET /files/htmlpdf/editor/2804/ 4.2ms sql=7
GET /files/htmlpdf/editor/2804/ 5.8ms sql=7
GET /files/htmlpdf/api/template-jsons/ 24.4ms sql=56
GET /files/htmlpdf/template/2804/ 1.8ms sql=4
GET /files/htmlpdf/template/2811/ 1.8ms sql=4
GET /files/htmlpdf/api/template-jsons/ 0.3ms sql=0
GET /files/htmlpdf/template/2811/ 2.7ms sql=4
GET /files/htmlpdf/template/2811/ 2.6ms sql=4
GET /files/htmlpdf/template/2811/ 1.9ms sql=4
GET /files/task-management/ 34.7ms sql=37
GET /files/task-management/ 48.7ms sql=47
GET /files/task-management/ 117.1ms sql=47
GET /files/task-management/ 63.0ms sql=47
GET /files/task-management/ 35.0ms sql=37
GET /files/task-management/ 35.7ms sql=37
GET /files/task-management/ 48.5ms sql=47
GET /files/task-management/ 62.1ms sql=47
GET /files/task-management/ 139.8ms sql=47
GET /files/task-management/ 64.2ms sql=47
GET /files/ 318.9ms sql=670
GET /files/task-management/ 57.9ms sql=47
GET /files/2013/preview/ 3.5ms sql=4
GET /files/2013/raw/ 1.1ms sql=2
GET /files/htmlpdf/template/2013/ 2.7ms sql=4
GET /files/ 384.0ms sql=668
GET /files/ 306.4ms sql=668
GET /files/ 302.8ms sql=668
GET /files/task-management/ 48.8ms sql=37
GET /files/task-management/ 38.4ms sql=36
GET /files/task-management/ 35.6ms sql=37
GET /files/task-management/ 58.8ms sql=47
GET /files/task-management/ 74.0ms sql=47
GET /files/htmlpdf/template/2013/ 19.1ms sql=4
GET /files/2821/download/ 0.3ms sql=0
GET /login/ 0.7ms sql=0
GET /files/task-management/ 62.4ms sql=60
GET /files/ 301.9ms sql=668
GET /files/task-management/ 77.9ms sql=60
GET /files/ 315.1ms sql=668
GET /files/ 302.9ms sql=668
GET /files/task-management/ 61.5ms sql=60
GET /files/task-management/ 79.7ms sql=60
GET /files/task-management/ 60.0ms sql=47
GET /files/task-management/ 126.8ms sql=47
GET /files/task-management/ 52.1ms sql=62
GET /files/task-management/ 36.0ms sql=37
GET /files/task-management/ 58.7ms sql=47
GET /files/task-management/ 36.8ms sql=36
GET /files/task-management/ 34.9ms sql=37
GET /files/task-management/ 35.3ms sql=37
GET /files/task-management/ 44.9ms sql=47
GET /files/task-management/ 152.8ms sql=60
GET /files/task-management/ 71.8ms sql=58
GET /files/task-management/ 35.4ms sql=36
GET /files/task-management/ 35.4ms sql=37
GET /files/task-management/ 36.6ms sql=37
GET /files/task-management/ 237.6ms sql=47
GET /files/task-management/ 190.7ms sql=56
GET /files/task-management/ 36.6ms sql=38
GET /files/task-management/ 134.2ms sql=47
GET /files/task-management/ 38.4ms sql=38
GET /files/task-management/ 39.3ms sql=38
GET /files/ 178.2ms sql=377
GET /files/ 173.7ms sql=377
GET /files/task-management/ 57.4ms sql=58
GET /files/task-management/ 67.4ms sql=60
GET /files/task-management/ 49.2ms sql=60
GET /files/htmlpdf/editor/2804/ 6.6ms sql=7
GET /files/htmlpdf/editor/2804/ 4.3ms sql=7
GET /files/htmlpdf/api/template-jsons/ 35.9ms sql=58
GET /files/htmlpdf/template/2804/ 2.5ms sql=4
GET /files/ 19.5ms sql=38
GET /files/ 244.1ms sql=326
GET /files/ 238.5ms sql=326
GET /files/ 211.8ms sql=326
GET /files/ 212.6ms sql=326
GET /files/ 219.3ms sql=326
GET /files/htmlpdf/template/2811/ 0.3ms sql=0
GET /files/htmlpdf/template/2824/ 1.7ms sql=4
GET /files/htmlpdf/template/2824/ 2.1ms sql=4
GET /files/ 459.2ms sql=677
GET /files/htmlpdf/template/2824/ 2.9ms sql=4
GET /files/htmlpdf/template/2824/ 2.1ms sql=4
GET /files/htmlpdf/template/2824/ 2.7ms sql=4
GET /files/htmlpdf/template/2824/ 1.8ms sql=4
GET /files/htmlpdf/template/2824/ 2.8ms sql=4
GET /files/ 274.8ms sql=326
GET /files/ 213.7ms sql=326
GET /files/ 216.4ms sql=330
GET /files/ 228.5ms sql=330
GET /api/v2/inspections/projects/260001/tasks/32/export-frontend-json 3.3ms sql=0
GET /files/ 215.1ms sql=330
GET /files/2829/preview/ 4.4ms sql=4
GET /files/2829/raw/ 1.2ms sql=2
GET /files/task-management/ 42.8ms sql=36
GET /files/task-management/ 92.5ms sql=36
GET /files/task-management/ 45.7ms sql=37
GET /files/task-management/ 46.2ms sql=47
GET /files/task-management/ 66.3ms sql=48
GET /files/ 26.9ms sql=38
GET /files/ 218.1ms sql=330
GET /files/ 232.5ms sql=330
GET /files/ 248.1ms sql=330
GET /files/ 215.0ms sql=330
GET /files/task-management/ 115.4ms sql=62
GET /files/task-management/ 71.4ms sql=60
GET /files/task-management/ 53.7ms sql=60
GET /files/task-management/ 69.5ms sql=60
GET /files/task-management/ 49.3ms sql=60
GET /files/task-management/ 145.1ms sql=62
GET /files/task-management/ 36.9ms sql=43
GET /files/task-management/ 44.5ms sql=44
GET /files/task-management/ 47.7ms sql=60
GET /files/task-management/ 66.8ms sql=61
GET /files/htmlpdf/ 357.6ms sql=967
GET /files/htmlpdf/editor/1762/ 4.3ms sql=7
GET /files/htmlpdf/editor/1762/ 6.8ms sql=7
GET /files/htmlpdf/template/1762/ 5.8ms sql=4
GET /files/htmlpdf/api/template-jsons/ 421.3ms sql=99
GET /files/task-management/ 147.3ms sql=60
GET /files/htmlpdf/editor/2824/ 4.3ms sql=7
GET /files/htmlpdf/editor/2824/ 58.0ms sql=7
GET /files/htmlpdf/template/2824/ 45.4ms sql=4
GET /files/htmlpdf/api/template-jsons/ 1158.7ms sql=118
GET /api/v2/inspections/projects/260001/tasks/38/export-frontend-json 3.0ms sql=0
GET /files/task-management/ 54.9ms sql=62
GET /files/ 18.7ms sql=32
GET /files/ 309.6ms sql=695
GET /api/v2/library/files/2633/download/ 3.7ms sql=0
GET /files/ 320.6ms sql=695
GET /logout/ 7.7ms sql=4
GET /login/ 0.8ms sql=0
GET / 8.1ms sql=9
GET /files/ 339.8ms sql=697
GET /files/ 329.7ms sql=695
GET /files/2780/preview/ 6.2ms sql=7
GET /files/task-management/ 80.7ms sql=62
GET /files/2780/raw/ 3.6ms sql=6
GET /files/task-management/ 51.2ms sql=60
GET /files/htmlpdf/editor/2804/ 5.2ms sql=7
GET /files/htmlpdf/editor/2804/ 4.6ms sql=7
GET /files/htmlpdf/api/template-jsons/ 44.1ms sql=58
GET /files/htmlpdf/template/2804/ 2.6ms sql=4
GET / 5.9ms sql=7
GET /files/ 21.0ms sql=32
GET /files/ 20.5ms sql=32
GET /files/ 333.9ms sql=695
GET /files/ 385.9ms sql=695
GET /files/ 320.9ms sql=695
GET /files/ 317.5ms sql=695
GET /files/ 341.3ms sql=695
GET /files/ 320.2ms sql=695
GET /files/ 314.1ms sql=695
GET /files/ 313.3ms sql=695
GET /files/ 319.6ms sql=695
GET /files/ 172.3ms sql=377
GET /files/ 206.1ms sql=377
GET /logout/ 4.6ms sql=4
GET /login/ 0.8ms sql=0
GET / 4.9ms sql=8
GET /files/ 26.7ms sql=60
GET /files/ 317.6ms sql=716
GET /files/ 319.7ms sql=716
GET /files/ 329.6ms sql=716
GET /files/ 340.6ms sql=716
GET /files/ 322.6ms sql=716
GET /files/ 220.1ms sql=334
GET /files/task-management/ 37.3ms sql=36
GET /files/task-management/ 46.4ms sql=36
GET /files/task-management/ 36.1ms sql=37
GET /files/task-management/ 55.5ms sql=47
GET /files/task-management/ 62.2ms sql=48
GET /files/htmlpdf/editor/2792/ 3.5ms sql=5
GET /files/htmlpdf/editor/2792/ 3.3ms sql=5
GET /files/htmlpdf/template/2792/ 12.7ms sql=2
GET /files/htmlpdf/api/template-jsons/ 98.0ms sql=13
GET /files/ 176.4ms sql=397
GET /files/ 176.7ms sql=397
GET /api/v2/library/files/2824/download/ 2.6ms sql=0
GET /files/task-management/ 60.2ms sql=48
GET /files/task-management/ 163.9ms sql=48
GET /files/task-management/ 73.4ms sql=48
GET /files/htmlpdf/editor/2792/ 3.8ms sql=5
GET /files/htmlpdf/editor/2792/ 3.5ms sql=5
GET /files/htmlpdf/template/2792/ 1.9ms sql=2
GET /files/htmlpdf/api/template-jsons/ 164.6ms sql=13
GET /files/ 388.6ms sql=716
GET /files/ 1320.7ms sql=716
GET /files/ 327.4ms sql=716
GET /files/ 317.8ms sql=716
GET /files/ 179.7ms sql=405
GET /files/ 184.2ms sql=405
GET /files/ 188.4ms sql=405
GET /files/ 188.5ms sql=405
GET /api/v2/inspections/projects/260001/tasks/40/export-frontend-json 3.0ms sql=0
GET /files/ 181.9ms sql=405
GET /files/2835/preview/ 6.6ms sql=7
GET /files/2835/raw/ 3.7ms sql=6
GET /files/htmlpdf/template/2824/ 2.5ms sql=4
GET /files/task-management/ 72.3ms sql=48
GET /files/task-management/ 61.7ms sql=48
GET /files/htmlpdf/editor/2792/ 3.6ms sql=5
GET /files/htmlpdf/editor/2792/ 3.7ms sql=5
GET /files/htmlpdf/template/2792/ 8.5ms sql=2
GET /files/htmlpdf/api/template-jsons/ 176.2ms sql=13
GET /files/task-management/ 64.8ms sql=48
GET /files/task-management/ 132.6ms sql=48
GET /files/htmlpdf/template/2824/ 2.7ms sql=4
GET /files/htmlpdf/template/2824/ 1.8ms sql=4
GET /files/htmlpdf/template/2824/ 1.8ms sql=4
GET /login/ 0.7ms sql=0
GET /logout/ 8.6ms sql=4
GET /login/ 0.8ms sql=0
GET / 7.2ms sql=9
GET /files/ 16.8ms sql=32
GET /files/ 22.3ms sql=32
GET /files/ 318.7ms sql=704
GET /files/ 392.5ms sql=704
GET /files/ 347.3ms sql=704
GET /files/ 318.6ms sql=704
GET /files/ 178.3ms sql=393
GET /files/ 179.8ms sql=393
GET /files/ 181.9ms sql=393
GET /files/2838/preview/ 6.3ms sql=7
GET /files/2838/raw/ 2.9ms sql=6
GET /files/task-management/ 38.2ms sql=36
GET /files/task-management/ 50.2ms sql=36
GET /files/task-management/ 46.9ms sql=37
GET /files/task-management/ 52.9ms sql=47
GET /files/task-management/ 37.0ms sql=37
GET /files/task-management/ 50.5ms sql=47
GET /files/ 522.9ms sql=704
GET /files/ 328.9ms sql=704
GET /files/ 337.4ms sql=704
GET /files/ 360.2ms sql=704
GET /files/htmlpdf/editor/1762/ 0.3ms sql=0
GET /login/ 0.6ms sql=0
GET /files/ 319.5ms sql=704
GET /files/projects/ 30.9ms sql=6
GET /files/htmlpdf/ 343.8ms sql=960
GET /files/projects/ 15.4ms sql=6
GET /files/projects/ 9.9ms sql=6
GET /files/projects/ 13.3ms sql=6
GET /files/projects/ 336.7ms sql=737
GET /files/projects/ 274.8ms sql=737
GET /files/projects/ 334.6ms sql=739
GET /files/ 20.8ms sql=38
GET /files/ 768.2ms sql=1168
GET /files/htmlpdf/ 354.6ms sql=973
GET /files/ 227.5ms sql=342
GET /files/htmlpdf/editor/1851/ 9.8ms sql=7
GET /files/htmlpdf/editor/1851/ 13.1ms sql=7
GET /files/ 272.4ms sql=342
GET /files/htmlpdf/api/template-jsons/ 22.5ms sql=42
GET /files/htmlpdf/template/1851/ 1.8ms sql=4
GET /files/ 293.5ms sql=342
GET /files/ 229.7ms sql=342
GET /files/2840/preview/ 3.2ms sql=4
GET /files/2840/raw/ 1.4ms sql=2
GET /files/task-management/ 40.3ms sql=36
GET /files/task-management/ 39.3ms sql=36
GET /files/task-management/ 40.9ms sql=37
GET /files/task-management/ 59.0ms sql=47
GET /files/task-management/ 126.4ms sql=48
GET /files/htmlpdf/template/1935/ 2.7ms sql=4
GET /files/task-management/ 65.8ms sql=48
GET /files/task-management/ 77.8ms sql=47
GET /files/htmlpdf/template/1935/ 1.8ms sql=4
GET /files/task-management/ 36.7ms sql=36
GET /files/task-management/ 36.8ms sql=37
GET /files/task-management/ 126.2ms sql=47
GET /files/task-management/ 69.0ms sql=47
GET /files/task-management/ 69.4ms sql=47
GET /files/task-management/ 37.4ms sql=37
GET /files/task-management/ 37.4ms sql=38
GET /files/task-management/ 51.2ms sql=47
GET /files/task-management/ 62.8ms sql=47
GET /files/task-management/ 168.9ms sql=47
GET /files/task-management/ 46.4ms sql=47
GET /files/task-management/ 72.1ms sql=47
GET /files/task-management/ 46.4ms sql=38
GET /files/task-management/ 37.9ms sql=37
GET /files/task-management/ 47.4ms sql=47
GET /files/task-management/ 58.9ms sql=47
GET /files/ 20.3ms sql=38
GET /files/ 28.9ms sql=38
GET /files/ 231.2ms sql=342
GET /files/ 21.6ms sql=38
GET /files/ 18.6ms sql=38
GET /files/2121/preview/ 3.4ms sql=4
GET /files/2121/raw/ 0.8ms sql=2
GET /files/ 914.2ms sql=2102
GET /files/htmlpdf/ 367.9ms sql=966
GET /files/htmlpdf/editor/2013/ 4.6ms sql=7
GET /files/htmlpdf/editor/2013/ 6.4ms sql=7
GET /files/htmlpdf/template/2013/ 4.4ms sql=4
GET /files/htmlpdf/api/template-jsons/ 291.7ms sql=141
GET /files/htmlpdf/ 521.9ms sql=975
GET /files/htmlpdf/editor/2008/ 6.3ms sql=7
GET /files/htmlpdf/editor/2008/ 5.0ms sql=7
GET /files/htmlpdf/api/template-jsons/ 20.3ms sql=42
GET /files/htmlpdf/template/2008/ 1.5ms sql=4
GET /files/htmlpdf/template/2013/ 1.8ms sql=4
GET /files/ 223.8ms sql=342
GET /files/ 225.8ms sql=342
GET /files/2731/preview/ 4.7ms sql=4
GET /files/2731/raw/ 1.6ms sql=2
GET /files/htmlpdf/template/2013/ 2.2ms sql=4
GET /files/ 19.0ms sql=38
GET /files/projects/ 10.3ms sql=6
GET /files/htmlpdf/template/2013/ 1.8ms sql=4
GET /files/2838/raw/ 0.3ms sql=0
GET /login/ 0.6ms sql=0
GET /files/htmlpdf/template/2013/ 1.8ms sql=4
GET /files/task-management/ 53.9ms sql=62
GET /files/task-management/ 54.5ms sql=58
GET /files/htmlpdf/template/2013/ 2.5ms sql=4
GET /files/task-management/ 46.9ms sql=56
GET /files/task-management/ 118.6ms sql=58
GET /files/htmlpdf/editor/2844/ 6.9ms sql=7
GET /files/htmlpdf/editor/2844/ 6.6ms sql=7
GET /files/htmlpdf/api/template-jsons/ 34.5ms sql=69
GET /files/htmlpdf/template/2844/ 1.8ms sql=4
GET /files/htmlpdf/template/2013/ 2.0ms sql=4
GET /files/task-management/ 36.0ms sql=36
GET /files/task-management/ 110.8ms sql=36
GET /files/task-management/ 37.4ms sql=37
GET /files/task-management/ 53.0ms sql=47
GET /files/htmlpdf/editor/2060/ 5.4ms sql=5
GET /files/htmlpdf/editor/2060/ 3.7ms sql=5
GET /files/htmlpdf/api/template-jsons/ 16.0ms sql=12
GET /files/htmlpdf/template/2060/ 1.5ms sql=2
GET /files/ 186.7ms sql=411
GET /files/task-management/ 225.2ms sql=47
GET /files/ 693.6ms sql=409
GET /files/ 195.5ms sql=409
GET /files/2754/preview/ 6.0ms sql=7
GET /files/2754/raw/ 2.4ms sql=6
GET /files/htmlpdf/template/2013/ 1.8ms sql=4
GET /files/htmlpdf/template/2824/ 1.8ms sql=4
GET /files/htmlpdf/editor/2060/ 3.6ms sql=5
GET /files/htmlpdf/editor/2060/ 5.6ms sql=5
GET /files/htmlpdf/api/template-jsons/ 11.4ms sql=12
GET /files/htmlpdf/template/2060/ 1.5ms sql=2
GET /files/htmlpdf/template/2824/ 2.1ms sql=4
GET /files/htmlpdf/template/1769/ 1.9ms sql=2
GET /files/htmlpdf/template/2013/ 2.0ms sql=4
GET /files/htmlpdf/template/2013/ 2.6ms sql=4
GET /files/ 486.8ms sql=283
GET /files/ 273.5ms sql=342
GET /files/ 226.0ms sql=342
GET /files/ 227.1ms sql=342
GET /files/ 313.0ms sql=342
GET /files/htmlpdf/template/2013/ 2.0ms sql=4
GET /files/ 230.6ms sql=342
GET /files/ 126.9ms sql=180
GET /files/ 168.8ms sql=180
GET /files/ 131.2ms sql=180
GET /files/htmlpdf/template/2013/ 3.4ms sql=4
GET /files/2846/preview/ 3.2ms sql=4
GET /files/2846/raw/ 1.3ms sql=2
GET /files/htmlpdf/template/2824/ 1.8ms sql=4
GET /files/htmlpdf/template/2824/ 2.8ms sql=4
GET /files/htmlpdf/template/2013/ 3.0ms sql=4
GET /files/commission-manage/ 25.6ms sql=37
GET /files/task-management/ 41.8ms sql=43
GET /files/htmlpdf/template/2824/ 1.9ms sql=4
GET /files/htmlpdf/template/2824/ 1.8ms sql=4
GET /files/htmlpdf/template/2824/ 1.7ms sql=4
GET /files/htmlpdf/template/2824/ 2.3ms sql=4
GET /files/task-management/ 155.4ms sql=60
GET /files/htmlpdf/ 339.1ms sql=960
GET /files/htmlpdf/ 369.7ms sql=967
GET /files/htmlpdf/editor/2063/ 4.6ms sql=7
GET /files/htmlpdf/editor/2063/ 4.7ms sql=7
GET /files/htmlpdf/api/template-jsons/ 72.6ms sql=154
GET /files/htmlpdf/template/2063/ 2.6ms sql=4
GET /files/htmlpdf/template/2824/ 1.8ms sql=4
GET /files/htmlpdf/template/2824/ 2.6ms sql=4
GET /files/htmlpdf/template/2824/ 1.7ms sql=4
GET /files/ 885.7ms sql=2124
GET /files/htmlpdf/editor/2008/ 4.3ms sql=7
GET /files/htmlpdf/api/template-jsons/ 35.3ms sql=56
GET /files/htmlpdf/template/2008/ 2.6ms sql=4
GET /files/htmlpdf/template/2824/ 1.8ms sql=4
GET /files/htmlpdf/template/2824/ 1.8ms sql=4
GET /files/htmlpdf/template/2824/ 2.7ms sql=4
GET /files/htmlpdf/ 358.9ms sql=960
GET /files/htmlpdf/template/2824/ 6.4ms sql=4
GET /files/htmlpdf/ 367.0ms sql=967
GET /files/htmlpdf/editor/1851/ 4.4ms sql=7
GET /files/htmlpdf/editor/1851/ 6.7ms sql=7
GET /files/htmlpdf/api/template-jsons/ 27.2ms sql=56
GET /files/htmlpdf/template/1851/ 1.8ms sql=4
GET /files/task-management/ 56.9ms sql=62
GET /files/htmlpdf/template/2824/ 2.3ms sql=4
GET /files/htmlpdf/ 981.5ms sql=967
GET /files/htmlpdf/editor/2063/ 4.5ms sql=7
GET /files/htmlpdf/editor/2063/ 4.2ms sql=7
GET /files/htmlpdf/api/template-jsons/ 66.3ms sql=154
GET /files/htmlpdf/template/2063/ 1.5ms sql=4
GET /files/htmlpdf/ 123.9ms sql=221
GET /files/htmlpdf/ 201.9ms sql=221
GET /files/htmlpdf/ 125.2ms sql=222
GET /files/htmlpdf/ 137.4ms sql=226
GET /files/htmlpdf/template/1765/ 1.8ms sql=4
GET /files/htmlpdf/editor/2060/ 5.2ms sql=5
GET /files/htmlpdf/editor/2060/ 3.7ms sql=5
GET /files/htmlpdf/api/template-jsons/ 13.1ms sql=12
GET /files/htmlpdf/template/2060/ 1.5ms sql=2
GET /files/htmlpdf/ 348.7ms sql=967
GET /files/ 25.4ms sql=32
GET /files/htmlpdf/template/1769/ 1.0ms sql=2
GET /files/htmlpdf/template/1765/ 2.5ms sql=4
GET /files/ 19.5ms sql=32
GET /files/ 334.4ms sql=713
GET /files/htmlpdf/template/1769/ 2.2ms sql=2
GET /files/ 387.0ms sql=713
GET /files/htmlpdf/template/1769/ 2.0ms sql=2
GET /files/htmlpdf/template/1769/ 1.4ms sql=2
GET /files/htmlpdf/template/1765/ 2.0ms sql=4
GET /files/ 332.7ms sql=713
GET /files/ 328.7ms sql=713
GET /files/htmlpdf/template/1765/ 6.1ms sql=4
GET /files/ 347.6ms sql=713
GET /files/ 318.0ms sql=713
GET /files/htmlpdf/template/1765/ 2.7ms sql=4
GET /files/ 330.4ms sql=713
GET /files/ 218.2ms sql=425
GET /files/ 196.8ms sql=425
GET /files/htmlpdf/template/2824/ 2.7ms sql=4
GET /files/ 207.1ms sql=425
GET /files/2848/preview/ 6.9ms sql=7
GET /files/2848/raw/ 2.6ms sql=6
GET /files/ 925.7ms sql=2396
GET /files/commission-manage/ 30.6ms sql=37
GET /files/ 18.7ms sql=32
GET /files/ 16.9ms sql=32
GET /files/ 371.0ms sql=713
GET /files/ 444.3ms sql=713
GET /files/ 320.4ms sql=713
GET /files/ 335.7ms sql=713
GET /files/task-management/ 54.3ms sql=62
GET /files/htmlpdf/template/1769/ 2.5ms sql=2
GET /files/ 9016.1ms sql=713
GET /files/ 722.2ms sql=713
GET /files/ 195.0ms sql=433
GET /files/ 194.5ms sql=433
GET /files/htmlpdf/template/1769/ 3.3ms sql=2
GET /files/ 722.5ms sql=433
GET /files/2851/preview/ 4.5ms sql=7
GET /files/2851/raw/ 2.4ms sql=6
GET /files/task-management/ 39.1ms sql=43
GET /files/task-management/ 39.4ms sql=43
GET /files/task-management/ 40.2ms sql=44
GET /files/task-management/ 51.9ms sql=60
GET /files/ 364.8ms sql=722
GET /files/htmlpdf/ 348.2ms sql=973
GET /files/ 330.0ms sql=722
GET /files/ 339.1ms sql=722
GET /files/ 408.7ms sql=722
GET /files/ 323.6ms sql=722
GET /files/htmlpdf/template/1769/ 2.4ms sql=2
GET /files/ 364.1ms sql=722
GET /files/htmlpdf/editor/2063/ 6.2ms sql=7
GET /files/htmlpdf/editor/2063/ 4.5ms sql=7
GET /files/htmlpdf/api/template-jsons/ 73.4ms sql=168
GET /files/htmlpdf/template/2063/ 1.8ms sql=4
GET /files/ 374.9ms sql=724
GET /files/ 323.9ms sql=722
GET /files/ 333.2ms sql=722
GET /files/htmlpdf/template/1765/ 4.2ms sql=4
GET /files/ 290.2ms sql=441
GET /files/ 205.4ms sql=441
GET /files/ 211.5ms sql=441
GET /api/v2/inspections/projects/260001/tasks/29/files/site_record 5.5ms sql=0
GET /files/2854/preview/ 4.9ms sql=7
GET /files/2854/raw/ 2.3ms sql=6
GET /files/htmlpdf/template/1765/ 5.3ms sql=4
GET /files/2851/raw/ 0.8ms sql=0
GET /login/ 6.6ms sql=0
GET /files/2854/preview/ 7.1ms sql=9
GET /files/2854/raw/ 3.7ms sql=6
GET /files/task-management/ 58.3ms sql=61
GET /files/task-management/ 49.0ms sql=56
GET /files/task-management/ 91.9ms sql=58
GET /files/ 1054.3ms sql=2412
GET /files/ 16.9ms sql=32
GET /files/htmlpdf/editor/2856/ 4.2ms sql=7
GET /files/htmlpdf/editor/2856/ 4.7ms sql=7
GET /files/htmlpdf/api/template-jsons/ 45.5ms sql=69
GET /files/htmlpdf/template/2856/ 2.0ms sql=4
GET /files/ 327.5ms sql=722
GET /files/ 356.9ms sql=722
GET /files/ 401.3ms sql=722
GET /files/ 332.5ms sql=722
GET /files/ 327.9ms sql=722
GET /files/ 203.8ms sql=449
GET /files/ 206.0ms sql=449
GET /files/ 888.2ms sql=449
GET /files/2857/preview/ 4.2ms sql=7
GET /files/2857/raw/ 2.8ms sql=6
GET /api/v2/inspections/projects/260001/tasks/27/files/site_record 18.1ms sql=0
GET /files/ 329.3ms sql=722
GET /files/ 399.9ms sql=722
GET /files/task-management/ 87.0ms sql=43
GET /files/htmlpdf/template/2824/ 2.3ms sql=4
GET /files/task-management/ 42.0ms sql=43
GET /files/ 363.1ms sql=731
GET /files/task-management/ 51.9ms sql=44
GET /files/task-management/ 122.6ms sql=60
GET /files/ 332.0ms sql=731
GET /files/htmlpdf/template/2824/ 2.6ms sql=4
GET /files/task-management/ 89.6ms sql=60
GET /files/task-management/ 57.3ms sql=60
GET /files/htmlpdf/template/2824/ 74.0ms sql=4
GET /files/htmlpdf/ 3706.3ms sql=967
GET /files/ 565.0ms sql=731
GET /files/htmlpdf/editor/2063/ 4.9ms sql=7
GET /files/htmlpdf/editor/2063/ 7.4ms sql=7
GET /files/htmlpdf/api/template-jsons/ 87.0ms sql=182
GET /files/htmlpdf/template/2063/ 2.0ms sql=4
GET /files/ 213.4ms sql=457
GET /files/ 207.5ms sql=457
GET /files/htmlpdf/template/2824/ 1.7ms sql=4
GET /files/ 404.5ms sql=457
GET /files/htmlpdf/template/1765/ 9.1ms sql=4
GET /files/2860/preview/ 4.2ms sql=7
GET /files/2860/raw/ 2.6ms sql=6
GET /files/htmlpdf/template/2824/ 2.1ms sql=4
GET /files/ 1038.4ms sql=2424
GET /files/task-management/ 38.3ms sql=43
GET /files/htmlpdf/template/2824/ 2.5ms sql=4
GET /files/ 23.9ms sql=32
GET /files/task-management/ 39.4ms sql=43
GET /files/ 361.5ms sql=731
GET /files/htmlpdf/template/2824/ 1.8ms sql=4
GET /files/task-management/ 112.1ms sql=44
GET /files/task-management/ 65.6ms sql=60
GET /files/ 343.5ms sql=731
GET /files/htmlpdf/template/2824/ 1.8ms sql=4
GET /files/htmlpdf/ 372.8ms sql=967
GET /files/htmlpdf/editor/2063/ 4.3ms sql=7
GET /files/htmlpdf/editor/2063/ 4.7ms sql=7
GET /files/htmlpdf/api/template-jsons/ 92.0ms sql=196
GET /files/htmlpdf/template/2063/ 2.8ms sql=4
GET / 8.6ms sql=8
GET /files/htmlpdf/template/2824/ 1.8ms sql=4
GET /files/ 360.3ms sql=733
GET /files/ 336.9ms sql=731
GET /files/htmlpdf/template/2824/ 1.8ms sql=4
GET /files/htmlpdf/template/2824/ 5.2ms sql=4
GET /files/ 329.3ms sql=731
GET /files/ 248.6ms sql=465
GET /files/ 702.2ms sql=465
GET /files/ 1236.5ms sql=2124
GET /files/htmlpdf/template/2824/ 1.8ms sql=4
GET /files/ 240.4ms sql=465
GET /files/ 348.7ms sql=731
GET /files/2862/preview/ 6.2ms sql=7
GET /files/2862/raw/ 3.4ms sql=6
GET /files/htmlpdf/template/2824/ 2.2ms sql=4
GET /files/ 331.1ms sql=731
GET /files/htmlpdf/template/2824/ 1.8ms sql=4
GET /files/htmlpdf/template/2824/ 2.5ms sql=4
GET /files/ 332.0ms sql=731
GET /files/ 336.8ms sql=731
GET /files/htmlpdf/template/1765/ 156.0ms sql=4
GET /files/ 335.2ms sql=731
GET /files/ 226.1ms sql=473
GET /files/ 218.1ms sql=473
GET /files/ 239.6ms sql=473
GET /files/2863/preview/ 4.4ms sql=7
GET /files/2863/raw/ 3.5ms sql=6
GET /files/task-management/ 56.1ms sql=60
GET /files/htmlpdf/template/2824/ 2.5ms sql=4
GET /files/htmlpdf/template/2824/ 5.0ms sql=4
GET /files/htmlpdf/template/2824/ 3.5ms sql=4
GET /files/2854/preview/ 17.0ms sql=0
GET /login/ 5.1ms sql=0
GET /files/htmlpdf/template/2824/ 3.4ms sql=4
GET /files/htmlpdf/template/2824/ 1.8ms sql=4
GET /files/htmlpdf/ 353.4ms sql=970
GET /files/htmlpdf/editor/2063/ 5.1ms sql=7
GET /files/htmlpdf/editor/2063/ 4.7ms sql=7
GET /files/htmlpdf/api/template-jsons/ 94.7ms sql=196
GET /files/htmlpdf/template/2063/ 2.6ms sql=4
GET /files/2862/preview/ 0.3ms sql=0
GET /login/ 0.5ms sql=0
GET /files/htmlpdf/template/2824/ 1.8ms sql=4
GET /files/htmlpdf/template/1765/ 3.8ms sql=4
GET /files/htmlpdf/template/2824/ 5.1ms sql=4
GET /files/htmlpdf/template/1765/ 2.5ms sql=4
GET /files/htmlpdf/template/2856/ 18.6ms sql=0
GET /login/ 6.2ms sql=0
GET /files/task-management/ 120.1ms sql=63
GET /files/task-management/ 160.2ms sql=63
GET /files/ 315.8ms sql=350
GET /files/task-management/ 63.2ms sql=63
GET /files/ 892.5ms sql=350
GET /files/ 435.8ms sql=350
GET /files/2859/preview/ 5.6ms sql=4
GET /files/2859/raw/ 1.1ms sql=2
GET /files/ 145.6ms sql=201
GET /files/ 142.1ms sql=201
GET /files/ 143.6ms sql=201
GET /files/2863/preview/ 3.0ms sql=4
GET /files/2863/raw/ 1.2ms sql=2
GET /files/htmlpdf/editor/2856/ 28.0ms sql=7
GET /files/htmlpdf/editor/2856/ 6.5ms sql=7
GET /files/htmlpdf/api/template-jsons/ 51.2ms sql=100
GET /files/htmlpdf/template/2856/ 3.6ms sql=4
GET /files/htmlpdf/template/2824/ 1.8ms sql=4
GET /files/task-management/ 144.1ms sql=37
GET /files/task-management/ 48.7ms sql=36
GET /files/task-management/ 99.7ms sql=37
GET /files/task-management/ 47.2ms sql=47
GET /files/2060/preview/ 4.6ms sql=4
GET /files/2060/raw/ 1.5ms sql=2
GET /files/2857/preview/ 0.8ms sql=0
GET /login/ 1.2ms sql=0
GET /files/htmlpdf/template/2824/ 1.8ms sql=4
GET /files/ 1.0ms sql=0
GET /files/task-management/ 17.1ms sql=0
GET /login/ 5.7ms sql=0
GET /files/htmlpdf/template/2824/ 1.9ms sql=4
GET /files/htmlpdf/template/2824/ 1.8ms sql=4
GET /files/ 231.1ms sql=483
GET /files/ 218.1ms sql=481
GET /files/2860/preview/ 7.3ms sql=7
GET /files/2860/raw/ 2.5ms sql=6
GET /files/htmlpdf/template/2824/ 2.7ms sql=4
GET /files/htmlpdf/template/2824/ 2.7ms sql=4
GET /files/htmlpdf/template/2824/ 1.8ms sql=4
GET /files/htmlpdf/template/2824/ 2.8ms sql=4
GET /files/htmlpdf/template/2824/ 1.7ms sql=4
GET /files/htmlpdf/template/2824/ 1778.1ms sql=4
GET /files/htmlpdf/editor/1762/ 5086.9ms sql=7
GET /files/task-management/ 47055.4ms sql=63
GET /files/htmlpdf/template/1762/ 210.0ms sql=4
GET /files/task-management/ 5870.5ms sql=67
GET /files/htmlpdf/template/2824/ 197.6ms sql=4
GET /files/htmlpdf/api/template-jsons/ 6379.4ms sql=172
GET /files/htmlpdf/template/1765/ 24.3ms sql=4
GET /files/task-management/ 952.6ms sql=62
GET /files/htmlpdf/ 370.6ms sql=976
GET /files/htmlpdf/editor/1762/ 6.6ms sql=7
GET /files/htmlpdf/editor/1762/ 4.5ms sql=7
GET /files/htmlpdf/template/1762/ 4.5ms sql=4
GET /files/htmlpdf/api/template-jsons/ 701.9ms sql=200
GET /files/htmlpdf/template/1765/ 1.8ms sql=4
GET /files/htmlpdf/template/1765/ 1.8ms sql=4
GET /files/htmlpdf/template/2824/ 2.5ms sql=4
GET /files/task-management/ 83.8ms sql=62
GET /files/task-management/ 48.3ms sql=60
GET /files/htmlpdf/template/1765/ 2.0ms sql=4
GET /files/htmlpdf/ 360.5ms sql=983
GET /files/htmlpdf/editor/1790/ 6.7ms sql=7
GET /files/htmlpdf/editor/1790/ 6.5ms sql=7
GET /files/htmlpdf/api/template-jsons/ 41.9ms sql=70
GET /files/htmlpdf/template/1790/ 2.7ms sql=4
GET /files/htmlpdf/template/1765/ 1.8ms sql=4
GET /files/htmlpdf/template/1765/ 2.6ms sql=4
GET /files/htmlpdf/template/1765/ 2.8ms sql=4
GET /files/htmlpdf/template/1765/ 2.7ms sql=4
GET /files/htmlpdf/template/2824/ 1.8ms sql=4
GET /files/htmlpdf/template/1765/ 1.8ms sql=4
GET /files/htmlpdf/template/1765/ 1.8ms sql=4
GET /files/htmlpdf/template/1765/ 1.8ms sql=4
GET /files/htmlpdf/template/1765/ 2.8ms sql=4
GET /files/htmlpdf/template/2824/ 2.3ms sql=4
GET /files/htmlpdf/template/1765/ 2.7ms sql=4
GET /files/htmlpdf/template/1765/ 2.8ms sql=4
GET /files/htmlpdf/template/1762/ 1.8ms sql=4
GET /files/htmlpdf/template/1765/ 2.7ms sql=4
GET /files/htmlpdf/template/1765/ 2.7ms sql=4
GET /files/htmlpdf/template/1762/ 1.8ms sql=4
GET /files/htmlpdf/template/1765/ 1.8ms sql=4
GET /files/htmlpdf/template/1762/ 4.7ms sql=4
GET /files/htmlpdf/template/1765/ 3.0ms sql=4
GET /files/htmlpdf/template/1765/ 2.8ms sql=4
GET /files/htmlpdf/template/1762/ 1.9ms sql=4
GET /files/htmlpdf/template/2824/ 1.8ms sql=4
GET /files/htmlpdf/template/1762/ 2.6ms sql=4
GET /files/htmlpdf/template/1765/ 5.9ms sql=4
GET /files/htmlpdf/ 501.0ms sql=970
GET /files/htmlpdf/template/1765/ 1.8ms sql=4
GET /files/htmlpdf/ 351.8ms sql=981
GET /files/htmlpdf/editor/2060/ 4.5ms sql=7
GET /files/htmlpdf/editor/2060/ 6.5ms sql=7
GET /files/htmlpdf/api/template-jsons/ 35.3ms sql=70
GET /files/htmlpdf/template/2060/ 2.5ms sql=4
GET /files/htmlpdf/template/1762/ 2.8ms sql=4
GET /files/htmlpdf/template/1762/ 1.8ms sql=4
GET /files/htmlpdf/template/1765/ 1.8ms sql=4
GET /files/htmlpdf/template/1765/ 1.8ms sql=4
GET /files/htmlpdf/template/1762/ 1.8ms sql=4
GET /files/htmlpdf/ 362.9ms sql=974
GET /files/htmlpdf/editor/1990/ 4.3ms sql=7
GET /files/htmlpdf/editor/1990/ 5.8ms sql=7
GET /files/htmlpdf/template/1990/ 4.5ms sql=4
GET /files/htmlpdf/api/template-jsons/ 139.8ms sql=141
GET /files/htmlpdf/template/2824/ 2.0ms sql=4
GET /files/htmlpdf/template/1765/ 2.5ms sql=4
GET /files/htmlpdf/ 342.2ms sql=968
GET /files/htmlpdf/template/1762/ 2.7ms sql=4
GET /files/htmlpdf/ 343.3ms sql=981
GET /files/htmlpdf/template/1765/ 2.7ms sql=4
GET /files/htmlpdf/editor/2055/ 6.5ms sql=7
GET /files/htmlpdf/editor/2055/ 6.5ms sql=7
GET /files/htmlpdf/template/2055/ 6.3ms sql=4
GET /files/htmlpdf/api/template-jsons/ 137.4ms sql=84
GET /files/htmlpdf/template/2824/ 2.3ms sql=4
GET /files/htmlpdf/template/1765/ 2.5ms sql=4
GET /files/htmlpdf/template/1990/ 2.2ms sql=4
GET /files/htmlpdf/template/1990/ 1.9ms sql=4
GET /files/ 1531.7ms sql=4760
GET /files/htmlpdf/template/1762/ 3.4ms sql=4
GET /files/task-management/ 53.0ms sql=60
GET /files/2875/download/ 2.7ms sql=4
GET /files/2875/download/ 2.5ms sql=4
GET /files/2856/download/ 5.9ms sql=4
GET /files/2856/download/ 1.9ms sql=4
GET /files/task-management/ 161.3ms sql=63
GET /files/task-management/ 73.6ms sql=47
GET /files/task-management/ 162.3ms sql=60
GET /files/htmlpdf/editor/2261/ 4.6ms sql=7
GET /files/htmlpdf/editor/2261/ 4.5ms sql=7
GET /files/htmlpdf/api/template-jsons/ 49.7ms sql=15
GET /files/htmlpdf/template/2261/ 3.4ms sql=4
GET /files/task-management/ 152.9ms sql=63
GET /files/task-management/ 122.8ms sql=61
GET /files/htmlpdf/template/1765/ 3.4ms sql=4
GET /files/htmlpdf/editor/2055/ 22.5ms sql=7
GET /files/htmlpdf/editor/2055/ 5.6ms sql=7
GET /files/htmlpdf/api/template-jsons/ 33.1ms sql=84
GET /files/htmlpdf/template/2055/ 3.4ms sql=4
GET /files/htmlpdf/template/1765/ 1.8ms sql=4
GET /files/task-management/ 83.9ms sql=63
GET /files/htmlpdf/template/1765/ 3.4ms sql=4
GET /files/htmlpdf/template/1765/ 1.8ms sql=4
GET /files/htmlpdf/template/1990/ 2.6ms sql=4
GET /files/htmlpdf/template/1765/ 1.8ms sql=4
GET /files/htmlpdf/template/1765/ 1.8ms sql=4
GET /files/htmlpdf/template/1765/ 1.8ms sql=4
GET /files/htmlpdf/template/1765/ 2.5ms sql=4
GET /files/htmlpdf/template/1765/ 1.9ms sql=4
GET /files/htmlpdf/template/1765/ 2.7ms sql=4
GET /files/htmlpdf/template/1765/ 1.8ms sql=4
GET /files/task-management/ 120.0ms sql=63
GET /files/htmlpdf/editor/2319/ 33.8ms sql=7
GET /files/htmlpdf/editor/2319/ 6.9ms sql=7
GET /files/htmlpdf/template/2319/ 7.5ms sql=4
GET /files/htmlpdf/api/template-jsons/ 196.3ms sql=322
GET /files/htmlpdf/template/1762/ 14.5ms sql=4
GET /files/htmlpdf/template/1762/ 1.8ms sql=4
GET /files/htmlpdf/template/2261/ 2.5ms sql=4
GET /files/htmlpdf/template/2331/ 4.4ms sql=4
GET /files/htmlpdf/template/1762/ 1.8ms sql=4
GET /files/htmlpdf/template/2261/ 1.9ms sql=4
GET /files/task-management/ 51.2ms sql=37
GET /files/task-management/ 107.4ms sql=36
GET /files/task-management/ 40.4ms sql=37
GET /files/task-management/ 59.7ms sql=47
GET /files/htmlpdf/editor/1790/ 8.2ms sql=7
GET /files/task-management/ 141.5ms sql=63
GET /files/task-management/ 69.3ms sql=62
GET /files/task-management/ 107.4ms sql=62
GET /files/task-management/ 53.1ms sql=60
GET /files/htmlpdf/ 357.9ms sql=983
GET /files/htmlpdf/editor/2055/ 5.2ms sql=7
GET /files/htmlpdf/editor/2055/ 5.2ms sql=7
GET /files/htmlpdf/api/template-jsons/ 34.0ms sql=84
GET /files/htmlpdf/template/2055/ 6.3ms sql=4
GET /files/task-management/ 77.3ms sql=60
GET /files/htmlpdf/editor/2331/ 6.5ms sql=7
GET /files/htmlpdf/editor/2331/ 6.6ms sql=7
GET /files/htmlpdf/template/2331/ 4.0ms sql=4
GET /files/htmlpdf/api/template-jsons/ 362.0ms sql=197
GET /files/htmlpdf/editor/1790/ 5.9ms sql=7
GET /files/htmlpdf/editor/1790/ 4.6ms sql=7
GET /files/htmlpdf/template/1790/ 3.4ms sql=4
GET /files/htmlpdf/api/template-jsons/ 93.9ms sql=70
GET /files/task-management/ 49.1ms sql=60
GET /files/ 27.3ms sql=32
GET /files/ 22.9ms sql=32
GET /files/ 18.7ms sql=32
GET /files/task-management/ 52.9ms sql=43
GET /files/htmlpdf/ 349.4ms sql=983
GET /files/task-management/ 97.9ms sql=43
GET /files/task-management/ 38.1ms sql=44
GET /files/htmlpdf/editor/1849/ 4.2ms sql=7
GET /files/htmlpdf/editor/1849/ 4.3ms sql=7
GET /files/htmlpdf/api/template-jsons/ 32.0ms sql=70
GET /files/htmlpdf/template/1849/ 1.8ms sql=4
GET /files/ 25.1ms sql=32
GET /files/ 18.3ms sql=32
GET /files/ 25.1ms sql=32
GET /files/ 17.4ms sql=32
GET /files/ 16.4ms sql=32
GET /files/htmlpdf/template/1850/ 2.8ms sql=4
GET /files/ 248.3ms sql=505
GET /files/ 233.2ms sql=505
GET /files/htmlpdf/template/1850/ 2.7ms sql=4
GET /files/htmlpdf/template/1850/ 1.8ms sql=4
GET /files/htmlpdf/template/1850/ 5.3ms sql=4
GET /files/ 50.9ms sql=38
GET /files/ 283.4ms sql=350
GET /files/ 231.8ms sql=350
GET /files/ 231.6ms sql=350
GET /files/task-management/ 43.7ms sql=46
GET /files/ 240.4ms sql=350
GET /files/2859/preview/ 4.2ms sql=4
GET /files/2859/raw/ 1.1ms sql=2
GET /files/task-management/ 37.9ms sql=43
GET /files/task-management/ 59.1ms sql=44
GET /files/task-management/ 49.3ms sql=62
GET /files/task-management/ 152.4ms sql=61
GET /files/htmlpdf/ 341.3ms sql=975
GET /files/htmlpdf/editor/1919/ 4.7ms sql=7
GET /files/htmlpdf/editor/1919/ 5.9ms sql=7
GET /files/htmlpdf/template/1919/ 31.1ms sql=4
GET /files/htmlpdf/api/template-jsons/ 243.1ms sql=29
GET /files/htmlpdf/template/1850/ 1.8ms sql=4
GET /files/task-management/ 184.7ms sql=63
GET /files/task-management/ 61.2ms sql=44
GET /files/task-management/ 37.5ms sql=44
GET /files/task-management/ 47.8ms sql=62
GET /files/task-management/ 98.6ms sql=61
GET /files/htmlpdf/ 344.5ms sql=975
GET /files/htmlpdf/editor/1919/ 5.2ms sql=7
GET /files/htmlpdf/editor/1919/ 6.1ms sql=7
GET /files/htmlpdf/template/1919/ 5.0ms sql=4
GET /files/htmlpdf/api/template-jsons/ 227.6ms sql=29
GET /files/htmlpdf/template/1850/ 3.2ms sql=4
GET /files/task-management/ 100.7ms sql=60
GET /files/task-management/ 51.2ms sql=62
GET /files/htmlpdf/ 399.3ms sql=983
GET /files/projects/ 38.1ms sql=7
GET /files/htmlpdf/editor/1868/ 5.8ms sql=7
GET /files/htmlpdf/api/template-jsons/ 11.6ms sql=14
GET /files/htmlpdf/template/1868/ 3.8ms sql=4
GET /files/task-management/ 166.4ms sql=62
GET /files/task-management/ 50.3ms sql=64
GET /files/task-management/ 48.5ms sql=44
GET /files/task-management/ 60.6ms sql=44
GET /files/task-management/ 103.5ms sql=62
GET /files/htmlpdf/template/1850/ 1.9ms sql=4
GET /files/task-management/ 44.1ms sql=43
GET /files/task-management/ 37.9ms sql=44
GET /files/task-management/ 55.0ms sql=58
GET /files/task-management/ 48.8ms sql=60
GET /files/htmlpdf/ 993.7ms sql=975
GET /files/htmlpdf/editor/1790/ 4.6ms sql=7
GET /files/htmlpdf/editor/1790/ 5.1ms sql=7
GET /files/htmlpdf/api/template-jsons/ 33.7ms sql=70
GET /files/htmlpdf/template/1790/ 1.9ms sql=4
GET /files/htmlpdf/editor/2331/ 0.9ms sql=0
GET /files/2856/download/ 0.3ms sql=0
GET /login/ 1.0ms sql=0
GET /api/v2/inspections/projects/260001/tasks/26/submit 6.0ms sql=0
GET /files/task-management/ 146.0ms sql=60
GET /files/htmlpdf/editor/2331/ 7.4ms sql=7
GET /files/htmlpdf/editor/2331/ 4.2ms sql=7
GET /files/htmlpdf/template/2331/ 3.2ms sql=4
GET /files/htmlpdf/api/template-jsons/ 339.6ms sql=197
GET /files/htmlpdf/template/1850/ 1.8ms sql=4
GET /files/ 39.6ms sql=38
GET /files/ 398.9ms sql=283
GET /files/ 553.8ms sql=283
GET /files/htmlpdf/template/1850/ 2.3ms sql=4
GET /files/htmlpdf/editor/2319/ 0.3ms sql=0
GET /files/task-management/ 77.4ms sql=60
GET /files/htmlpdf/editor/2331/ 4.2ms sql=7
GET /files/htmlpdf/editor/2331/ 4.5ms sql=7
GET /files/htmlpdf/template/2331/ 10.8ms sql=4
GET /files/htmlpdf/api/template-jsons/ 383.4ms sql=197
GET /files/task-management/ 47.9ms sql=60
GET /files/task-management/ 75.0ms sql=60
GET /files/task-management/ 36.6ms sql=44
GET /files/task-management/ 68.9ms sql=60
GET /files/ 397.1ms sql=283
GET /files/htmlpdf/ 359.5ms sql=975
GET /files/htmlpdf/editor/2026/ 4.7ms sql=7
GET /files/htmlpdf/editor/2026/ 7.0ms sql=7
GET /files/htmlpdf/api/template-jsons/ 9.4ms sql=14
GET /files/htmlpdf/template/2026/ 2.7ms sql=4
GET /files/task-management/ 247.5ms sql=58
GET /files/ 437.0ms sql=283
GET /files/task-management/ 47.0ms sql=60
GET /files/task-management/ 46.1ms sql=60
GET /files/task-management/ 49.5ms sql=60
GET /files/ 461.6ms sql=283
GET /files/ 19.0ms sql=34
GET /files/ 364.4ms sql=283
GET /files/ 444.3ms sql=283
GET /files/ 333.9ms sql=731
GET /files/ 896.0ms sql=731
GET /files/ 1569.9ms sql=283
GET /files/htmlpdf/template/1850/ 1.9ms sql=4
GET /files/task-management/ 160.7ms sql=43
GET /files/ 513.3ms sql=283
GET /files/task-management/ 240.0ms sql=44
GET /files/ 1095.1ms sql=283
GET /files/task-management/ 51.8ms sql=60
GET /files/ 415.7ms sql=283
GET /files/task-management/ 64.8ms sql=60
GET /files/ 384.9ms sql=283
GET /files/ 353.0ms sql=731
GET /files/htmlpdf/editor/1868/ 0.3ms sql=0
GET /login/ 0.6ms sql=0
GET /files/ 435.1ms sql=283
GET /files/ 392.9ms sql=731
GET /files/ 432.8ms sql=283
GET /files/ 443.0ms sql=283
GET /files/ 338.8ms sql=283
GET /files/task-management/ 3202.0ms sql=43
GET /files/htmlpdf/template/1850/ 5.9ms sql=4
GET /files/ 15722.0ms sql=283
GET /files/ 10059.7ms sql=283
GET /files/ 7864.2ms sql=283
GET /files/ 13291.9ms sql=283
GET /files/ 11652.3ms sql=283
GET /files/ 11822.4ms sql=283
GET /files/ 15796.3ms sql=283
GET /files/ 10219.4ms sql=731
GET /files/ 9346.0ms sql=521
GET /files/ 8755.9ms sql=521
GET /files/ 8498.8ms sql=521
GET /files/ 8093.8ms sql=521
GET /files/ 9997.4ms sql=731
GET /files/ 9260.2ms sql=283
GET /files/ 7243.7ms sql=521
GET /files/ 7785.7ms sql=731
GET /files/ 8251.9ms sql=731
GET /files/ 7652.1ms sql=283
GET /files/ 232.5ms sql=521
GET /files/htmlpdf/template/1850/ 1.8ms sql=4
GET /files/ 404.1ms sql=521
GET /files/ 685.0ms sql=283
GET /files/ 413.7ms sql=283
GET /files/ 259.3ms sql=521
GET /files/ 330.9ms sql=283
GET /files/2882/preview/ 11.0ms sql=7
GET /files/2882/raw/ 13.3ms sql=6
GET /files/task-management/ 71.4ms sql=60
GET /files/htmlpdf/editor/2331/ 5.0ms sql=7
GET /files/htmlpdf/editor/2331/ 6.5ms sql=7
GET /files/htmlpdf/template/2331/ 4.3ms sql=4
GET /files/htmlpdf/api/template-jsons/ 388.4ms sql=197
GET /files/ 419.8ms sql=283
GET /files/htmlpdf/template/1850/ 1.8ms sql=4
GET /files/task-management/ 861.3ms sql=60
GET /files/htmlpdf/template/1850/ 2.7ms sql=4
GET /files/task-management/ 73.3ms sql=58
GET /files/htmlpdf/template/1850/ 2.8ms sql=4
GET /files/task-management/ 36.1ms sql=36
GET /files/task-management/ 37.0ms sql=36
GET /files/task-management/ 37.9ms sql=37
GET /files/task-management/ 46.3ms sql=47
GET /files/task-management/ 53.8ms sql=37
GET /files/htmlpdf/template/1850/ 1.8ms sql=4
GET /files/task-management/ 133.8ms sql=47
GET /files/task-management/ 38.0ms sql=37
GET /files/task-management/ 55.4ms sql=47
GET /files/task-management/ 71.5ms sql=47
GET /files/task-management/ 67.1ms sql=47
GET /files/task-management/ 41.9ms sql=37
GET /files/task-management/ 51.2ms sql=47
GET /files/task-management/ 36.6ms sql=37
GET /files/task-management/ 143.9ms sql=47
GET /files/task-management/ 53.0ms sql=37
GET /files/task-management/ 47.2ms sql=47
GET /files/htmlpdf/template/1850/ 2.6ms sql=4
GET /files/task-management/ 37.0ms sql=37
GET /files/task-management/ 48.4ms sql=47
GET /files/task-management/ 37.1ms sql=38
GET /files/task-management/ 123.3ms sql=47
GET /files/task-management/ 67.8ms sql=47
GET /files/task-management/ 44.6ms sql=37
GET /files/task-management/ 65.8ms sql=47
GET /files/task-management/ 38.5ms sql=37
GET /files/task-management/ 135.2ms sql=47
GET /files/task-management/ 129.2ms sql=36
GET /files/htmlpdf/template/1850/ 1.8ms sql=4
GET /files/htmlpdf/ 0.4ms sql=0
GET /files/task-management/ 37.0ms sql=37
GET /files/task-management/ 45.4ms sql=47
GET /files/task-management/ 53.3ms sql=60
GET /login/ 3.6ms sql=4
GET /files/task-management/ 42.8ms sql=37
GET /files/task-management/ 65.5ms sql=47
GET /files/htmlpdf/template/1850/ 2.6ms sql=4
GET /files/task-management/ 118.0ms sql=37
GET /files/task-management/ 46.8ms sql=47
GET /files/task-management/ 79.8ms sql=60
GET /files/task-management/ 38.1ms sql=37
GET /files/htmlpdf/ 339.7ms sql=966
GET /files/htmlpdf/editor/1954/ 4.3ms sql=7
GET /files/htmlpdf/editor/1954/ 4.6ms sql=7
GET /files/task-management/ 67.0ms sql=36
GET /files/htmlpdf/template/1954/ 4.3ms sql=4
GET /files/htmlpdf/api/template-jsons/ 322.6ms sql=199
GET /files/task-management/ 40.4ms sql=37
GET /files/task-management/ 68.9ms sql=60
GET /files/task-management/ 47.1ms sql=47
GET /files/htmlpdf/ 351.7ms sql=966
GET /files/htmlpdf/ 364.4ms sql=973
GET /files/htmlpdf/template/1850/ 2.7ms sql=4
GET /files/htmlpdf/editor/1978/ 5.0ms sql=7
GET /files/htmlpdf/editor/1978/ 5.0ms sql=7
GET /files/htmlpdf/api/template-jsons/ 23.4ms sql=28
GET /files/htmlpdf/template/1978/ 1.9ms sql=4
GET /files/task-management/ 84.4ms sql=62
GET /files/htmlpdf/template/1954/ 1.9ms sql=4
GET /files/htmlpdf/template/1850/ 1.9ms sql=4
GET /files/htmlpdf/template/1954/ 2.8ms sql=4
GET /files/2882/preview/ 0.3ms sql=0
GET /files/ 17.7ms sql=32
GET /files/ 643.2ms sql=472
GET /files/ 270.3ms sql=472
GET /files/htmlpdf/editor/1790/ 5.7ms sql=5
GET /files/htmlpdf/editor/1790/ 9.1ms sql=5
GET /files/htmlpdf/api/template-jsons/ 29.2ms sql=12
GET /files/htmlpdf/template/1790/ 1.0ms sql=2
GET /files/ 396.0ms sql=731
GET /files/ 359.5ms sql=731
GET /files/ 362.8ms sql=731
GET /files/ 335.9ms sql=731
GET /files/htmlpdf/template/1850/ 1.8ms sql=4
GET /files/task-management/ 207.6ms sql=45
GET /files/ 17.4ms sql=32
GET /files/ 235.7ms sql=521
GET /files/ 232.2ms sql=521
GET /files/ 233.7ms sql=521
GET /files/ 18.0ms sql=32
GET /files/ 18.6ms sql=32
GET /files/ 24.8ms sql=32
GET /files/htmlpdf/template/1850/ 1.8ms sql=4
GET /files/ 438.5ms sql=1098
GET /files/ 451.2ms sql=1098
GET /files/ 330.7ms sql=731
GET /files/ 337.5ms sql=731
GET /files/htmlpdf/template/1850/ 2.6ms sql=4
GET /files/ 329.5ms sql=731
GET /files/task-management/ 38.5ms sql=43
GET /files/task-management/ 124.6ms sql=43
GET /files/task-management/ 41.3ms sql=43
GET /files/task-management/ 39.5ms sql=44
GET /files/task-management/ 235.5ms sql=60
GET /files/htmlpdf/ 346.8ms sql=983
GET /files/task-management/ 49.7ms sql=60
GET /files/htmlpdf/template/1850/ 1.8ms sql=4
GET /files/htmlpdf/ 417.9ms sql=983
GET /files/htmlpdf/editor/1790/ 4.3ms sql=7
GET /files/htmlpdf/editor/1790/ 6.9ms sql=7
GET /files/htmlpdf/api/template-jsons/ 32.8ms sql=70
GET /files/htmlpdf/template/1790/ 2.2ms sql=4
GET /files/task-management/ 213.4ms sql=60
GET /files/htmlpdf/ 346.5ms sql=983
GET /files/htmlpdf/editor/1790/ 6.5ms sql=7
GET /files/htmlpdf/editor/1790/ 6.7ms sql=7
GET /files/htmlpdf/template/1790/ 3.1ms sql=4
GET /files/htmlpdf/api/template-jsons/ 39.5ms sql=70
GET /files/htmlpdf/template/1850/ 1.8ms sql=4
GET /files/htmlpdf/template/1762/ 2.5ms sql=4
GET /files/htmlpdf/template/1762/ 1.9ms sql=4
GET /files/ 1451.1ms sql=1112
GET /files/task-management/ 36.6ms sql=43
GET /files/task-management/ 37.7ms sql=43
GET /files/task-management/ 44.4ms sql=44
GET /files/task-management/ 47.8ms sql=60
GET /files/htmlpdf/ 378.7ms sql=975
GET /files/htmlpdf/template/1868/ 0.4ms sql=0
GET /login/ 0.7ms sql=0
GET /files/htmlpdf/editor/2026/ 5.8ms sql=7
GET /files/htmlpdf/editor/2026/ 4.5ms sql=7
GET /files/htmlpdf/api/template-jsons/ 9.0ms sql=14
GET /files/htmlpdf/template/2026/ 1.8ms sql=4
GET /files/ 1677.2ms sql=2142
GET /files/ 34.7ms sql=34
GET /files/ 345.4ms sql=740
GET /files/ 335.1ms sql=740
GET /files/ 334.3ms sql=740
GET /files/task-management/ 48.8ms sql=60
GET /files/htmlpdf/ 351.2ms sql=968
GET /files/ 352.1ms sql=740
GET /files/task-management/ 4541.0ms sql=60
GET /files/task-management/ 2290.6ms sql=47
GET /files/ 329.8ms sql=740
GET /files/ 44.3ms sql=38
GET /files/ 319.6ms sql=529
GET /files/ 662.7ms sql=283
GET /files/ 531.5ms sql=529
GET /files/ 239.8ms sql=529
GET /files/task-management/ 93.0ms sql=60
GET /files/2894/preview/ 4.4ms sql=7
GET /files/2894/raw/ 2.4ms sql=6
GET /files/task-management/ 65.8ms sql=60
GET /files/ 109.3ms sql=34
GET /files/ 89.5ms sql=34
GET /files/task-management/ 51.4ms sql=60
GET /files/ 116.7ms sql=34
GET /files/ 87.7ms sql=34
GET /files/ 88.3ms sql=34
GET /files/htmlpdf/ 347.3ms sql=981
GET /files/ 112.8ms sql=34
GET /files/htmlpdf/editor/1851/ 4.3ms sql=7
GET /files/htmlpdf/editor/1851/ 4.6ms sql=7
GET /files/htmlpdf/api/template-jsons/ 27.1ms sql=56
GET /files/htmlpdf/template/1851/ 1.7ms sql=4
GET /files/ 774.2ms sql=40
GET /files/ 169.4ms sql=40
GET /files/ 100.0ms sql=40
GET /files/ 121.9ms sql=40
GET /files/ 104.2ms sql=40
GET /files/ 99.1ms sql=40
GET /files/htmlpdf/template/1935/ 1.9ms sql=4
GET /files/task-management/ 94.1ms sql=43
GET /files/task-management/ 39.6ms sql=44
GET /files/task-management/ 52.5ms sql=60
GET /files/htmlpdf/ 344.2ms sql=981
GET /files/htmlpdf/editor/2032/ 5.2ms sql=7
GET /files/htmlpdf/template/1935/ 1.8ms sql=4
GET /files/htmlpdf/editor/2032/ 4.4ms sql=7
GET /files/htmlpdf/api/template-jsons/ 12.3ms sql=16
GET /files/htmlpdf/template/2032/ 2.7ms sql=4
GET /files/htmlpdf/template/1935/ 2.2ms sql=4
GET /files/task-management/ 52.9ms sql=60
GET /files/task-management/ 107.2ms sql=60
GET /files/htmlpdf/template/1935/ 2.6ms sql=4
GET /files/task-management/ 50.9ms sql=60
GET /files/htmlpdf/ 346.4ms sql=981
GET /files/htmlpdf/editor/2032/ 4.8ms sql=7
GET /files/htmlpdf/editor/2032/ 6.6ms sql=7
GET /files/htmlpdf/api/template-jsons/ 14.1ms sql=16
GET /files/htmlpdf/template/2032/ 1.8ms sql=4
GET /files/htmlpdf/editor/2331/ 4.3ms sql=7
GET /files/htmlpdf/editor/2331/ 4.8ms sql=7
GET /files/htmlpdf/template/2331/ 4.3ms sql=4
GET /files/htmlpdf/api/template-jsons/ 442.6ms sql=197
GET /files/htmlpdf/template/1935/ 5.9ms sql=4
GET /files/htmlpdf/template/2026/ 2.6ms sql=4
GET /files/htmlpdf/template/1935/ 2.1ms sql=4
GET /files/ 18.4ms sql=32
GET /files/task-management/ 42.9ms sql=43
GET /files/task-management/ 52.7ms sql=60
GET /files/htmlpdf/ 343.0ms sql=981
GET /files/htmlpdf/template/1935/ 1.8ms sql=4
GET /files/htmlpdf/editor/1978/ 14.0ms sql=7
GET /files/htmlpdf/editor/1978/ 14.5ms sql=7
GET /files/htmlpdf/template/1978/ 15.2ms sql=4
GET /files/htmlpdf/api/template-jsons/ 165.6ms sql=28
GET /files/task-management/ 51.1ms sql=60
GET /files/2882/raw/ 0.3ms sql=0
GET /files/htmlpdf/template/1935/ 1.8ms sql=4
GET /files/task-management/ 52.1ms sql=62
GET /files/ 17.4ms sql=32
GET /files/task-management/ 52.5ms sql=61
GET /files/ 349.8ms sql=740
GET /files/ 348.8ms sql=740
GET /files/2026/preview/ 3.7ms sql=5
GET /files/2026/raw/ 1.9ms sql=4
GET /files/ 336.9ms sql=740
GET /files/ 374.3ms sql=740
GET /files/htmlpdf/template/1935/ 3.1ms sql=4
GET /files/2859/preview/ 4.6ms sql=7
GET /files/2859/raw/ 3.7ms sql=6
GET /files/task-management/ 50.1ms sql=36
GET /files/htmlpdf/ 343.0ms sql=968
GET /files/htmlpdf/ 367.7ms sql=968
GET /files/htmlpdf/ 339.0ms sql=969
GET /files/htmlpdf/ 363.9ms sql=981
GET /files/htmlpdf/template/1935/ 1.8ms sql=4
GET /files/ 18.4ms sql=34
GET /files/ 16.7ms sql=32
GET /files/ 16.9ms sql=32
GET /files/ 335.4ms sql=740
GET /files/task-management/ 111.2ms sql=47
GET /files/task-management/ 36.9ms sql=37
GET /files/task-management/ 64.7ms sql=47
GET /files/htmlpdf/editor/2032/ 4.3ms sql=7
GET /files/htmlpdf/editor/2032/ 6.4ms sql=7
GET /files/htmlpdf/api/template-jsons/ 19.4ms sql=16
GET /files/htmlpdf/template/2032/ 2.0ms sql=4
GET /files/task-management/ 58.2ms sql=37
GET /files/task-management/ 208.2ms sql=47
GET /files/task-management/ 42.6ms sql=37
GET /files/task-management/ 50.6ms sql=47
GET /files/task-management/ 43.9ms sql=36
GET /files/htmlpdf/template/2026/ 1.9ms sql=4
GET /files/task-management/ 47.9ms sql=37
GET /files/task-management/ 47.7ms sql=47
GET /files/htmlpdf/template/1935/ 1.9ms sql=4
GET /files/task-management/ 37.1ms sql=36
GET /files/task-management/ 40.4ms sql=37
GET /files/task-management/ 47.1ms sql=47
GET /files/task-management/ 68.0ms sql=60
GET /files/2026/preview/ 10.0ms sql=4
GET /files/ 344.8ms sql=740
GET /files/2026/raw/ 1.1ms sql=2
GET /files/task-management/ 45.0ms sql=43
GET /files/2894/preview/ 0.3ms sql=0
GET /files/ 341.0ms sql=740
GET /files/task-management/ 39.0ms sql=44
GET /files/task-management/ 51.6ms sql=60
GET /files/task-management/ 113.2ms sql=60
GET /files/htmlpdf/ 349.4ms sql=983
GET /files/htmlpdf/editor/1790/ 1068.1ms sql=7
GET /files/htmlpdf/editor/1790/ 21.8ms sql=7
GET /files/htmlpdf/template/1790/ 246.3ms sql=4
GET /files/htmlpdf/api/template-jsons/ 1415.2ms sql=98
GET /files/ 334.8ms sql=740
GET /files/task-management/ 42.1ms sql=36
GET /files/task-management/ 37.1ms sql=37
GET /files/task-management/ 50.7ms sql=47
GET /files/ 274.4ms sql=537
GET /files/ 262.2ms sql=537
GET /files/ 246.4ms sql=537
GET /files/2895/preview/ 4.1ms sql=7
GET /files/2895/raw/ 3.9ms sql=6
GET /files/htmlpdf/template/1935/ 2.7ms sql=4
GET /files/htmlpdf/template/1762/ 2.7ms sql=4
GET /files/htmlpdf/template/1762/ 4.6ms sql=4
GET /files/htmlpdf/editor/2032/ 5.3ms sql=5
GET /files/htmlpdf/editor/2032/ 3.6ms sql=5
GET /files/htmlpdf/api/template-jsons/ 10.9ms sql=12
GET /files/htmlpdf/template/2032/ 1.5ms sql=2
GET /files/htmlpdf/template/2026/ 1.4ms sql=2
GET /files/task-management/ 50.6ms sql=47
GET /files/htmlpdf/template/1762/ 2.7ms sql=4
GET /files/task-management/ 49.9ms sql=47
GET /files/htmlpdf/ 129.8ms sql=221
GET /files/htmlpdf/ 124.6ms sql=221
GET /files/htmlpdf/ 137.5ms sql=224
GET /files/htmlpdf/ 134.8ms sql=221
GET /files/htmlpdf/ 151.5ms sql=222
GET /files/htmlpdf/ 129.9ms sql=226
GET /files/htmlpdf/template/1762/ 2.7ms sql=4
GET /files/htmlpdf/template/1935/ 2.5ms sql=4
GET /files/htmlpdf/editor/2032/ 5.2ms sql=5
GET /files/htmlpdf/editor/2032/ 5.2ms sql=5
GET /files/htmlpdf/api/template-jsons/ 10.8ms sql=12
GET /files/htmlpdf/template/2032/ 1.0ms sql=2
GET /files/htmlpdf/template/2026/ 1.0ms sql=2
GET /files/htmlpdf/template/1935/ 2.0ms sql=4
GET /files/task-management/ 59.1ms sql=60
GET /files/task-management/ 69.6ms sql=60
GET /files/task-management/ 46.4ms sql=47
GET /files/htmlpdf/ 367.3ms sql=974
GET /files/htmlpdf/ 352.0ms sql=987
GET /files/task-management/ 50.1ms sql=48
GET /files/htmlpdf/editor/1922/ 9.8ms sql=7
GET /files/htmlpdf/editor/1922/ 21.9ms sql=7
GET /files/htmlpdf/template/1922/ 7.2ms sql=4
GET /files/htmlpdf/api/template-jsons/ 159.7ms sql=84
GET /files/2026/preview/ 4.8ms sql=4
GET /files/2026/raw/ 1.1ms sql=2
GET /files/htmlpdf/template/1935/ 2.7ms sql=4
GET /files/htmlpdf/template/1991/ 4.5ms sql=4
GET /files/htmlpdf/template/1991/ 3.5ms sql=4
GET /files/htmlpdf/editor/2032/ 0.4ms sql=0
GET /files/htmlpdf/editor/2032/ 0.3ms sql=0
GET /login/ 1.2ms sql=0
GET /files/htmlpdf/template/1991/ 2.6ms sql=4
GET /files/htmlpdf/template/1991/ 3.1ms sql=4
GET /files/htmlpdf/template/1991/ 3.1ms sql=4
GET /files/htmlpdf/template/1935/ 1.8ms sql=4
GET /files/htmlpdf/template/2032/ 0.3ms sql=0
GET /files/ 19.5ms sql=38
GET /files/ 1139.5ms sql=283
GET /files/ 495.9ms sql=283
GET /files/ 331.4ms sql=283
GET /files/htmlpdf/template/1762/ 1.9ms sql=4
GET /files/ 417.9ms sql=283
GET /files/htmlpdf/template/1935/ 2.5ms sql=4
GET /files/htmlpdf/template/1762/ 4.4ms sql=4
GET /files/htmlpdf/template/1991/ 3.0ms sql=4
GET /files/htmlpdf/template/1762/ 2.7ms sql=4
GET /files/htmlpdf/template/1991/ 2.9ms sql=4
GET /files/htmlpdf/template/1762/ 2.9ms sql=4
GET /files/htmlpdf/template/1762/ 2.6ms sql=4
GET /files/htmlpdf/template/1991/ 3.0ms sql=4
GET /files/htmlpdf/template/1935/ 1.8ms sql=4
GET /files/htmlpdf/template/1762/ 2.7ms sql=4
GET /files/htmlpdf/template/1991/ 3.3ms sql=4
GET /files/htmlpdf/template/1762/ 2.3ms sql=4
GET /files/htmlpdf/template/1762/ 2.6ms sql=4
GET /files/htmlpdf/template/1935/ 2.7ms sql=4
GET /files/htmlpdf/template/1991/ 4.0ms sql=4
GET /files/htmlpdf/template/1762/ 3.0ms sql=4
GET /files/task-management/ 124.4ms sql=36
GET /files/htmlpdf/editor/1922/ 0.3ms sql=0
GET /files/task-management/ 52.3ms sql=36
GET /files/task-management/ 37.4ms sql=37
GET /files/task-management/ 62.5ms sql=47
GET /files/task-management/ 50.3ms sql=48
GET /files/2026/preview/ 7.2ms sql=4
GET /files/2026/raw/ 1.6ms sql=2
GET /files/htmlpdf/template/1935/ 1.8ms sql=4
GET /files/task-management/ 46.5ms sql=47
GET /files/2032/preview/ 3.3ms sql=4
GET /files/2032/raw/ 1.0ms sql=2
GET /files/htmlpdf/template/1762/ 2.7ms sql=4
GET /files/htmlpdf/template/1762/ 1.9ms sql=4
GET /files/htmlpdf/template/1991/ 4.6ms sql=4
GET /files/htmlpdf/template/1762/ 1.8ms sql=4
GET /files/htmlpdf/template/1935/ 2.6ms sql=4
GET /files/htmlpdf/template/1935/ 1.8ms sql=4
GET /files/ 820.9ms sql=2156
GET /files/htmlpdf/ 467.6ms sql=968
GET /files/task-management/ 36.4ms sql=43
GET /files/task-management/ 38.8ms sql=36
GET /files/task-management/ 36.7ms sql=37
GET /files/task-management/ 40.8ms sql=44
GET /files/task-management/ 44.5ms sql=47
GET /files/2859/raw/ 0.3ms sql=0
GET /login/ 0.7ms sql=0
GET /files/task-management/ 49.2ms sql=60
GET /files/task-management/ 109.5ms sql=36
GET /files/task-management/ 43.3ms sql=37
GET /files/task-management/ 47.4ms sql=47
GET /files/task-management/ 68.1ms sql=60
GET /files/task-management/ 52.2ms sql=60
GET /files/htmlpdf/ 763.3ms sql=981
GET /files/htmlpdf/editor/1972/ 4.6ms sql=7
GET /files/htmlpdf/editor/1972/ 4.2ms sql=7
GET /files/htmlpdf/api/template-jsons/ 19.6ms sql=42
GET /files/htmlpdf/template/1972/ 1.8ms sql=4
GET /files/htmlpdf/template/2013/ 1.8ms sql=4
GET /files/2895/preview/ 0.3ms sql=0
GET /login/ 0.6ms sql=0
GET /files/htmlpdf/editor/2032/ 3.5ms sql=5
GET /files/htmlpdf/editor/2032/ 4.0ms sql=5
GET /files/htmlpdf/api/template-jsons/ 10.8ms sql=12
GET /files/htmlpdf/template/2032/ 1.0ms sql=2
GET /files/htmlpdf/template/2013/ 1.8ms sql=4
GET /files/htmlpdf/template/1991/ 3.0ms sql=4
GET /files/htmlpdf/template/1991/ 1.8ms sql=4
GET /files/htmlpdf/template/2013/ 1.9ms sql=4
GET /files/htmlpdf/template/1991/ 4.6ms sql=4
GET /files/htmlpdf/template/2013/ 2.3ms sql=4
GET /files/htmlpdf/template/1991/ 2.7ms sql=4
GET /files/htmlpdf/template/1991/ 2.7ms sql=4
GET /files/htmlpdf/template/1991/ 4.3ms sql=4
GET /files/htmlpdf/template/2013/ 1.9ms sql=4
GET /files/htmlpdf/template/2013/ 1.8ms sql=4
GET /files/htmlpdf/template/2013/ 2.8ms sql=4
GET /files/htmlpdf/template/2013/ 4.4ms sql=4
GET /files/ 24.6ms sql=34
GET /files/ 16.5ms sql=32
GET /files/task-management/ 38.5ms sql=43
GET /files/task-management/ 58.8ms sql=60
GET /files/htmlpdf/ 349.3ms sql=987
GET /files/ 16.6ms sql=32
GET /files/ 358.7ms sql=740
GET /files/ 340.5ms sql=740
GET /files/ 331.7ms sql=740
GET /files/ 414.5ms sql=740
GET /files/ 1631.5ms sql=740
GET /files/ 270.4ms sql=545
GET /files/ 258.0ms sql=545
GET /files/ 344.4ms sql=545
GET /files/2897/preview/ 4.4ms sql=7
GET /files/2897/raw/ 3.8ms sql=6
GET /files/htmlpdf/template/2013/ 1.8ms sql=4
GET /files/htmlpdf/template/2013/ 2.5ms sql=4
GET /files/htmlpdf/template/2013/ 1.8ms sql=4
GET /files/ 921.6ms sql=2170
GET /files/htmlpdf/ 350.4ms sql=968
GET /files/htmlpdf/ 356.0ms sql=981
GET /files/htmlpdf/editor/2008/ 4.4ms sql=7
GET /files/htmlpdf/editor/2008/ 6.6ms sql=7
GET /files/htmlpdf/api/template-jsons/ 27.3ms sql=56
GET /files/htmlpdf/template/2008/ 2.7ms sql=4
GET /files/htmlpdf/template/2013/ 2.6ms sql=4
GET /files/htmlpdf/api/template-jsons/ 0.3ms sql=0
GET /login/ 0.6ms sql=0
GET /files/htmlpdf/template/2013/ 1.8ms sql=4
GET /files/task-management/ 52.4ms sql=60
GET /files/htmlpdf/template/2013/ 1.8ms sql=4
GET /files/task-management/ 129.8ms sql=60
GET /files/htmlpdf/ 347.2ms sql=974
GET /files/htmlpdf/ 346.4ms sql=987
GET /files/htmlpdf/editor/2032/ 4.5ms sql=7
GET /files/htmlpdf/editor/2032/ 4.6ms sql=7
GET /files/htmlpdf/api/template-jsons/ 21.3ms sql=42
GET /files/htmlpdf/template/2032/ 1.8ms sql=4
GET /files/htmlpdf/template/2013/ 2.8ms sql=4
GET /files/htmlpdf/template/2026/ 1.8ms sql=4
GET /files/htmlpdf/template/2013/ 2.7ms sql=4
GET /files/htmlpdf/template/2026/ 2.9ms sql=4
GET /files/htmlpdf/template/2024/ 4.4ms sql=4
GET /files/htmlpdf/template/2024/ 3.1ms sql=4
GET /files/htmlpdf/template/2024/ 3.0ms sql=4
GET /files/htmlpdf/template/2024/ 4.5ms sql=4
GET /files/htmlpdf/template/2013/ 2.6ms sql=4
GET /api/v2/inspections/projects/260001/tasks/43/files/site_record 4.9ms sql=0
GET /files/htmlpdf/template/2013/ 1.9ms sql=4
GET /files/htmlpdf/api/template-jsons/ 0.3ms sql=0
GET /login/ 0.6ms sql=0
GET /files/htmlpdf/template/2013/ 1.8ms sql=4
GET /files/htmlpdf/template/1762/ 1.8ms sql=4
GET /api/v2/inspections/projects/260001/tasks/19/export-frontend-json 3.0ms sql=0
GET /files/htmlpdf/template/1762/ 2.7ms sql=4
GET /files/htmlpdf/template/1762/ 2.8ms sql=4
GET /files/htmlpdf/template/2013/ 1.8ms sql=4
GET /files/htmlpdf/template/1762/ 1.8ms sql=4
GET /files/htmlpdf/template/1762/ 1.8ms sql=4
GET /files/htmlpdf/template/2013/ 1338.1ms sql=4
GET /files/htmlpdf/editor/1790/ 1395.3ms sql=7
GET /files/task-management/ 2928.5ms sql=60
GET /files/task-management/ 9444.7ms sql=62
GET /files/htmlpdf/template/2013/ 1.8ms sql=4
GET /files/task-management/ 60.4ms sql=62
GET /files/ 0.4ms sql=0
GET /login/ 0.6ms sql=0
GET /files/task-management/ 58.7ms sql=60
GET / 7.6ms sql=9
GET /files/htmlpdf/ 370.3ms sql=989
GET /files/htmlpdf/editor/2063/ 6.6ms sql=7
GET /files/htmlpdf/editor/2063/ 5.0ms sql=7
GET /files/htmlpdf/api/template-jsons/ 85.9ms sql=196
GET /files/htmlpdf/template/2063/ 2.2ms sql=4
GET /files/task-management/ 36.8ms sql=43
GET /files/task-management/ 37.5ms sql=43
GET /files/task-management/ 40.2ms sql=44
GET /files/htmlpdf/template/2013/ 2.7ms sql=4
GET /files/htmlpdf/template/1765/ 2.3ms sql=4
GET /files/htmlpdf/template/1765/ 2.3ms sql=4
GET /files/htmlpdf/template/1765/ 2.8ms sql=4
GET /files/task-management/ 54.7ms sql=62
GET /files/htmlpdf/ 373.9ms sql=991
GET /files/htmlpdf/template/1765/ 2.7ms sql=4
GET /files/htmlpdf/editor/1790/ 4.2ms sql=7
GET /files/htmlpdf/editor/1790/ 5.0ms sql=7
GET /files/htmlpdf/template/1765/ 1.8ms sql=4
GET /files/htmlpdf/api/template-jsons/ 60.0ms sql=114
GET /files/htmlpdf/template/1790/ 1.9ms sql=4
GET /files/htmlpdf/template/1765/ 1.8ms sql=4
GET /files/htmlpdf/template/2013/ 7.5ms sql=4
GET /files/task-management/ 90.8ms sql=62
GET /files/htmlpdf/template/2026/ 1.0ms sql=2
GET /files/2901/download/ 2.6ms sql=4
GET /files/htmlpdf/template/1762/ 2.4ms sql=4
GET /files/2901/download/ 1.7ms sql=4
GET / 3.7ms sql=7
GET /files/task-management/ 39.5ms sql=43
GET /files/task-management/ 106.7ms sql=43
GET /files/task-management/ 107.0ms sql=44
GET /files/htmlpdf/template/1762/ 1.9ms sql=4
GET /files/task-management/ 53.2ms sql=60
GET /files/task-management/ 90.6ms sql=61
GET /files/task-management/ 36.7ms sql=36
GET /files/htmlpdf/template/2013/ 7.0ms sql=4
GET /files/htmlpdf/ 366.0ms sql=981
GET /files/task-management/ 37.4ms sql=36
GET /files/htmlpdf/editor/1765/ 4.3ms sql=7
GET /files/htmlpdf/editor/1765/ 4.4ms sql=7
GET /files/htmlpdf/template/1765/ 5.7ms sql=4
GET /files/htmlpdf/template/1762/ 7.7ms sql=4
GET /files/task-management/ 111.5ms sql=37
GET /files/task-management/ 280.7ms sql=47
GET /files/htmlpdf/api/template-jsons/ 1835.4ms sql=1066
GET /files/2044/download/ 1.0ms sql=2
GET /files/2044/download/ 1.0ms sql=2
GET /files/task-management/ 90.6ms sql=60
GET /files/htmlpdf/template/1762/ 3.5ms sql=4
GET /files/htmlpdf/ 367.2ms sql=980
GET /files/htmlpdf/ 348.5ms sql=987
GET /files/htmlpdf/template/2013/ 1.9ms sql=4
GET /files/htmlpdf/editor/2063/ 4.6ms sql=7
GET /files/htmlpdf/editor/2063/ 7.1ms sql=7
GET /files/htmlpdf/template/2063/ 7.8ms sql=4
GET /files/htmlpdf/api/template-jsons/ 608.8ms sql=196
GET /files/htmlpdf/template/1762/ 4.7ms sql=4
GET /files/htmlpdf/template/1762/ 1.8ms sql=4
GET /files/htmlpdf/template/1765/ 2.7ms sql=4
GET /files/htmlpdf/template/1762/ 1.8ms sql=4
GET /files/htmlpdf/template/1765/ 2.1ms sql=4
GET /files/htmlpdf/template/1762/ 1.8ms sql=4
GET /files/htmlpdf/template/1762/ 1.8ms sql=4
GET /files/htmlpdf/template/2013/ 1.8ms sql=4
GET /files/htmlpdf/template/1762/ 1.7ms sql=4
GET /files/htmlpdf/template/1765/ 202.9ms sql=4
GET /files/htmlpdf/template/1765/ 38.2ms sql=4
GET /files/htmlpdf/template/1765/ 116.8ms sql=4
GET /files/htmlpdf/editor/2032/ 75.3ms sql=5
GET /files/htmlpdf/editor/2032/ 60.5ms sql=5
GET /files/htmlpdf/template/2032/ 6.4ms sql=2
GET /files/htmlpdf/api/template-jsons/ 118.2ms sql=12
GET /files/htmlpdf/template/1765/ 355.0ms sql=4
GET /files/ 1293.9ms sql=1225
GET /files/htmlpdf/template/2013/ 1.8ms sql=4
GET /files/htmlpdf/template/1765/ 1.9ms sql=4
GET /files/htmlpdf/template/1765/ 1.8ms sql=4
GET /files/htmlpdf/template/1765/ 1.8ms sql=4
GET /files/task-management/ 39.5ms sql=43
GET /files/task-management/ 39.6ms sql=43
GET /files/task-management/ 55.7ms sql=44
GET /files/htmlpdf/template/1765/ 1.8ms sql=4
GET /files/task-management/ 47.0ms sql=60
GET /files/htmlpdf/template/1765/ 1.8ms sql=4
GET /files/htmlpdf/ 347.8ms sql=987
GET /files/htmlpdf/editor/2026/ 7.2ms sql=7
GET /files/htmlpdf/editor/2026/ 7.2ms sql=7
GET /files/htmlpdf/api/template-jsons/ 14.3ms sql=14
GET /files/htmlpdf/template/2026/ 2.4ms sql=4
GET /files/htmlpdf/template/1765/ 2.6ms sql=4
GET /files/htmlpdf/template/1765/ 2.8ms sql=4
GET /files/htmlpdf/template/1765/ 2.7ms sql=4
GET /files/task-management/ 47.6ms sql=60
GET /files/task-management/ 49.9ms sql=43
GET /files/task-management/ 42.7ms sql=44
GET /files/task-management/ 59.5ms sql=60
GET /files/htmlpdf/template/1765/ 1.9ms sql=4
GET /files/task-management/ 143.2ms sql=61
GET /files/htmlpdf/template/1765/ 2.7ms sql=4
GET /files/htmlpdf/template/1765/ 7.3ms sql=4
GET /files/2026/preview/ 3.7ms sql=5
GET /files/2026/raw/ 2.5ms sql=4
GET /files/htmlpdf/template/1765/ 1.8ms sql=4
GET /files/2331/download/ 1.7ms sql=4
GET /files/2331/download/ 2.9ms sql=4
GET /files/htmlpdf/template/1765/ 2.7ms sql=4
GET /files/task-management/ 48.1ms sql=47
GET /files/htmlpdf/template/1765/ 1.8ms sql=4
GET /files/htmlpdf/template/1765/ 2.7ms sql=4
GET /files/task-management/ 44.8ms sql=43
GET /files/task-management/ 37.2ms sql=43
GET /files/task-management/ 129.4ms sql=45
GET /files/task-management/ 50.3ms sql=43
GET /files/task-management/ 37.9ms sql=44
GET /files/task-management/ 55.8ms sql=60
GET /files/htmlpdf/template/1765/ 2.9ms sql=4
GET /files/task-management/ 42.1ms sql=44
GET /files/task-management/ 60.2ms sql=64
GET /files/task-management/ 39.2ms sql=44
GET /files/task-management/ 79.1ms sql=60
GET /files/task-management/ 39.0ms sql=44
GET /files/task-management/ 52.9ms sql=60
GET /files/htmlpdf/template/1765/ 1.8ms sql=4
GET /files/task-management/ 37.1ms sql=43
GET /files/task-management/ 55.1ms sql=43
GET /files/task-management/ 37.9ms sql=44
GET /files/task-management/ 46.7ms sql=44
GET /files/htmlpdf/ 348.4ms sql=980
GET /files/task-management/ 37.3ms sql=43
GET /files/task-management/ 42.8ms sql=43
GET /files/task-management/ 39.7ms sql=44
GET /files/task-management/ 152.6ms sql=58
GET /files/task-management/ 56.2ms sql=60
GET /files/htmlpdf/template/1765/ 1.8ms sql=4
GET /files/task-management/ 49.2ms sql=60
GET /files/task-management/ 95.3ms sql=44
GET /files/task-management/ 80.9ms sql=60
GET /files/task-management/ 47.6ms sql=44
GET /files/htmlpdf/editor/2909/ 6.0ms sql=7
GET /files/htmlpdf/template/1765/ 1.8ms sql=4
GET /files/htmlpdf/editor/2909/ 4.5ms sql=7
GET /files/htmlpdf/template/2909/ 4.2ms sql=4
GET /files/htmlpdf/api/template-jsons/ 522.7ms sql=253
GET /files/task-management/ 56.2ms sql=57
GET /files/task-management/ 40.3ms sql=44
GET /files/task-management/ 42.9ms sql=44
GET /files/task-management/ 40.1ms sql=46
GET /files/task-management/ 0.3ms sql=0
GET /login/ 0.8ms sql=0
GET /api/v2/library/files/2824/download 5.1ms sql=0
GET /api/v2/library/files/2824/download/ 2.7ms sql=0
GET /files/task-management/ 49.4ms sql=61
GET /files/htmlpdf/ 359.3ms sql=991
GET /files/htmlpdf/editor/2026/ 6.2ms sql=7
GET /files/htmlpdf/editor/2026/ 5.7ms sql=7
GET /files/htmlpdf/api/template-jsons/ 13.7ms sql=14
GET /files/htmlpdf/template/2026/ 2.5ms sql=4
GET /files/ 0.4ms sql=0
GET /login/ 0.9ms sql=0
GET /files/htmlpdf/template/1765/ 1.8ms sql=4
GET /files/task-management/ 56.0ms sql=61
GET /files/task-management/ 260.0ms sql=63
GET /files/htmlpdf/template/1765/ 1.8ms sql=4
GET /files/task-management/ 75.8ms sql=59
GET /files/htmlpdf/template/1765/ 1.8ms sql=4
GET /files/task-management/ 85.9ms sql=61
GET /files/htmlpdf/editor/2910/ 4.4ms sql=7
GET /files/htmlpdf/editor/2910/ 6.2ms sql=7
GET /files/htmlpdf/template/2910/ 4.0ms sql=4
GET /files/htmlpdf/api/template-jsons/ 470.2ms sql=253
GET /files/task-management/ 119.3ms sql=44
GET /files/task-management/ 44.1ms sql=45
GET /files/task-management/ 53.8ms sql=61
GET /files/htmlpdf/template/1765/ 2.7ms sql=4
GET /files/htmlpdf/ 385.0ms sql=997
GET /files/task-management/ 155.9ms sql=61
GET /files/task-management/ 68.3ms sql=61
GET /files/htmlpdf/editor/2319/ 7.6ms sql=7
GET /files/htmlpdf/editor/2319/ 6.3ms sql=7
GET /files/htmlpdf/template/2319/ 4.0ms sql=4
GET /files/htmlpdf/api/template-jsons/ 157.1ms sql=322
GET /files/htmlpdf/template/2261/ 2.3ms sql=4
GET /files/htmlpdf/template/1765/ 1.8ms sql=4
GET /files/htmlpdf/template/1765/ 1.8ms sql=4
GET /files/htmlpdf/template/2910/ 2.7ms sql=4
GET /files/htmlpdf/template/1765/ 2.7ms sql=4
GET /files/htmlpdf/template/2910/ 1.8ms sql=4
GET /files/htmlpdf/template/1765/ 1.8ms sql=4
GET /files/htmlpdf/template/1765/ 1.8ms sql=4
GET /files/htmlpdf/ 374.4ms sql=997
GET /files/task-management/ 132.9ms sql=61
GET /files/htmlpdf/ 372.8ms sql=997
GET /files/htmlpdf/template/1765/ 2.3ms sql=4
GET /files/htmlpdf/editor/2032/ 4.3ms sql=7
GET /files/htmlpdf/editor/2032/ 7.7ms sql=7
GET /files/htmlpdf/api/template-jsons/ 12.6ms sql=16
GET /files/htmlpdf/template/2032/ 1.9ms sql=4
GET /files/htmlpdf/template/1765/ 1.8ms sql=4
GET /files/htmlpdf/template/1765/ 2.7ms sql=4
GET /files/htmlpdf/template/1765/ 3.2ms sql=4
GET /files/htmlpdf/template/2910/ 2.7ms sql=4
GET /files/htmlpdf/template/2910/ 2.7ms sql=4
GET /files/htmlpdf/template/2261/ 1.8ms sql=4
GET /files/htmlpdf/template/1765/ 1.8ms sql=4
GET /files/task-management/ 52.7ms sql=63
GET /files/htmlpdf/template/1765/ 2.5ms sql=4
GET /files/htmlpdf/template/2910/ 2.5ms sql=4
GET /files/htmlpdf/template/2910/ 1.9ms sql=4
GET /files/htmlpdf/template/2910/ 1.9ms sql=4
GET /files/htmlpdf/template/2261/ 1.9ms sql=4
GET /files/htmlpdf/template/1765/ 2.5ms sql=4
GET /files/htmlpdf/template/2910/ 2.2ms sql=4
GET /files/htmlpdf/template/1765/ 2.7ms sql=4
GET /files/htmlpdf/template/1765/ 1.9ms sql=4
GET /files/task-management/ 63.4ms sql=44
GET /files/task-management/ 62.4ms sql=46
GET /files/htmlpdf/template/1765/ 1.8ms sql=4
GET /files/task-management/ 51.9ms sql=61
GET /files/htmlpdf/template/2261/ 1.8ms sql=4
GET /files/htmlpdf/template/1765/ 1.9ms sql=4
GET /files/htmlpdf/template/2910/ 1.8ms sql=4
GET /files/2895/raw/ 0.4ms sql=0
GET /login/ 0.6ms sql=0
GET /files/ 16.5ms sql=32
GET /files/ 16.6ms sql=32
GET /files/ 517.9ms sql=1222
GET /files/ 495.7ms sql=1222
GET /files/htmlpdf/template/2910/ 1.8ms sql=4
GET /files/2631/preview/ 24.4ms sql=16
GET /files/task-management/ 125.4ms sql=63
GET /files/task-management/ 68.3ms sql=61
GET /files/htmlpdf/template/1765/ 2.0ms sql=4
GET /files/task-management/ 86.5ms sql=61
GET /login/ 0.6ms sql=0
GET /files/htmlpdf/editor/2910/ 4.5ms sql=7
GET /files/htmlpdf/editor/2910/ 4.4ms sql=7
GET /files/htmlpdf/template/2910/ 16.5ms sql=4
GET /files/htmlpdf/api/template-jsons/ 541.6ms sql=253
GET /files/htmlpdf/template/1765/ 2.7ms sql=4
GET /files/htmlpdf/editor/1790/ 0.4ms sql=0
GET /login/ 0.8ms sql=0
GET /files/htmlpdf/template/1765/ 2.6ms sql=4
GET / 5.2ms sql=9
GET /files/ 20.2ms sql=32
GET /files/ 17.5ms sql=32
GET /files/ 17.6ms sql=32
GET /files/htmlpdf/template/1765/ 4.0ms sql=4
GET /files/ 1667.5ms sql=1222
GET /files/task-management/ 738.4ms sql=63
GET /files/ 485.5ms sql=1222
GET /files/2901/download/ 8.4ms sql=16
GET /files/2901/download/ 5.5ms sql=16
GET /files/ 334.3ms sql=746
GET /files/ 1128.7ms sql=746
GET /files/task-management/ 57.1ms sql=61
GET /files/ 337.0ms sql=746
GET /files/htmlpdf/editor/2319/ 19.9ms sql=7
GET /files/htmlpdf/editor/2319/ 31.8ms sql=7
GET /files/htmlpdf/template/2319/ 16.2ms sql=4
GET /files/htmlpdf/template/1765/ 12.1ms sql=4
GET /files/ 2187.8ms sql=746
GET /files/ 2358.4ms sql=746
GET /files/htmlpdf/api/template-jsons/ 1202.8ms sql=336
GET /files/ 2773.5ms sql=746
GET /files/ 2757.2ms sql=746
GET /files/ 1629.1ms sql=746
GET /files/htmlpdf/template/1765/ 1.8ms sql=4
GET /files/htmlpdf/template/1765/ 2.6ms sql=4
GET /files/ 1027.6ms sql=746
GET /files/ 347.2ms sql=746
GET /files/htmlpdf/template/1765/ 1.9ms sql=4
GET /files/ 338.7ms sql=746
GET /files/htmlpdf/template/1765/ 5.9ms sql=4
GET /files/ 470.9ms sql=746
GET /files/2629/preview/ 4.3ms sql=7
GET /files/2629/raw/ 3.4ms sql=6
GET /files/htmlpdf/template/1765/ 2.7ms sql=4
GET /files/htmlpdf/template/2261/ 2.6ms sql=4
GET /files/htmlpdf/template/2910/ 2.6ms sql=4
GET /files/htmlpdf/template/1765/ 2.5ms sql=4
GET /files/htmlpdf/template/1765/ 4.3ms sql=4
GET /files/htmlpdf/template/2910/ 2.6ms sql=4
GET /files/htmlpdf/template/2910/ 1.8ms sql=4
GET /files/htmlpdf/template/2910/ 2.3ms sql=4
GET /files/htmlpdf/template/1765/ 2.6ms sql=4
GET /files/htmlpdf/template/1765/ 1.9ms sql=4
GET /files/htmlpdf/template/2261/ 1.9ms sql=4
GET /files/htmlpdf/template/1765/ 2.5ms sql=4
GET /files/htmlpdf/template/1765/ 2.6ms sql=4
GET /files/htmlpdf/ 370.2ms sql=984
GET /files/htmlpdf/ 365.6ms sql=984
GET /files/htmlpdf/ 356.4ms sql=984
GET /files/htmlpdf/template/1765/ 6.7ms sql=4
GET /files/htmlpdf/ 378.9ms sql=984
GET /files/htmlpdf/ 352.9ms sql=986
GET /files/htmlpdf/template/1765/ 4.5ms sql=4
GET /files/htmlpdf/ 402.3ms sql=984
GET /files/htmlpdf/ 371.1ms sql=985
GET /files/htmlpdf/template/1765/ 2.5ms sql=4
GET /files/htmlpdf/template/1765/ 2.5ms sql=4
GET /files/htmlpdf/ 347.2ms sql=990
GET /files/htmlpdf/ 365.3ms sql=997
GET /files/task-management/ 48.5ms sql=61
GET /files/htmlpdf/template/1765/ 2.7ms sql=4
GET /files/htmlpdf/ 350.6ms sql=997
GET /files/htmlpdf/ 358.5ms sql=997
GET /files/htmlpdf/editor/2026/ 14.3ms sql=7
GET /files/htmlpdf/editor/2026/ 29.9ms sql=7
GET /files/htmlpdf/template/2026/ 9.6ms sql=4
GET /files/htmlpdf/api/template-jsons/ 132.9ms sql=15
GET /files/htmlpdf/template/1765/ 1.8ms sql=4
GET /files/task-management/ 48.8ms sql=61
GET /files/task-management/ 148.5ms sql=61
GET /files/task-management/ 50.4ms sql=61
GET /files/2629/raw/ 0.3ms sql=0
GET /login/ 0.8ms sql=0
GET /files/task-management/ 57.7ms sql=62
GET /files/htmlpdf/template/1765/ 3.2ms sql=4
GET /files/htmlpdf/template/1765/ 8.9ms sql=4
GET /files/htmlpdf/ 0.3ms sql=0
GET /login/ 0.6ms sql=0
GET /files/task-management/ 53.6ms sql=48
GET /files/task-management/ 49.1ms sql=61
GET /files/htmlpdf/template/1765/ 2.5ms sql=4
GET /files/htmlpdf/template/1765/ 1.9ms sql=4
GET /files/task-management/ 54.6ms sql=57
GET /files/ 19.2ms sql=32
GET /files/ 332.8ms sql=748
GET /files/htmlpdf/template/1765/ 1.8ms sql=4
GET /files/ 419.8ms sql=748
GET /files/ 337.3ms sql=748
GET /files/ 376.9ms sql=748
GET /files/htmlpdf/template/1765/ 2.3ms sql=4
GET /files/ 370.7ms sql=748
GET /files/ 362.3ms sql=748
GET /files/ 462.4ms sql=748
GET /files/ 375.6ms sql=748
GET /files/ 337.9ms sql=748
GET /files/htmlpdf/template/1765/ 1.7ms sql=4
GET /files/ 366.7ms sql=748
GET /files/ 444.0ms sql=748
GET /files/ 367.9ms sql=748
GET /files/ 364.4ms sql=748
GET /files/ 343.7ms sql=748
GET /files/ 347.0ms sql=748
GET /files/ 349.4ms sql=748
GET /files/ 362.0ms sql=748
GET /files/ 334.0ms sql=748
GET /files/ 469.4ms sql=748
GET /files/ 339.6ms sql=748
GET /files/ 935.6ms sql=748
GET /files/ 1411.3ms sql=748
GET /files/ 2044.3ms sql=2481
GET /files/ 496.3ms sql=748
GET /files/ 439.7ms sql=742
GET /files/ 339.3ms sql=748
GET /files/ 337.2ms sql=748
GET /files/ 537.2ms sql=748
GET /files/ 559.1ms sql=742
GET /files/ 362.7ms sql=748
GET /files/ 381.6ms sql=748
GET /files/ 444.9ms sql=748
GET /files/ 370.1ms sql=748
GET /files/ 342.2ms sql=748
GET /files/ 367.7ms sql=748
GET /files/ 371.8ms sql=742
GET /files/ 436.1ms sql=748
GET /files/ 1015.5ms sql=748
GET /files/ 366.2ms sql=742
GET /files/ 262.8ms sql=545
GET /files/ 305.3ms sql=545
GET /files/ 285.0ms sql=545
GET /files/ 345.1ms sql=742
GET /files/ 336.0ms sql=742
GET /files/ 334.6ms sql=742
GET /files/ 338.8ms sql=742
GET /files/ 790.4ms sql=742
GET /files/ 247.6ms sql=553
GET /files/ 252.6ms sql=553
GET /files/ 282.1ms sql=553
GET /files/2914/preview/ 4.4ms sql=7
GET /files/2914/raw/ 3.7ms sql=6
GET /files/ 364.2ms sql=748
GET /files/ 345.1ms sql=748
GET /files/ 340.1ms sql=748
GET /files/ 344.2ms sql=748
GET /files/ 337.0ms sql=748
GET /files/ 447.5ms sql=748
GET /files/ 378.0ms sql=748
GET /files/ 337.7ms sql=748
GET /files/ 340.3ms sql=748
GET /files/ 362.8ms sql=748
GET /files/ 348.7ms sql=748
GET /files/ 340.8ms sql=748
GET /files/ 337.8ms sql=748
GET /files/ 337.6ms sql=748
GET /files/ 341.7ms sql=748
GET /files/ 345.0ms sql=748
GET /files/ 1105.7ms sql=748
GET /files/ 446.7ms sql=748
GET /files/ 366.2ms sql=748
GET /files/ 842.3ms sql=748
GET /files/ 479.4ms sql=748
GET /files/ 553.9ms sql=748
GET /files/ 490.0ms sql=748
GET /files/htmlpdf/template/2910/ 1.9ms sql=4
GET /files/ 336.7ms sql=748
GET /files/task-management/ 41.9ms sql=44
GET /files/htmlpdf/ 350.5ms sql=948
GET /files/htmlpdf/ 350.4ms sql=948
GET /files/htmlpdf/ 359.4ms sql=950
GET /files/htmlpdf/ 355.0ms sql=948
GET /files/htmlpdf/ 355.5ms sql=949
GET /files/htmlpdf/ 341.9ms sql=957
GET /files/htmlpdf/ 335.8ms sql=950
GET /files/task-management/ 50.4ms sql=57
GET /files/htmlpdf/template/2910/ 1.9ms sql=4
GET /files/task-management/ 63.7ms sql=59
GET /files/htmlpdf/ 362.3ms sql=960
GET /files/htmlpdf/editor/2915/ 3.4ms sql=6
GET /files/htmlpdf/editor/2915/ 5.5ms sql=6
GET /files/htmlpdf/api/template-jsons/ 6.7ms sql=12
GET /files/htmlpdf/template/2915/ 1.8ms sql=4
GET /files/htmlpdf/template/2910/ 2.3ms sql=4
GET /files/task-management/ 37.8ms sql=38
GET /files/task-management/ 46.6ms sql=48
GET /files/task-management/ 38.3ms sql=38
GET /files/task-management/ 47.7ms sql=48
GET /files/task-management/ 43.4ms sql=38
GET /files/task-management/ 38.1ms sql=38
GET /files/task-management/ 38.7ms sql=38
GET /files/task-management/ 108.6ms sql=38
GET /files/task-management/ 47.0ms sql=48
GET /files/task-management/ 60.9ms sql=48
GET /files/task-management/ 47.2ms sql=48
GET /files/task-management/ 74.4ms sql=61
GET /files/task-management/ 37.9ms sql=37
GET /files/task-management/ 46.5ms sql=38
GET /files/task-management/ 49.1ms sql=48
GET /files/task-management/ 84.0ms sql=37
GET /files/htmlpdf/ 508.0ms sql=960
GET /files/htmlpdf/editor/2915/ 5.2ms sql=6
GET /files/htmlpdf/editor/2915/ 10.9ms sql=6
GET /files/task-management/ 112.7ms sql=37
GET /files/htmlpdf/api/template-jsons/ 11.8ms sql=12
GET /files/htmlpdf/template/2915/ 3.1ms sql=4
GET /files/task-management/ 44.2ms sql=38
GET /files/task-management/ 38.6ms sql=38
GET /files/task-management/ 48.6ms sql=48
GET /files/task-management/ 247.8ms sql=48
GET /files/task-management/ 47.1ms sql=48
GET /files/task-management/ 0.3ms sql=0
GET /login/ 0.7ms sql=0
GET /files/htmlpdf/template/2910/ 1.8ms sql=4
GET /files/task-management/ 39.2ms sql=44
GET /files/task-management/ 42.7ms sql=44
GET /files/task-management/ 49.4ms sql=45
GET /files/htmlpdf/template/2910/ 1.8ms sql=4
GET /files/task-management/ 54.1ms sql=61
GET /files/htmlpdf/template/2910/ 2.5ms sql=4
GET /files/htmlpdf/ 346.0ms sql=971
GET /files/htmlpdf/editor/2063/ 5.6ms sql=7
GET /files/htmlpdf/editor/2063/ 6.7ms sql=7
GET /files/htmlpdf/api/template-jsons/ 90.3ms sql=210
GET /files/htmlpdf/template/2063/ 2.5ms sql=4
GET /files/htmlpdf/template/1765/ 1.8ms sql=4
GET /files/htmlpdf/template/2910/ 2.5ms sql=4
GET /files/htmlpdf/template/1765/ 1.9ms sql=4
GET /files/htmlpdf/template/2910/ 2.7ms sql=4
GET /files/htmlpdf/template/1765/ 2.6ms sql=4
GET /files/task-management/ 81.6ms sql=63
GET /files/htmlpdf/template/1765/ 1.8ms sql=4
GET /files/2917/download/ 1.8ms sql=4
GET /files/2917/download/ 1.8ms sql=4
GET /files/htmlpdf/template/1765/ 2.5ms sql=4
GET /files/task-management/ 77.5ms sql=61
GET /files/task-management/ 69.3ms sql=61
GET /files/htmlpdf/editor/2261/ 4.4ms sql=7
GET /files/htmlpdf/editor/2261/ 6.5ms sql=7
GET /files/htmlpdf/api/template-jsons/ 33.9ms sql=15
GET /files/htmlpdf/template/2261/ 1.8ms sql=4
GET /files/task-management/ 54.6ms sql=61
GET /files/task-management/ 69.2ms sql=61
GET /files/htmlpdf/ 340.7ms sql=962
GET /files/task-management/ 68.8ms sql=61
GET /files/htmlpdf/ 348.2ms sql=975
GET /files/htmlpdf/editor/1922/ 6.0ms sql=7
GET /files/htmlpdf/editor/1922/ 6.7ms sql=7
GET /files/htmlpdf/api/template-jsons/ 47.4ms sql=84
GET /files/htmlpdf/template/1922/ 1.7ms sql=4
GET /files/task-management/ 64.0ms sql=61
GET /files/htmlpdf/editor/2856/ 4.4ms sql=7
GET /files/htmlpdf/editor/2856/ 6.6ms sql=7
GET /files/htmlpdf/api/template-jsons/ 55.8ms sql=114
GET /files/htmlpdf/template/2856/ 1.8ms sql=4
GET /files/task-management/ 287.4ms sql=61
GET /files/task-management/ 94.6ms sql=61
GET /files/htmlpdf/template/1991/ 4.3ms sql=4
GET /files/htmlpdf/editor/2824/ 4.5ms sql=7
GET /files/htmlpdf/editor/2824/ 5.9ms sql=7
GET /files/htmlpdf/template/2824/ 7.1ms sql=4
GET /files/htmlpdf/api/template-jsons/ 280.4ms sql=118
GET /files/ 530.3ms sql=1237
GET /files/ 346.5ms sql=748
GET /files/task-management/ 57.7ms sql=61
GET /files/ 25.2ms sql=32
GET /files/ 247.9ms sql=553
GET /files/ 251.1ms sql=553
GET /files/task-management/ 189.9ms sql=48
GET /files/ 396.9ms sql=553
GET /files/2897/preview/ 5.1ms sql=7
GET /files/2897/raw/ 2.7ms sql=6
GET /files/task-management/ 42.2ms sql=44
GET /files/task-management/ 44.1ms sql=44
GET /files/task-management/ 41.2ms sql=45
GET /files/task-management/ 57.7ms sql=44
GET /files/task-management/ 40.6ms sql=46
GET /files/task-management/ 119.0ms sql=61
GET /files/task-management/ 37.2ms sql=38
GET /files/task-management/ 91.5ms sql=38
GET /files/task-management/ 46.0ms sql=48
GET /files/task-management/ 46.6ms sql=44
GET /files/task-management/ 60.7ms sql=61
GET /files/htmlpdf/ 350.5ms sql=997
GET /files/htmlpdf/editor/1922/ 5.9ms sql=7
GET /files/htmlpdf/editor/1922/ 4.5ms sql=7
GET /files/htmlpdf/api/template-jsons/ 38.3ms sql=84
GET /files/htmlpdf/template/1922/ 2.8ms sql=4
GET /files/task-management/ 68.2ms sql=61
GET /files/htmlpdf/template/1991/ 3.0ms sql=4
GET /files/htmlpdf/editor/2824/ 4.6ms sql=7
GET /files/htmlpdf/editor/2824/ 4.4ms sql=7
GET /files/htmlpdf/template/2824/ 18.3ms sql=4
GET /files/htmlpdf/api/template-jsons/ 170.1ms sql=118
GET /files/htmlpdf/template/1991/ 2.0ms sql=4
GET /files/htmlpdf/template/1991/ 6.7ms sql=4
GET /files/htmlpdf/template/1991/ 3.0ms sql=4
GET /files/htmlpdf/template/1991/ 3.0ms sql=4
GET /files/task-management/ 80.8ms sql=61
GET /files/task-management/ 82.6ms sql=61
GET /files/htmlpdf/editor/2910/ 4.7ms sql=7
GET /files/task-management/ 41.4ms sql=46
GET /files/htmlpdf/editor/2910/ 6.6ms sql=7
GET /files/htmlpdf/template/2910/ 4.4ms sql=4
GET /files/htmlpdf/api/template-jsons/ 571.9ms sql=267
GET /files/task-management/ 39.8ms sql=45
GET /files/task-management/ 54.1ms sql=61
GET /files/task-management/ 159.2ms sql=61
GET /files/ 17.3ms sql=32
GET /files/ 17.9ms sql=32
GET /files/ 806.8ms sql=1226
GET /files/ 473.5ms sql=1226
GET /files/ 503.1ms sql=1226
GET /files/ 1145.3ms sql=1226
GET /files/ 480.9ms sql=1226
GET /files/ 516.8ms sql=1226
GET /files/task-management/ 51.9ms sql=63
GET /files/htmlpdf/editor/2237/ 4.3ms sql=7
GET /files/htmlpdf/editor/2237/ 4.2ms sql=7
GET /files/htmlpdf/api/template-jsons/ 34.5ms sql=70
GET /files/htmlpdf/template/2237/ 1.8ms sql=4
GET /files/htmlpdf/template/2090/ 1.8ms sql=4
GET /files/task-management/ 51.7ms sql=61
GET /files/task-management/ 67.8ms sql=61
GET /files/htmlpdf/editor/2090/ 17.1ms sql=7
GET /files/htmlpdf/editor/2090/ 6.7ms sql=7
GET /files/htmlpdf/api/template-jsons/ 126.2ms sql=155
GET /files/htmlpdf/template/2090/ 2.3ms sql=4
GET /files/ 502.9ms sql=1226
GET /files/ 561.3ms sql=1226
GET /files/ 8.7ms sql=12
GET /files/ 9.6ms sql=12
GET /files/ 16.6ms sql=32
GET /files/ 17.2ms sql=32
GET /files/ 57.2ms sql=32
GET /files/ 20.6ms sql=32
GET /files/ 768.8ms sql=1713
GET /files/ 11.9ms sql=22
GET /files/ 248.7ms sql=553
GET /files/ 333.7ms sql=748
GET /files/ 374.9ms sql=748
GET /files/ 483.1ms sql=1226
GET /files/ 16.9ms sql=32
GET /files/projects/ 12.9ms sql=7
GET /files/task-management/ 43.3ms sql=44
GET /files/task-management/ 44.2ms sql=44
GET /files/ 17.0ms sql=32
GET /files/ 24.4ms sql=32
GET /files/ 515.4ms sql=1226
GET /files/ 499.9ms sql=1226
GET /files/ 510.0ms sql=1226
GET /files/htmlpdf/template/2915/ 0.3ms sql=0
GET /login/ 0.7ms sql=0
GET /files/2917/download/ 0.3ms sql=0
GET /login/ 1.1ms sql=0
GET /files/ 497.0ms sql=1226
GET /files/ 519.9ms sql=1226
GET /files/ 815.2ms sql=1226
GET /files/ 1064.1ms sql=1226
GET /files/ 0.3ms sql=0
GET /login/ 0.6ms sql=0
GET /files/ 473.5ms sql=1226
GET /files/projects/ 9.5ms sql=7
GET /files/htmlpdf/ 343.4ms sql=978
GET /files/htmlpdf/ 346.8ms sql=978
GET /files/htmlpdf/ 343.8ms sql=980
GET /files/htmlpdf/ 368.1ms sql=983
GET /files/ 22.0ms sql=38
GET /files/ 409.7ms sql=292
GET /files/htmlpdf/ 358.0ms sql=981
GET /files/htmlpdf/ 350.6ms sql=983
GET /files/htmlpdf/ 346.4ms sql=981
GET /files/htmlpdf/ 346.3ms sql=983
GET /files/htmlpdf/ 375.9ms sql=981
GET /files/htmlpdf/ 347.3ms sql=978
GET /files/ 346.3ms sql=292
GET /files/htmlpdf/ 357.5ms sql=979
GET /files/htmlpdf/ 481.0ms sql=991
GET /files/ 1023.7ms sql=292
GET /files/ 346.2ms sql=292
GET /files/task-management/ 154.0ms sql=61
GET /files/task-management/ 54.8ms sql=37
GET /files/task-management/ 37.9ms sql=37
GET /files/task-management/ 40.7ms sql=38
GET /files/task-management/ 49.0ms sql=48
GET /files/task-management/ 38.2ms sql=37
GET /files/task-management/ 37.9ms sql=38
GET /files/task-management/ 49.2ms sql=48
GET /files/task-management/ 128.6ms sql=37
GET /files/task-management/ 43.4ms sql=37
GET /files/task-management/ 51.9ms sql=37
GET /files/task-management/ 42.5ms sql=38
GET /files/task-management/ 47.3ms sql=48
GET /files/task-management/ 58.4ms sql=49
GET /files/htmlpdf/editor/2026/ 4.6ms sql=4
GET /files/htmlpdf/editor/2026/ 3.0ms sql=4
GET /files/htmlpdf/api/template-jsons/ 9.9ms sql=13
GET /files/htmlpdf/template/2026/ 1.4ms sql=2
GET /files/task-management/ 52.2ms sql=49
GET /files/htmlpdf/api/template-jsons/ 0.3ms sql=0
GET /files/task-management/ 140.8ms sql=65
GET /files/task-management/ 55.3ms sql=61
GET /files/task-management/ 122.9ms sql=63
GET /files/task-management/ 66.3ms sql=61
GET /files/htmlpdf/ 347.8ms sql=991
GET /files/htmlpdf/editor/2921/ 4.8ms sql=7
GET /files/htmlpdf/editor/2921/ 5.8ms sql=7
GET /files/htmlpdf/api/template-jsons/ 17.3ms sql=18
GET /files/htmlpdf/template/2921/ 2.6ms sql=4
GET /files/htmlpdf/template/2237/ 0.3ms sql=0
GET /login/ 0.6ms sql=0
GET /files/ 523.0ms sql=1241
GET /files/task-management/ 99.0ms sql=44
GET /files/task-management/ 56.9ms sql=44
GET /files/task-management/ 42.3ms sql=45
GET /files/task-management/ 68.6ms sql=61
GET /files/task-management/ 116.3ms sql=62
GET /files/htmlpdf/ 346.6ms sql=985
GET /files/htmlpdf/editor/2915/ 6.6ms sql=7
GET /files/htmlpdf/editor/2915/ 6.6ms sql=7
GET /files/htmlpdf/api/template-jsons/ 10.2ms sql=15
GET /files/htmlpdf/template/2915/ 2.7ms sql=4
GET /files/task-management/ 54.6ms sql=61
GET /files/task-management/ 58.3ms sql=61
GET /files/htmlpdf/ 360.8ms sql=991
GET /files/htmlpdf/editor/2921/ 4.3ms sql=7
GET /files/htmlpdf/editor/2921/ 4.0ms sql=7
GET /files/htmlpdf/api/template-jsons/ 17.4ms sql=32
GET /files/htmlpdf/template/2921/ 1.8ms sql=4
GET /files/htmlpdf/template/2915/ 1.8ms sql=4
GET /files/htmlpdf/template/2915/ 1.8ms sql=4
GET /files/htmlpdf/template/2915/ 1.8ms sql=4
GET /files/htmlpdf/template/2915/ 1.9ms sql=4
GET /files/htmlpdf/template/2915/ 1.8ms sql=4
GET /files/htmlpdf/template/2915/ 2.7ms sql=4
GET /files/htmlpdf/template/2915/ 1.6ms sql=4
GET /files/htmlpdf/template/2915/ 1.7ms sql=4
GET /files/htmlpdf/template/2915/ 1.8ms sql=4
GET /files/htmlpdf/template/2915/ 1.8ms sql=4
GET /files/htmlpdf/template/2915/ 1.9ms sql=4
GET /files/ 585.8ms sql=1284
GET /files/ 495.3ms sql=1282
GET /files/task-management/ 101.9ms sql=44
GET /files/task-management/ 47.3ms sql=44
GET /files/task-management/ 52.2ms sql=45
GET /files/task-management/ 56.5ms sql=61
GET /files/htmlpdf/editor/2921/ 0.3ms sql=0
GET /files/htmlpdf/template/2921/ 0.3ms sql=0
GET /login/ 0.6ms sql=0
GET /files/task-management/ 169.6ms sql=63
GET /files/2924/download/ 1.8ms sql=4
GET /files/2924/download/ 3.0ms sql=4
GET /files/task-management/ 40.8ms sql=46
GET /files/task-management/ 50.9ms sql=59
GET /files/task-management/ 52.9ms sql=61
GET /files/task-management/ 90.8ms sql=57
GET /files/task-management/ 53.2ms sql=61
GET /files/htmlpdf/editor/2219/ 6.8ms sql=7
GET /files/htmlpdf/editor/2219/ 5.0ms sql=7
GET /files/htmlpdf/api/template-jsons/ 52.2ms sql=126
GET /files/htmlpdf/template/2219/ 1.8ms sql=4
GET /files/task-management/ 50.4ms sql=59
GET /files/htmlpdf/template/2223/ 2.3ms sql=4
GET /files/task-management/ 54.4ms sql=59
GET /files/task-management/ 51.8ms sql=57
GET /files/htmlpdf/api/template-jsons/ 0.3ms sql=0
GET /files/ 19.0ms sql=38
GET /files/ 471.0ms sql=316
GET /files/ 381.0ms sql=316
GET /files/ 380.5ms sql=316
GET /files/ 448.1ms sql=316
GET /files/ 396.4ms sql=316
GET /files/ 446.4ms sql=316
GET /files/ 381.7ms sql=316
GET /files/ 459.2ms sql=316
GET /files/ 388.3ms sql=316
GET /files/task-management/ 59.8ms sql=59
GET /files/ 519.2ms sql=316
GET /files/ 357.6ms sql=316
GET /files/ 507.2ms sql=316
GET /files/ 361.7ms sql=316
GET /files/ 474.8ms sql=316
GET /files/ 369.9ms sql=316
GET /files/ 460.1ms sql=316
GET /files/ 392.8ms sql=316
GET /files/htmlpdf/template/2223/ 3.5ms sql=4
GET /files/task-management/ 53.5ms sql=59
GET /files/ 486.7ms sql=316
GET /files/ 360.9ms sql=316
GET /files/task-management/ 49.5ms sql=59
GET /files/task-management/ 136.9ms sql=45
GET /files/ 389.4ms sql=316
GET /files/ 445.0ms sql=316
GET /files/task-management/ 48.3ms sql=58
GET /files/ 365.0ms sql=316
GET /files/ 461.9ms sql=316
GET /files/ 398.3ms sql=316
GET /files/task-management/ 50.5ms sql=58
GET /files/ 776.8ms sql=316
GET /files/task-management/ 276.2ms sql=58
GET /files/task-management/ 55.1ms sql=60
GET /files/task-management/ 53.9ms sql=60
GET /files/task-management/ 181.4ms sql=60
GET /files/htmlpdf/editor/2333/ 6.3ms sql=7
GET /files/htmlpdf/editor/2333/ 6.2ms sql=7
GET /files/htmlpdf/template/2333/ 5.0ms sql=4
GET /files/htmlpdf/api/template-jsons/ 780.6ms sql=421
GET /files/task-management/ 217.2ms sql=62
GET /files/htmlpdf/ 355.4ms sql=1000
GET /files/htmlpdf/editor/2927/ 5.2ms sql=6
GET /files/htmlpdf/editor/2927/ 3.3ms sql=6
GET /files/htmlpdf/api/template-jsons/ 9.1ms sql=15
GET /files/htmlpdf/template/2927/ 2.4ms sql=4
GET /files/task-management/ 65.9ms sql=60
GET /files/task-management/ 42.4ms sql=43
GET /files/task-management/ 107.7ms sql=44
GET /files/task-management/ 52.3ms sql=60
GET /files/task-management/ 80.8ms sql=60
GET /files/task-management/ 54.2ms sql=61
GET /files/task-management/ 62.8ms sql=58
GET /files/2918/download/ 2.5ms sql=4
GET /files/2918/download/ 2.5ms sql=4
GET /files/task-management/ 44.5ms sql=43
GET /files/task-management/ 55.1ms sql=44
GET /files/task-management/ 140.2ms sql=58
GET /files/task-management/ 100.6ms sql=61
GET /files/task-management/ 87.3ms sql=60
GET /files/htmlpdf/editor/2333/ 4.8ms sql=7
GET /files/htmlpdf/editor/2333/ 4.4ms sql=7
GET /files/htmlpdf/template/2333/ 6.2ms sql=4
GET /files/htmlpdf/api/template-jsons/ 784.1ms sql=421
GET /files/task-management/ 296.1ms sql=59
GET /files/task-management/ 88.3ms sql=60
GET /files/task-management/ 124.3ms sql=60
GET /files/task-management/ 74.6ms sql=60
GET /files/task-management/ 55.4ms sql=60
GET /files/task-management/ 93.6ms sql=60
GET /files/task-management/ 73.1ms sql=60
GET /files/task-management/ 159.4ms sql=60
GET /files/task-management/ 56.4ms sql=60
GET /files/task-management/ 54.9ms sql=62
GET /files/task-management/ 82.7ms sql=60
GET /files/htmlpdf/editor/2219/ 6.3ms sql=7
GET /files/htmlpdf/editor/2219/ 20.2ms sql=7
GET /files/htmlpdf/template/2219/ 12.1ms sql=4
GET /files/htmlpdf/api/template-jsons/ 269.9ms sql=126
GET /files/task-management/ 64.3ms sql=60
GET /files/task-management/ 68.6ms sql=60
GET /files/htmlpdf/editor/2223/ 6.2ms sql=7
GET /files/htmlpdf/editor/2223/ 7.5ms sql=7
GET /files/htmlpdf/template/2223/ 9.5ms sql=4
GET /files/htmlpdf/api/template-jsons/ 168.3ms sql=185
GET /files/task-management/ 55.7ms sql=61
GET /files/task-management/ 65.0ms sql=60
GET /files/htmlpdf/ 355.4ms sql=1001
GET /files/htmlpdf/editor/2927/ 3.3ms sql=6
GET /files/htmlpdf/editor/2927/ 3.3ms sql=6
GET /files/htmlpdf/api/template-jsons/ 10.3ms sql=15
GET /files/htmlpdf/template/2927/ 1.8ms sql=4
GET /files/task-management/ 58.0ms sql=58
GET /files/ 654.8ms sql=1333
GET /files/task-management/ 39.2ms sql=43
GET /files/task-management/ 41.3ms sql=43
GET /files/task-management/ 54.6ms sql=44
GET /files/task-management/ 49.3ms sql=58
GET /files/task-management/ 62.2ms sql=60
GET /files/task-management/ 49.7ms sql=43
GET /files/task-management/ 142.2ms sql=58
GET /files/task-management/ 40.3ms sql=44
GET /files/task-management/ 49.9ms sql=60
GET /files/2923/download/ 2.7ms sql=4
GET /files/2923/download/ 1.8ms sql=4
GET /files/2923/download/ 1.8ms sql=4
GET /files/task-management/ 65.7ms sql=60
GET /files/2923/download/ 2.1ms sql=4
GET /files/2923/download/ 2.5ms sql=4
GET /files/htmlpdf/editor/2223/ 7.2ms sql=7
GET /files/2923/download/ 1.9ms sql=4
GET /files/htmlpdf/editor/2223/ 4.5ms sql=7
GET /files/htmlpdf/template/2223/ 6.0ms sql=4
GET /files/htmlpdf/api/template-jsons/ 249.2ms sql=200
GET /files/2923/download/ 2.1ms sql=4
GET /files/2923/download/ 1.9ms sql=4
GET /files/2923/download/ 2.9ms sql=4
GET /files/2923/download/ 2.2ms sql=4
GET /files/2923/download/ 1.8ms sql=4
GET /files/2923/download/ 1.7ms sql=4
GET /files/2923/download/ 1.9ms sql=4
GET /files/2923/download/ 1.8ms sql=4
GET /files/task-management/ 70.9ms sql=60
GET /files/task-management/ 56.8ms sql=60
GET /files/task-management/ 95.1ms sql=60
GET /files/htmlpdf/editor/2090/ 5.7ms sql=7
GET /files/htmlpdf/editor/2090/ 6.2ms sql=7
GET /files/htmlpdf/api/template-jsons/ 154.5ms sql=169
GET /files/htmlpdf/template/2090/ 8.3ms sql=4
GET /files/task-management/ 41.6ms sql=43
GET /files/task-management/ 39.4ms sql=44
GET /files/task-management/ 47.8ms sql=58
GET /files/task-management/ 68.5ms sql=60
GET /files/task-management/ 60.4ms sql=60
GET /files/htmlpdf/ 354.8ms sql=1013
GET /files/task-management/ 68.3ms sql=60
GET /files/htmlpdf/editor/2925/ 3.4ms sql=6
GET /files/htmlpdf/editor/2925/ 3.4ms sql=6
GET /files/htmlpdf/api/template-jsons/ 8.6ms sql=14
GET /files/htmlpdf/template/2925/ 1.7ms sql=4
GET /files/task-management/ 75.7ms sql=60
GET /files/htmlpdf/editor/2223/ 4.6ms sql=7
GET /files/htmlpdf/editor/2223/ 4.3ms sql=7
GET /files/htmlpdf/template/2223/ 9.3ms sql=4
GET /files/htmlpdf/api/template-jsons/ 255.6ms sql=200
GET /files/2923/download/ 0.6ms sql=0
GET /login/ 1.8ms sql=0
GET /files/task-management/ 133.9ms sql=60
GET /files/task-management/ 61.0ms sql=58
GET /files/htmlpdf/ 367.0ms sql=1006
GET /files/htmlpdf/editor/2927/ 6.4ms sql=6
GET /files/htmlpdf/editor/2927/ 8.5ms sql=6
GET /files/htmlpdf/api/template-jsons/ 20.9ms sql=43
GET /files/htmlpdf/template/2927/ 2.7ms sql=4
GET /files/task-management/ 55.4ms sql=60
GET /files/task-management/ 134.5ms sql=60
GET /files/htmlpdf/editor/2223/ 4.4ms sql=7
GET /files/task-management/ 37.7ms sql=36
GET /files/htmlpdf/editor/2223/ 5.4ms sql=7
GET /files/htmlpdf/template/2223/ 9.1ms sql=4
GET /files/htmlpdf/api/template-jsons/ 165.8ms sql=200
GET /files/task-management/ 37.8ms sql=36
GET /files/task-management/ 40.0ms sql=44
GET /files/task-management/ 37.4ms sql=37
GET /files/task-management/ 141.9ms sql=47
GET /files/task-management/ 65.0ms sql=64
GET /files/task-management/ 45.6ms sql=36
GET /files/task-management/ 45.6ms sql=37
GET /files/task-management/ 47.9ms sql=43
GET /files/task-management/ 52.0ms sql=47
GET /files/task-management/ 128.0ms sql=44
GET /files/task-management/ 40.2ms sql=43
GET /files/task-management/ 47.2ms sql=44
GET /files/task-management/ 52.2ms sql=62
GET /files/task-management/ 48.3ms sql=36
GET /files/task-management/ 39.6ms sql=37
GET /files/task-management/ 124.6ms sql=47
GET /files/task-management/ 42.7ms sql=43
GET /files/task-management/ 42.6ms sql=44
GET /files/task-management/ 70.4ms sql=64
GET /files/1790/preview/ 4.6ms sql=5
GET /files/1790/raw/ 1.8ms sql=4
GET /files/task-management/ 44.3ms sql=43
GET /files/task-management/ 44.3ms sql=43
GET /files/task-management/ 45.5ms sql=44
GET /files/task-management/ 66.7ms sql=64
GET /files/task-management/ 91.0ms sql=63
GET /files/htmlpdf/editor/2333/ 0.3ms sql=0
GET /files/task-management/ 41.4ms sql=43
GET /files/task-management/ 136.3ms sql=44
GET /files/task-management/ 70.8ms sql=62
GET /files/htmlpdf/editor/2927/ 0.3ms sql=0
GET /login/ 0.7ms sql=0
GET /files/task-management/ 51.6ms sql=47
GET /files/task-management/ 46.2ms sql=47
GET /files/task-management/ 63.4ms sql=47
GET /files/task-management/ 122.3ms sql=47
GET /files/task-management/ 60.8ms sql=47
GET /files/task-management/ 59.7ms sql=47
GET /files/task-management/ 67.6ms sql=47
GET /files/task-management/ 51.7ms sql=47
GET /files/ 25.9ms sql=38
GET /files/projects/ 10.9ms sql=6
GET /files/projects/ 10.2ms sql=6
GET /files/projects/ 14.7ms sql=6
GET /files/projects/ 9.9ms sql=6
GET /files/projects/ 272.5ms sql=774
GET /files/projects/ 383.6ms sql=774
GET /files/htmlpdf/ 0.4ms sql=0
GET /login/ 0.6ms sql=0
GET /files/projects/ 298.3ms sql=774
GET /files/htmlpdf/template/2927/ 0.3ms sql=0
GET /login/ 0.9ms sql=0
GET /files/projects/ 311.6ms sql=776
GET /files/projects/ 391.4ms sql=776
GET /files/projects/ 281.1ms sql=776
GET /files/projects/ 273.6ms sql=776
GET /files/htmlpdf/template/2333/ 0.4ms sql=0
GET /login/ 0.6ms sql=0
GET /files/htmlpdf/template/2925/ 0.4ms sql=0
GET /login/ 0.5ms sql=0
GET /files/projects/ 274.7ms sql=776
GET /files/projects/ 368.8ms sql=776
GET /files/projects/ 294.2ms sql=776
GET /files/projects/ 293.3ms sql=776
GET /files/hospital-info/ 12.2ms sql=4
GET /files/hospital-info/ 78.9ms sql=201
GET /files/hospital-info/ 68.4ms sql=198
GET /files/hospital-info/ 67.2ms sql=196
GET /files/hospital-info/ 223.4ms sql=227
GET /files/hospital-info/api/equipment/ 7.3ms sql=10
GET /files/hospital-info/api/equipment/ 4.4ms sql=10
GET /files/hospital-info/api/equipment/ 4.3ms sql=10
GET /files/hospital-info/ 58.5ms sql=198
GET /files/task-management/ 0.3ms sql=0
GET /api/v2/library/files/2024/download 8.7ms sql=0
GET /login/ 0.8ms sql=0
GET /api/v2/library/files/2024/download/ 2.8ms sql=0
GET /files/projects/ 12.0ms sql=6
GET /files/projects/ 12.6ms sql=6
GET /files/projects/ 15.0ms sql=6
GET /files/projects/ 11.6ms sql=6
GET /files/projects/ 273.4ms sql=782
GET /files/projects/ 277.5ms sql=782
GET /files/task-management/ 115.0ms sql=36
GET /files/task-management/ 60.4ms sql=36
GET /files/task-management/ 41.8ms sql=37
GET /files/task-management/ 49.7ms sql=47
GET /files/2925/preview/ 4.5ms sql=4
GET /files/2925/raw/ 1.9ms sql=2
GET /files/task-management/ 66.5ms sql=48
GET /files/2927/preview/ 4.6ms sql=4
GET /files/2927/raw/ 1.3ms sql=2
GET /files/projects/ 9.9ms sql=6
GET /files/projects/ 9.4ms sql=6
GET /files/projects/ 12.1ms sql=6
GET /files/projects/ 10.5ms sql=6
GET /files/ 18.5ms sql=38
GET /files/projects/ 10.0ms sql=6
GET /files/projects/ 10.9ms sql=6
GET /files/projects/ 9.5ms sql=6
GET /files/projects/ 9.6ms sql=6
GET /files/projects/ 269.9ms sql=782
GET /files/projects/ 295.9ms sql=782
GET /files/1790/raw/ 0.3ms sql=0
GET /login/ 0.6ms sql=0
GET /files/htmlpdf/editor/2925/ 0.3ms sql=0
GET /login/ 0.7ms sql=0
GET /files/task-management/ 38.1ms sql=36
GET /files/task-management/ 44.1ms sql=36
GET /files/task-management/ 104.6ms sql=37
GET /files/task-management/ 46.6ms sql=47
GET /files/task-management/ 50.8ms sql=48
GET /files/htmlpdf/editor/2915/ 5.1ms sql=5
GET /files/htmlpdf/editor/2915/ 3.8ms sql=5
GET /files/htmlpdf/api/template-jsons/ 9.5ms sql=13
GET /files/htmlpdf/template/2915/ 0.9ms sql=2
GET /files/task-management/ 53.4ms sql=48
GET /files/ 20.2ms sql=38
GET /files/projects/ 9.7ms sql=6
GET /files/projects/ 10.3ms sql=6
GET /files/projects/ 9.7ms sql=6
GET /files/projects/ 10.0ms sql=6
GET /files/projects/ 334.4ms sql=778
GET /files/projects/ 273.6ms sql=778
GET /files/projects/ 310.1ms sql=778
GET /files/projects/ 355.3ms sql=783
GET /files/projects/ 275.8ms sql=783
GET /files/projects/ 341.7ms sql=783
GET /files/projects/ 280.5ms sql=783
GET /files/projects/ 306.2ms sql=783
GET /files/projects/ 356.6ms sql=783
GET /files/task-management/ 55.3ms sql=62
GET /files/task-management/ 42.5ms sql=43
GET /files/task-management/ 40.7ms sql=44
GET /files/task-management/ 58.2ms sql=62
GET /files/htmlpdf/ 361.8ms sql=1021
GET /files/htmlpdf/editor/2925/ 4.2ms sql=7
GET /files/htmlpdf/editor/2925/ 4.4ms sql=7
GET /files/htmlpdf/api/template-jsons/ 37.2ms sql=86
GET /files/htmlpdf/template/2925/ 1.9ms sql=4
GET /files/task-management/ 54.6ms sql=62
GET /files/task-management/ 150.2ms sql=61
GET /files/htmlpdf/ 374.0ms sql=1013
GET /files/htmlpdf/editor/2927/ 6.4ms sql=7
GET /files/htmlpdf/editor/2927/ 7.6ms sql=7
GET /files/htmlpdf/api/template-jsons/ 24.4ms sql=43
GET /files/htmlpdf/template/2927/ 2.7ms sql=4
GET /api/v2/inspections/projects/260001/tasks/01/export-frontend-json 3.0ms sql=0
GET /files/ 590.1ms sql=1446
GET /files/task-management/ 43.3ms sql=43
GET /files/task-management/ 40.7ms sql=43
GET /files/task-management/ 38.9ms sql=43
GET /files/task-management/ 109.3ms sql=43
GET /files/task-management/ 39.1ms sql=44
GET /files/task-management/ 49.7ms sql=60
GET /files/task-management/ 55.4ms sql=61
GET /files/htmlpdf/ 471.6ms sql=1013
GET /files/htmlpdf/editor/2915/ 4.4ms sql=7
GET /files/htmlpdf/editor/2915/ 4.4ms sql=7
GET /files/htmlpdf/api/template-jsons/ 10.3ms sql=15
GET /files/htmlpdf/template/2915/ 1.9ms sql=4
GET /files/task-management/ 93.8ms sql=62
GET /files/2945/download/ 1.8ms sql=4
GET /files/2945/download/ 2.6ms sql=4
GET /files/task-management/ 51.0ms sql=60
GET /files/task-management/ 130.2ms sql=60
GET /files/htmlpdf/editor/2090/ 5.1ms sql=7
GET /files/htmlpdf/editor/2090/ 6.8ms sql=7
GET /files/htmlpdf/api/template-jsons/ 143.1ms sql=169
GET /files/htmlpdf/template/2090/ 1.8ms sql=4
GET /files/task-management/ 74.6ms sql=60
GET /files/task-management/ 66.2ms sql=58
GET /files/task-management/ 78.6ms sql=60
GET /files/htmlpdf/editor/2090/ 6.6ms sql=7
GET /files/htmlpdf/editor/2090/ 7.0ms sql=7
GET /files/htmlpdf/api/template-jsons/ 131.6ms sql=169
GET /files/htmlpdf/template/2090/ 2.6ms sql=4
GET /files/ 1648.6ms sql=5098
GET /files/task-management/ 74.5ms sql=60
GET /files/task-management/ 146.5ms sql=60
GET /files/task-management/ 74.0ms sql=60
GET /files/htmlpdf/editor/2261/ 6.5ms sql=7
GET /files/htmlpdf/editor/2261/ 4.3ms sql=7
GET /files/htmlpdf/api/template-jsons/ 32.6ms sql=15
GET /files/htmlpdf/template/2261/ 3.0ms sql=4
GET / 0.2ms sql=0
GET /login/ 1.0ms sql=0
GET /files/task-management/ 70.6ms sql=60
GET /files/task-management/ 160.9ms sql=60
GET /files/htmlpdf/editor/2910/ 6.6ms sql=7
GET /files/htmlpdf/editor/2910/ 5.3ms sql=7
GET /files/htmlpdf/template/2910/ 4.1ms sql=4
GET /files/htmlpdf/api/template-jsons/ 516.4ms sql=267
GET /files/task-management/ 81.2ms sql=60
GET /files/task-management/ 69.3ms sql=60
GET /files/htmlpdf/editor/2261/ 4.3ms sql=7
GET /files/htmlpdf/editor/2261/ 7.0ms sql=7
GET /files/htmlpdf/api/template-jsons/ 37.6ms sql=15
GET /files/htmlpdf/template/2261/ 1.9ms sql=4
GET /files/task-management/ 131.2ms sql=62
GET /files/task-management/ 78.4ms sql=60
GET /files/htmlpdf/editor/2910/ 6.6ms sql=7
GET /files/htmlpdf/editor/2910/ 6.6ms sql=7
GET /files/htmlpdf/template/2910/ 5.3ms sql=4
GET /files/htmlpdf/api/template-jsons/ 498.1ms sql=267
GET /files/task-management/ 96.4ms sql=60
GET /files/task-management/ 52.0ms sql=60
GET /files/task-management/ 53.5ms sql=62
GET /files/task-management/ 62.9ms sql=64
GET /files/task-management/ 70.2ms sql=60
GET /files/task-management/ 149.6ms sql=60
GET /files/htmlpdf/editor/2261/ 7.7ms sql=7
GET /files/htmlpdf/editor/2261/ 6.2ms sql=7
GET /files/htmlpdf/api/template-jsons/ 90.4ms sql=43
GET /files/htmlpdf/template/2261/ 1.8ms sql=4
GET /files/task-management/ 69.8ms sql=60
GET /files/task-management/ 79.8ms sql=60
GET /files/htmlpdf/editor/2910/ 6.7ms sql=7
GET /files/htmlpdf/editor/2910/ 6.5ms sql=7
GET /files/htmlpdf/template/2910/ 2.2ms sql=4
GET /files/htmlpdf/api/template-jsons/ 488.2ms sql=267
GET /files/task-management/ 87.3ms sql=60
GET /files/ 19.5ms sql=34
GET /api/v2/inspections/projects/260001/tasks/22/submit 2.8ms sql=0
GET /files/projects/ 13.1ms sql=7
GET /files/ 17.5ms sql=32
GET /files/ 364.8ms sql=802
GET /files/ 361.7ms sql=802
GET /files/ 368.7ms sql=802
GET /files/ 434.1ms sql=802
GET /files/ 391.0ms sql=802
GET /files/ 446.2ms sql=802
GET /files/ 368.8ms sql=802
GET /files/ 388.7ms sql=802
GET /files/ 428.2ms sql=802
GET /files/ 361.0ms sql=802
GET /files/ 429.1ms sql=802
GET /files/ 400.7ms sql=802
GET /files/ 363.4ms sql=793
GET /files/ 372.3ms sql=793
GET /files/ 357.6ms sql=793
GET /files/ 369.4ms sql=793
GET /files/ 361.6ms sql=793
GET /files/task-management/ 39.5ms sql=43
GET /files/task-management/ 47.3ms sql=43
GET /files/task-management/ 42.5ms sql=44
GET /files/task-management/ 136.9ms sql=60
GET /api/v2/inspections/projects/260001/tasks/22/files/report 3.5ms sql=0
GET /files/task-management/ 55.6ms sql=60
GET /files/htmlpdf/editor/2915/ 5.9ms sql=7
GET /files/htmlpdf/editor/2915/ 4.5ms sql=7
GET /files/htmlpdf/api/template-jsons/ 12.6ms sql=15
GET /files/htmlpdf/template/2915/ 1.9ms sql=4
GET /api/v2/inspections/projects/260001/tasks/24/submit 2.8ms sql=0
GET /api/v2/inspections/projects/260001/tasks/22/files/site_record 3.2ms sql=0
GET /files/ 590.2ms sql=1462
GET /files/task-management/ 115.4ms sql=43
GET /files/task-management/ 41.2ms sql=43
GET /files/task-management/ 40.3ms sql=44
GET /files/task-management/ 127.2ms sql=62
GET /files/ 16.6ms sql=32
GET /files/ 354.3ms sql=793
GET /files/ 361.3ms sql=793
GET /files/ 360.4ms sql=793
GET /files/ 358.5ms sql=793
GET /files/ 384.8ms sql=795
GET /files/ 399.4ms sql=793
GET /files/ 397.5ms sql=793
GET /files/ 446.0ms sql=793
GET /files/ 378.3ms sql=793
GET /files/ 276.6ms sql=559
GET /files/ 252.7ms sql=559
GET /files/ 18.0ms sql=32
GET /files/ 18.4ms sql=32
GET /files/ 461.3ms sql=793
GET /api/v2/inspections/projects/260001/tasks/22/files/2961/download/site_record 3.4ms sql=0
GET /files/ 390.1ms sql=793
GET /files/ 26.0ms sql=32
GET /files/ 982.3ms sql=1884
GET /files/ 851.7ms sql=1884
GET /files/ 1218.6ms sql=1884
GET /files/ 889.0ms sql=1884
GET /files/ 894.9ms sql=1884
GET /api/v2/inspections/projects/260001/tasks/01/files/site_record 3.3ms sql=0
GET /files/htmlpdf/template/1919/ 0.3ms sql=0
GET /login/ 0.7ms sql=0
GET /files/ 878.6ms sql=1884
GET /files/ 894.5ms sql=1884
GET /files/ 892.2ms sql=1884
GET /files/ 987.5ms sql=1884
GET /files/ 853.3ms sql=1884
GET /files/2941/download/ 2.4ms sql=6
GET /files/2941/download/ 4.1ms sql=6
GET /files/htmlpdf/ 361.1ms sql=1018
GET /files/htmlpdf/ 357.9ms sql=1020
GET /files/htmlpdf/ 369.7ms sql=1019
GET /files/htmlpdf/ 447.6ms sql=1037
GET /files/htmlpdf/editor/1790/ 6.6ms sql=7
GET /files/htmlpdf/editor/1790/ 4.3ms sql=7
GET /files/htmlpdf/template/1790/ 3.8ms sql=4
GET /files/htmlpdf/api/template-jsons/ 112.9ms sql=185
GET /files/task-management/ 64.1ms sql=64
GET /files/htmlpdf/ 370.2ms sql=1037
GET /files/htmlpdf/editor/1790/ 4.4ms sql=7
GET /files/htmlpdf/editor/1790/ 7.2ms sql=7
GET /files/htmlpdf/template/1790/ 4.8ms sql=4
GET /files/htmlpdf/api/template-jsons/ 116.3ms sql=185
GET /files/2941/download/ 0.3ms sql=0
GET /api/v2/inspections/projects/260001/tasks/40/files/report 3.2ms sql=0
GET /files/task-management/ 137.3ms sql=64
GET /files/task-management/ 102.3ms sql=63
GET /files/htmlpdf/ 357.1ms sql=1027
GET /files/htmlpdf/editor/1762/ 6.1ms sql=7
GET /files/htmlpdf/editor/1762/ 4.9ms sql=7
GET /files/htmlpdf/template/1762/ 4.3ms sql=4
GET /files/htmlpdf/api/template-jsons/ 677.3ms sql=200
GET /files/task-management/ 105.6ms sql=62
GET /files/task-management/ 109.9ms sql=43
GET /files/task-management/ 39.2ms sql=43
GET /files/ 18.3ms sql=32
GET /files/task-management/ 39.9ms sql=43
GET /files/task-management/ 44.9ms sql=43
GET /files/task-management/ 40.7ms sql=43
GET /files/task-management/ 49.7ms sql=44
GET /files/task-management/ 142.4ms sql=64
GET /files/task-management/ 108.7ms sql=63
GET /files/htmlpdf/ 374.3ms sql=1027
GET /files/htmlpdf/editor/1762/ 6.6ms sql=7
GET /files/htmlpdf/editor/1762/ 5.0ms sql=7
GET /files/htmlpdf/template/1762/ 4.9ms sql=4
GET /files/htmlpdf/api/template-jsons/ 603.8ms sql=200
GET / 0.2ms sql=0
GET /login/ 0.6ms sql=0
GET / 8.1ms sql=9
GET /files/task-management/ 105.0ms sql=62
GET /files/htmlpdf/ 388.2ms sql=1018
GET /files/task-management/ 61.8ms sql=64
GET /files/htmlpdf/ 362.7ms sql=1037
GET /files/htmlpdf/editor/1790/ 4.7ms sql=7
GET /files/htmlpdf/editor/1790/ 7.1ms sql=7
GET /files/htmlpdf/api/template-jsons/ 93.2ms sql=185
GET /files/htmlpdf/template/1790/ 2.6ms sql=4
GET /files/task-management/ 132.4ms sql=64
GET /files/task-management/ 40.7ms sql=43
GET /files/task-management/ 40.7ms sql=44
GET /files/task-management/ 51.1ms sql=62
GET /files/htmlpdf/ 363.6ms sql=1033
GET /files/htmlpdf/editor/1868/ 4.6ms sql=7
GET /files/htmlpdf/editor/1868/ 6.5ms sql=7
GET /files/htmlpdf/api/template-jsons/ 9.8ms sql=14
GET /files/htmlpdf/template/1868/ 2.3ms sql=4
GET /files/ 17.9ms sql=32
GET /files/ 889.6ms sql=1884
GET /files/ 883.7ms sql=1884
GET /files/ 853.2ms sql=1884
GET /files/ 982.5ms sql=1884
GET /files/task-management/ 49.9ms sql=62
GET /files/ 887.7ms sql=1884
GET /files/2974/download/ 2.7ms sql=6
GET /files/2974/download/ 3.6ms sql=6
GET /files/htmlpdf/ 366.9ms sql=1035
GET /files/htmlpdf/editor/1868/ 6.7ms sql=7
GET /files/htmlpdf/editor/1868/ 6.7ms sql=7
GET /files/htmlpdf/api/template-jsons/ 15.0ms sql=14
GET /files/htmlpdf/template/1868/ 2.7ms sql=4
GET /files/task-management/ 52.1ms sql=62
GET /files/htmlpdf/ 392.4ms sql=1033
GET /files/htmlpdf/editor/1868/ 4.3ms sql=7
GET /files/htmlpdf/editor/1868/ 4.5ms sql=7
GET /files/htmlpdf/api/template-jsons/ 15.7ms sql=14
GET /files/htmlpdf/template/1868/ 2.7ms sql=4
GET /files/ 937.9ms sql=1884
GET /files/htmlpdf/template/1919/ 2.8ms sql=4
GET /files/ 11.9ms sql=22
GET /files/ 865.2ms sql=1884
GET /files/ 957.7ms sql=1879
GET /files/ 11.4ms sql=17
GET /files/ 8.7ms sql=12
GET /files/ 962.9ms sql=1879
GET /files/htmlpdf/template/1919/ 2.3ms sql=4
GET /files/ 895.9ms sql=1879
GET /files/ 992.1ms sql=1879
GET /files/ 892.4ms sql=1879
GET /files/ 883.1ms sql=1879
GET /files/task-management/ 259.6ms sql=62
GET /files/htmlpdf/ 368.1ms sql=1033
GET /files/htmlpdf/editor/1868/ 6.3ms sql=7
GET /files/htmlpdf/editor/1868/ 4.5ms sql=7
GET /files/htmlpdf/api/template-jsons/ 35.0ms sql=14
GET /files/htmlpdf/template/1868/ 6.4ms sql=4
GET /files/ 430.2ms sql=788
GET /files/ 255.8ms sql=554
GET /files/ 263.4ms sql=554
GET /files/htmlpdf/template/1919/ 1.9ms sql=4
GET /files/ 272.9ms sql=554
GET /files/htmlpdf/template/1919/ 2.7ms sql=4
GET /files/ 289.1ms sql=554
GET /files/ 1646.9ms sql=5111
GET /files/ 284.4ms sql=554
GET /files/ 256.7ms sql=554
GET /files/2801/download/ 3.6ms sql=6
GET /files/htmlpdf/template/1919/ 2.7ms sql=4
GET /files/htmlpdf/template/1919/ 3.0ms sql=4
GET /files/htmlpdf/template/1919/ 1.8ms sql=4
GET /files/htmlpdf/template/1919/ 1.8ms sql=4
GET /files/2801/download/ 2.4ms sql=6
GET /files/htmlpdf/template/1919/ 2.7ms sql=4
GET /files/htmlpdf/template/1919/ 2.1ms sql=4
GET /files/htmlpdf/template/1919/ 1.8ms sql=4
GET /files/2801/download/ 2.4ms sql=6
GET /files/ 890.0ms sql=1881
GET /files/ 957.9ms sql=1879
GET /files/ 887.2ms sql=1879
GET /files/ 1342.0ms sql=1879
GET /files/ 893.9ms sql=1884
GET /files/htmlpdf/template/1919/ 2.6ms sql=4
GET /files/htmlpdf/template/1919/ 3.3ms sql=4
GET /files/ 854.4ms sql=1884
GET /files/ 975.3ms sql=1884
GET /files/ 899.9ms sql=1884
GET /files/ 890.5ms sql=1884
GET /files/ 963.4ms sql=1884
GET /files/htmlpdf/template/1919/ 1.8ms sql=4
GET /files/ 906.3ms sql=1884
GET /files/htmlpdf/template/1919/ 3.8ms sql=4
GET /files/ 1076.4ms sql=1884
GET /files/ 1689.8ms sql=1884
GET /files/ 877.6ms sql=1884
GET /files/ 973.7ms sql=1884
GET /files/htmlpdf/template/1919/ 1.8ms sql=4
GET /files/ 849.0ms sql=1884
GET /files/ 884.2ms sql=1884
GET /files/ 971.6ms sql=1884
GET /files/ 873.0ms sql=1884
GET /files/ 860.8ms sql=1884
GET /files/htmlpdf/template/1919/ 2.2ms sql=4
GET /files/ 950.2ms sql=1884
GET /files/ 879.4ms sql=1884
GET /files/ 877.6ms sql=1884
GET /files/htmlpdf/template/1919/ 1.9ms sql=4
GET /files/ 884.1ms sql=1884
GET /files/ 1707.5ms sql=1884
GET /files/ 886.2ms sql=1884
GET /files/htmlpdf/template/1919/ 1.8ms sql=4
GET /files/ 904.6ms sql=1875
GET /files/ 996.2ms sql=1875
GET /files/ 884.8ms sql=1875
GET /files/ 846.7ms sql=1875
GET /files/ 998.6ms sql=1875
GET /files/ 1651.7ms sql=1866
GET /files/htmlpdf/template/1919/ 1.8ms sql=4
GET /files/ 881.4ms sql=1866
GET /files/ 864.6ms sql=1866
GET /files/ 946.2ms sql=1866
GET /files/ 882.6ms sql=1866
GET /files/ 860.6ms sql=1866
GET /files/htmlpdf/template/1919/ 2.3ms sql=4
GET /files/ 875.9ms sql=1866
GET /files/ 852.3ms sql=1866
GET /files/htmlpdf/template/1919/ 4.4ms sql=4
GET /files/ 860.6ms sql=1866
GET /files/ 921.1ms sql=1866
GET /files/task-management/ 0.3ms sql=0
GET /login/ 0.6ms sql=0
GET /files/ 881.6ms sql=1866
GET /files/ 968.4ms sql=1866
GET /files/ 847.2ms sql=1478
GET /files/ 966.2ms sql=1866
GET /files/task-management/ 86.2ms sql=43
GET /files/ 1006.4ms sql=1866
GET /files/ 872.6ms sql=1866
GET /files/task-management/ 40.2ms sql=43
GET /files/task-management/ 40.2ms sql=44
GET /files/task-management/ 50.1ms sql=44
GET /files/task-management/ 64.6ms sql=62
GET /files/ 1017.2ms sql=1866
GET /files/htmlpdf/ 385.2ms sql=1033
GET /files/htmlpdf/editor/1868/ 7.2ms sql=7
GET /files/htmlpdf/editor/1868/ 6.5ms sql=7
GET /files/htmlpdf/api/template-jsons/ 18.8ms sql=28
GET /files/htmlpdf/template/1868/ 1.8ms sql=4
GET /files/ 880.0ms sql=1866
GET /files/ 944.8ms sql=1866
GET /files/htmlpdf/template/1919/ 2.8ms sql=4
GET /files/ 868.4ms sql=1866
GET /files/ 959.3ms sql=1866
GET /files/ 872.9ms sql=1866
GET /files/ 881.8ms sql=1868
GET /files/ 873.8ms sql=1866
GET /files/ 947.8ms sql=1866
GET /files/ 888.0ms sql=1866
GET /files/htmlpdf/template/1919/ 2.7ms sql=4
GET /files/2974/preview/ 7.5ms sql=7
GET /files/2974/preview/ 5.4ms sql=7
GET /files/task-management/ 160.0ms sql=62
GET /files/task-management/ 50.3ms sql=62
GET /files/task-management/ 42.5ms sql=43
GET /files/task-management/ 42.3ms sql=44
GET /files/ 25.5ms sql=32
GET /files/task-management/ 77.9ms sql=64
GET /files/htmlpdf/ 379.5ms sql=1037
GET /files/htmlpdf/editor/1790/ 6.6ms sql=7
GET /files/htmlpdf/editor/1790/ 4.9ms sql=7
GET /files/htmlpdf/template/1790/ 7.8ms sql=4
GET /files/htmlpdf/api/template-jsons/ 111.6ms sql=185
GET /files/ 18.2ms sql=32
GET /files/ 64.4ms sql=32
GET /files/ 24.7ms sql=32
GET /files/htmlpdf/template/1762/ 1.8ms sql=4
GET /files/task-management/ 62.8ms sql=64
GET /files/task-management/ 119.5ms sql=44
GET /files/task-management/ 67.2ms sql=62
GET /files/htmlpdf/ 384.5ms sql=1033
GET /files/htmlpdf/editor/2925/ 4.3ms sql=7
GET /files/htmlpdf/editor/2925/ 4.6ms sql=7
GET /files/htmlpdf/template/2925/ 2.0ms sql=4
GET /files/htmlpdf/api/template-jsons/ 42.4ms sql=86
GET /files/htmlpdf/template/2927/ 1.8ms sql=4
GET /files/htmlpdf/template/2927/ 1.9ms sql=4
GET /files/ 17.3ms sql=32
GET /files/ 17.7ms sql=32
GET /files/2121/preview/ 4.2ms sql=7
GET /files/2121/raw/ 2.2ms sql=6
GET /files/ 17.0ms sql=32
GET /files/ 250.2ms sql=559
GET /files/ 337.2ms sql=559
GET /files/ 356.4ms sql=793
GET /files/ 623.2ms sql=1499
GET /files/task-management/ 112.9ms sql=43
GET /files/ 430.9ms sql=793
GET /files/task-management/ 53.9ms sql=43
GET /files/ 385.6ms sql=793
GET /files/task-management/ 139.4ms sql=44
GET /files/task-management/ 58.5ms sql=60
GET /files/htmlpdf/ 401.3ms sql=1025
GET /files/htmlpdf/editor/2925/ 8.0ms sql=7
GET /files/htmlpdf/editor/2925/ 4.9ms sql=7
GET /files/htmlpdf/api/template-jsons/ 54.0ms sql=112
GET /files/htmlpdf/template/2925/ 2.3ms sql=4
GET /files/ 366.8ms sql=793
GET /files/htmlpdf/template/2927/ 2.6ms sql=4
GET /files/task-management/ 124.2ms sql=60
GET /files/task-management/ 60.6ms sql=61
GET /files/2121/preview/ 0.3ms sql=0
GET /login/ 0.6ms sql=0
GET /files/htmlpdf/api/template-jsons/ 0.3ms sql=0
GET /login/ 0.6ms sql=0
GET /files/task-management/ 0.4ms sql=0
GET /login/ 0.9ms sql=0
GET /api/v2/library/files/2927/download 5.2ms sql=0
GET /api/v2/library/files/2927/download/ 2.5ms sql=0
GET /login/ 0.6ms sql=0
GET /files 3.4ms sql=0
GET /files/ 0.3ms sql=0
GET /login/ 0.7ms sql=0
GET /files/task-management/ 0.3ms sql=0
GET /login/ 0.6ms sql=0
GET / 0.3ms sql=0
GET /login/ 0.7ms sql=0
GET /files/htmlpdf/template/2024/ 0.3ms sql=0
GET / 0.2ms sql=0
GET /login/ 0.6ms sql=0
GET / 0.3ms sql=0
GET / 0.2ms sql=0
GET /login/ 0.6ms sql=0
GET / 0.2ms sql=0
GET / 0.3ms sql=0
GET /login/ 0.8ms sql=0
GET / 0.2ms sql=0
GET /login/ 0.6ms sql=0
GET /sse 3.2ms sql=0
GET / 0.3ms sql=0
GET / 0.3ms sql=0
GET /login/ 0.7ms sql=0
GET /login/ 0.7ms sql=0
GET /login/ 0.6ms sql=0
GET /login/ 0.7ms sql=0
GET /login/ 0.8ms sql=0
GET / 0.3ms sql=0
GET /login/ 0.8ms sql=0
GET / 0.2ms sql=0
GET / 0.2ms sql=0
GET / 0.2ms sql=0
GET /login/ 0.5ms sql=0
GET / 0.3ms sql=0
GET /login/ 0.6ms sql=0
GET / 0.3ms sql=0
GET /login/ 0.9ms sql=0
GET /favicon.ico 3.2ms sql=0
GET / 0.3ms sql=0
GET /login/ 0.8ms sql=0
GET /login/ 0.8ms sql=0
GET / 0.3ms sql=0
GET /login/ 0.8ms sql=0
GET / 0.2ms sql=0
GET /login/ 0.8ms sql=0
GET /login/ 0.7ms sql=0
GET /files/ 18.7ms sql=38
GET /files/ 260.7ms sql=376
GET /files/ 252.3ms sql=376
GET /files/ 334.4ms sql=376
GET /files/ 261.7ms sql=376
GET /files/ 253.2ms sql=376
GET /files/ 177.2ms sql=240
GET /files/ 173.7ms sql=240
GET /files/ 173.4ms sql=240
GET /files/2978/preview/ 3.1ms sql=4
GET /files/2978/raw/ 1.4ms sql=2
GET / 0.3ms sql=0
GET / 0.3ms sql=0
GET /login/ 0.8ms sql=0
GET / 0.5ms sql=0
GET /login/ 0.6ms sql=0
GET / 0.2ms sql=0
GET /login/ 0.7ms sql=0
GET / 0.4ms sql=0
GET /login/ 0.6ms sql=0
GET /http:/www.soso.com/ 2.2ms sql=0
GET /http:/www.rfa.org/english/ 2.2ms sql=0
GET /http:/www.minghui.org/ 2.3ms sql=0
GET /http:/www.wujieliulan.com/ 2.1ms sql=0
GET /http:/dongtaiwang.com/ 2.2ms sql=0
GET /http:/www.epochtimes.com/ 2.2ms sql=0
GET / 0.4ms sql=0
GET / 0.2ms sql=0
GET /login/ 0.6ms sql=0
GET / 0.2ms sql=0
GET /login/ 0.6ms sql=0
GET / 0.2ms sql=0
GET / 0.4ms sql=0
GET /login/ 0.6ms sql=0
GET / 0.2ms sql=0
GET /login/ 0.7ms sql=0
GET /mcp 3.4ms sql=0
GET / 0.2ms sql=0
GET /login/ 1.0ms sql=0
GET / 0.2ms sql=0
GET / 0.3ms sql=0
GET /login/ 0.7ms sql=0
GET /login/favicon.ico 9.0ms sql=0
GET /favicon.ico 3.3ms sql=0
GET / 0.2ms sql=0
GET /login/ 0.6ms sql=0
GET / 0.2ms sql=0
GET / 0.2ms sql=0
GET /login/ 0.6ms sql=0
GET / 0.2ms sql=0
GET /login/ 0.7ms sql=0
GET / 0.2ms sql=0
GET /login/ 0.7ms sql=0
GET / 0.2ms sql=0
GET / 0.5ms sql=0
GET /login/ 0.6ms sql=0
GET /favicon.ico 3.1ms sql=0
GET / 0.3ms sql=0
GET /login/ 0.6ms sql=0
GET / 0.2ms sql=0
GET /favicon.ico 3.6ms sql=0
GET / 0.2ms sql=0
GET /login/ 0.6ms sql=0
GET /favicon.ico 3.5ms sql=0
GET / 0.2ms sql=0
GET /login/ 0.6ms sql=0
GET / 0.3ms sql=0
GET /login/ 0.8ms sql=0
GET / 0.3ms sql=0
GET /login/ 0.7ms sql=0
GET / 0.2ms sql=0
GET /files/htmlpdf/editor/2008/ 6.3ms sql=7
GET /files/htmlpdf/editor/2008/ 4.5ms sql=7
GET /files/htmlpdf/api/template-jsons/ 41.1ms sql=70
GET /files/htmlpdf/template/2008/ 2.0ms sql=4
GET /files/htmlpdf/ 362.7ms sql=1027
GET /files/task-management/ 44.4ms sql=43
GET /files/task-management/ 40.2ms sql=43
GET /files/task-management/ 41.0ms sql=43
GET /files/task-management/ 55.6ms sql=60
GET /files/task-management/ 51.3ms sql=60
GET /files/htmlpdf/ 376.6ms sql=1012
GET /files/htmlpdf/ 363.9ms sql=1025
GET /files/htmlpdf/editor/2060/ 10.7ms sql=7
GET /files/htmlpdf/editor/2060/ 11.4ms sql=7
GET /files/htmlpdf/template/2060/ 3.5ms sql=4
GET /files/htmlpdf/api/template-jsons/ 119.8ms sql=70
GET /files/task-management/ 54.4ms sql=60
GET /files/htmlpdf/ 356.0ms sql=1025
GET /files/task-management/ 39.2ms sql=43
GET /files/task-management/ 42.0ms sql=43
GET /files/task-management/ 125.6ms sql=44
GET /files/task-management/ 51.1ms sql=60
GET /files/task-management/ 68.1ms sql=60
GET /files/task-management/ 64.2ms sql=60
GET /files/task-management/ 121.7ms sql=60
GET /files/task-management/ 51.2ms sql=60
GET /files/task-management/ 57.5ms sql=60
GET /files/task-management/ 51.3ms sql=58
GET /files/task-management/ 54.3ms sql=60
GET /files/task-management/ 133.1ms sql=60
GET /files/task-management/ 57.7ms sql=58
GET /files/task-management/ 54.0ms sql=60
GET /files/task-management/ 62.7ms sql=60
GET /files/task-management/ 55.3ms sql=58
GET /files/task-management/ 53.3ms sql=60
GET /files/task-management/ 59.2ms sql=62
GET /files/task-management/ 50.4ms sql=58
GET /files/task-management/ 65.1ms sql=60
GET /files/task-management/ 63.7ms sql=60
GET /files/htmlpdf/template/2008/ 0.3ms sql=0
GET /login/ 0.5ms sql=0
GET /files/htmlpdf/template/2060/ 0.3ms sql=0
GET /files/task-management/ 129.9ms sql=58
GET /files/task-management/ 54.0ms sql=60
GET /files/task-management/ 53.9ms sql=60
GET /files/task-management/ 136.0ms sql=58
GET /files/task-management/ 56.1ms sql=60
GET /files/htmlpdf/ 389.2ms sql=1012
GET /files/htmlpdf/ 373.0ms sql=1025
GET /files/htmlpdf/editor/2979/ 4.2ms sql=7
GET /files/htmlpdf/editor/2979/ 4.0ms sql=7
GET /files/htmlpdf/api/template-jsons/ 32.8ms sql=70
GET /files/htmlpdf/template/2979/ 1.6ms sql=4
GET /files/htmlpdf/api/template-jsons/ 0.4ms sql=0
GET /login/ 0.6ms sql=0
GET /files/htmlpdf/template/1769/ 1.8ms sql=4
GET /files/htmlpdf/template/1769/ 3.0ms sql=4
GET /files/htmlpdf/template/1769/ 1.8ms sql=4
GET /files/htmlpdf/template/1769/ 1.8ms sql=4
GET /files/htmlpdf/template/1769/ 2.6ms sql=4
GET /files/htmlpdf/ 0.3ms sql=0
GET /login/ 0.7ms sql=0
GET /files/htmlpdf/template/1769/ 1.8ms sql=4
GET /files/htmlpdf/template/1769/ 1.9ms sql=4
GET /files/htmlpdf/template/1769/ 3.0ms sql=4
GET /files/htmlpdf/template/1769/ 3.0ms sql=4
GET /files/htmlpdf/template/1769/ 3.8ms sql=4
GET /files/htmlpdf/template/1769/ 3.0ms sql=4
GET /files/htmlpdf/template/1769/ 2.1ms sql=4
GET /files/htmlpdf/template/1769/ 4.1ms sql=4
GET /files/htmlpdf/template/1769/ 3.2ms sql=4
GET /files/ 1549.6ms sql=2328
GET /files/task-management/ 51.7ms sql=60
GET /files/task-management/ 62.4ms sql=60
GET /files/htmlpdf/ 371.9ms sql=1025
GET /files/htmlpdf/editor/2980/ 4.5ms sql=7
GET /files/htmlpdf/editor/2980/ 5.4ms sql=7
GET /files/htmlpdf/api/template-jsons/ 42.6ms sql=84
GET /files/htmlpdf/template/2980/ 1.8ms sql=4
GET /files/htmlpdf/api/table-cell-at-point/ 0.4ms sql=0
GET /files/htmlpdf/template/1850/ 3.3ms sql=4
GET /files/htmlpdf/template/1850/ 1.8ms sql=4
GET /files/htmlpdf/template/1850/ 1.8ms sql=4
GET /files/htmlpdf/template/1769/ 0.3ms sql=0
GET /login/ 0.7ms sql=0
GET /files/htmlpdf/template/1850/ 1.8ms sql=4
GET /files/htmlpdf/template/1850/ 1.8ms sql=4
GET /files/htmlpdf/template/1850/ 1.9ms sql=4
GET /files/htmlpdf/template/1850/ 1.9ms sql=4
GET /files/htmlpdf/template/1850/ 1.8ms sql=4
GET /files/htmlpdf/template/1850/ 2.2ms sql=4
GET /files/htmlpdf/template/1850/ 1.8ms sql=4
GET /files/htmlpdf/template/1850/ 1.8ms sql=4
GET /files/htmlpdf/template/1850/ 1.8ms sql=4
GET /files/htmlpdf/template/1850/ 1.8ms sql=4
GET /files/htmlpdf/template/1850/ 2.0ms sql=4
GET /files/htmlpdf/template/1850/ 1.8ms sql=4
GET /files/htmlpdf/template/1850/ 1.7ms sql=4
GET /files/htmlpdf/api/template-jsons/ 0.3ms sql=0
GET /files/htmlpdf/template/1850/ 2.0ms sql=4
GET /files/htmlpdf/template/1850/ 1.8ms sql=4
GET /files/htmlpdf/template/1850/ 2.0ms sql=4
GET /files/htmlpdf/template/1850/ 2.4ms sql=4
GET /files/htmlpdf/template/1850/ 1.7ms sql=4
GET /files/htmlpdf/template/1850/ 1.8ms sql=4
GET /files/htmlpdf/template/1850/ 2.1ms sql=4
GET /files/htmlpdf/template/1850/ 2.5ms sql=4
GET /files/htmlpdf/template/1850/ 1.8ms sql=4
GET /files/htmlpdf/template/1850/ 1.8ms sql=4
GET /files/htmlpdf/template/1850/ 2.5ms sql=4
GET /files/htmlpdf/template/1850/ 2.3ms sql=4
GET /files/htmlpdf/template/1850/ 2.0ms sql=4
GET /files/htmlpdf/template/1850/ 4.2ms sql=4
GET /files/htmlpdf/template/1850/ 2.2ms sql=4
GET /files/htmlpdf/template/1850/ 1.8ms sql=4
GET /files/htmlpdf/template/1850/ 1.9ms sql=4
GET /files/htmlpdf/template/1850/ 2.0ms sql=4
GET /files/htmlpdf/template/1850/ 1.8ms sql=4
GET /files/htmlpdf/template/1850/ 1.8ms sql=4
GET /files/htmlpdf/template/1850/ 1.8ms sql=4
GET /files/htmlpdf/template/1850/ 1.8ms sql=4
GET /files/htmlpdf/template/1850/ 2.0ms sql=4
GET /files/htmlpdf/template/1850/ 1.9ms sql=4
GET /files/htmlpdf/template/1850/ 1.8ms sql=4
GET /files/htmlpdf/template/1850/ 2.0ms sql=4
GET /files/htmlpdf/template/1850/ 2.2ms sql=4
GET /files/htmlpdf/template/1850/ 1.8ms sql=4
GET /files/htmlpdf/template/1850/ 1.8ms sql=4
GET /files/htmlpdf/template/1850/ 1.8ms sql=4
GET /files/htmlpdf/template/1850/ 1.8ms sql=4
GET /files/htmlpdf/template/1850/ 1.8ms sql=4
GET /files/htmlpdf/template/1850/ 1.8ms sql=4
GET /files/htmlpdf/template/1850/ 1.8ms sql=4
GET /files/htmlpdf/template/1850/ 2.1ms sql=4
GET /files/htmlpdf/template/1850/ 2.0ms sql=4
GET /files/htmlpdf/template/1850/ 2.0ms sql=4
GET /files/htmlpdf/template/1850/ 1.8ms sql=4
GET /files/htmlpdf/template/1850/ 2.0ms sql=4
GET /files/htmlpdf/template/1850/ 1.8ms sql=4
GET /files/htmlpdf/template/1850/ 1.9ms sql=4
GET /files/task-management/ 282.4ms sql=62
GET /files/task-management/ 51.3ms sql=60
GET /files/htmlpdf/ 390.6ms sql=1025
GET /files/htmlpdf/editor/2981/ 4.2ms sql=7
GET /files/htmlpdf/editor/2981/ 4.4ms sql=7
GET /files/htmlpdf/api/template-jsons/ 43.1ms sql=70
GET /files/htmlpdf/template/2981/ 1.7ms sql=4
GET /files/htmlpdf/template/1935/ 1.8ms sql=4
GET /files/htmlpdf/template/1935/ 1.9ms sql=4
GET /files/htmlpdf/template/1935/ 1.8ms sql=4
GET /files/htmlpdf/template/1935/ 2.6ms sql=4
GET /files/htmlpdf/template/1935/ 1.8ms sql=4
GET /files/htmlpdf/template/1935/ 1.9ms sql=4
GET /files/htmlpdf/ 0.3ms sql=0
GET /login/ 0.7ms sql=0
GET /files/task-management/ 111.3ms sql=62
GET /files/htmlpdf/api/auto-red-text-boxes/ 0.2ms sql=0
GET /files/htmlpdf/template/1935/ 0.3ms sql=0
GET /files/htmlpdf/api/export-json/ 0.2ms sql=0
GET /files/htmlpdf/template/2981/ 0.3ms sql=0
GET /login/ 0.9ms sql=0
GET /files/task-management/ 51.3ms sql=60
GET /files/task-management/ 51.1ms sql=60
GET /files/task-management/ 52.7ms sql=60
GET /files/htmlpdf/ 358.0ms sql=1025
GET /files/htmlpdf/editor/2987/ 4.2ms sql=7
GET /files/htmlpdf/editor/2987/ 4.3ms sql=7
GET /files/htmlpdf/api/template-jsons/ 35.7ms sql=70
GET /files/htmlpdf/template/2987/ 1.6ms sql=4
GET /files/htmlpdf/template/1935/ 1.8ms sql=4
GET /files/htmlpdf/template/1935/ 1.8ms sql=4
GET /files/htmlpdf/template/1935/ 2.0ms sql=4
GET /files/htmlpdf/template/1935/ 1.9ms sql=4
GET /files/htmlpdf/template/1935/ 2.2ms sql=4
GET /files/htmlpdf/template/1935/ 1.9ms sql=4
GET /files/htmlpdf/template/1935/ 1.9ms sql=4
GET /files/htmlpdf/template/1935/ 1.8ms sql=4
GET /files/htmlpdf/template/1935/ 1.8ms sql=4
GET /files/htmlpdf/template/1935/ 1.7ms sql=4
GET /files/htmlpdf/template/1935/ 1.8ms sql=4
GET /files/htmlpdf/editor/2987/ 0.4ms sql=0
GET /files/htmlpdf/template/1935/ 1.7ms sql=4
GET /files/htmlpdf/template/1935/ 1.7ms sql=4
GET /files/htmlpdf/template/1935/ 2.7ms sql=4
GET /files/htmlpdf/template/1935/ 1.9ms sql=4
GET /files/htmlpdf/template/1935/ 1.8ms sql=4
GET /files/htmlpdf/template/1935/ 1.8ms sql=4
GET /files/htmlpdf/template/1935/ 2.7ms sql=4
GET /files/htmlpdf/template/1935/ 2.9ms sql=4
GET /files/htmlpdf/template/2987/ 0.3ms sql=0
GET /login/ 0.6ms sql=0
GET /files/htmlpdf/api/template-jsons/ 0.3ms sql=0
GET /login/ 0.6ms sql=0
GET /files/htmlpdf/template/1935/ 1.8ms sql=4
GET /files/htmlpdf/template/1935/ 2.1ms sql=4
GET /files/htmlpdf/template/1935/ 1.8ms sql=4
GET /files/htmlpdf/template/1935/ 1.7ms sql=4
GET /files/htmlpdf/template/1935/ 1.8ms sql=4
GET /files/htmlpdf/template/1935/ 1.8ms sql=4
GET /files/htmlpdf/template/1935/ 1.8ms sql=4
GET /files/htmlpdf/template/1935/ 1.8ms sql=4
GET /files/htmlpdf/template/1935/ 1.8ms sql=4
GET /files/htmlpdf/template/1935/ 1.7ms sql=4
GET /files/htmlpdf/template/1935/ 1.8ms sql=4
GET /files/htmlpdf/template/1935/ 1.9ms sql=4
GET /files/htmlpdf/template/1935/ 1.8ms sql=4
GET /files/htmlpdf/template/1935/ 1.8ms sql=4
GET /files/htmlpdf/template/1935/ 1.8ms sql=4
GET /files/htmlpdf/template/1935/ 1.8ms sql=4
GET /files/htmlpdf/template/1935/ 1.9ms sql=4
GET /files/htmlpdf/template/1935/ 1.8ms sql=4
GET /files/htmlpdf/template/1935/ 1.8ms sql=4
GET /files/htmlpdf/template/1935/ 1.8ms sql=4
GET /files/htmlpdf/template/1935/ 1.7ms sql=4
GET /files/htmlpdf/template/1935/ 1.9ms sql=4
GET /files/htmlpdf/template/1935/ 1.8ms sql=4
GET /files/htmlpdf/template/1935/ 1.8ms sql=4
GET /files/htmlpdf/template/1935/ 1.9ms sql=4
GET /files/htmlpdf/template/1935/ 1.8ms sql=4
GET /files/htmlpdf/template/1935/ 1.8ms sql=4
GET /files/htmlpdf/template/1935/ 1.8ms sql=4
GET /files/htmlpdf/template/1935/ 1.7ms sql=4
GET /files/htmlpdf/template/1935/ 1.8ms sql=4
GET /files/htmlpdf/template/1935/ 2.5ms sql=4
GET /files/htmlpdf/template/1935/ 1.8ms sql=4
GET /files/htmlpdf/template/1935/ 1.9ms sql=4
GET /files/htmlpdf/template/1935/ 1.8ms sql=4
GET /files/htmlpdf/template/1935/ 1.8ms sql=4
GET /files/htmlpdf/template/1935/ 1.7ms sql=4
GET /files/htmlpdf/template/1935/ 1.9ms sql=4
GET /files/htmlpdf/template/1935/ 1.8ms sql=4
GET /files/htmlpdf/template/1935/ 2.8ms sql=4
GET /files/htmlpdf/template/1935/ 1.8ms sql=4
GET /files/htmlpdf/template/1935/ 1.9ms sql=4
GET /files/htmlpdf/template/1935/ 2.0ms sql=4
GET /files/htmlpdf/template/1935/ 2.0ms sql=4
GET /files/htmlpdf/template/1935/ 1.8ms sql=4
GET /files/htmlpdf/template/1935/ 1.9ms sql=4
GET /files/htmlpdf/template/1935/ 2.1ms sql=4
GET /files/htmlpdf/template/1935/ 1.9ms sql=4
GET /files/htmlpdf/template/1935/ 1.8ms sql=4
GET /files/htmlpdf/template/1935/ 1.7ms sql=4
GET /files/htmlpdf/template/1935/ 1.8ms sql=4
GET /files/htmlpdf/template/1935/ 1.8ms sql=4
GET /files/htmlpdf/template/1935/ 1.8ms sql=4
GET /files/htmlpdf/template/1935/ 1.9ms sql=4
GET /files/htmlpdf/template/1935/ 4.6ms sql=4
GET /files/htmlpdf/template/1935/ 1.8ms sql=4
GET /files/ 937.9ms sql=2369
GET /files/task-management/ 124.8ms sql=43
GET /files/task-management/ 0.3ms sql=0
GET /files/task-management/ 0.3ms sql=0
GET /login/ 1.7ms sql=0
GET /login/ 0.6ms sql=0
GET / 0.2ms sql=0
GET /login/ 0.6ms sql=0
GET /files/task-management/ 0.3ms sql=0
GET /login/ 0.6ms sql=0
GET / 10.9ms sql=8
GET /files/ 23.8ms sql=38
GET /files/ 254.5ms sql=240
GET /files/ 182.6ms sql=240
GET /files/ 186.6ms sql=240
GET /files/2978/preview/ 3.5ms sql=4
GET /files/2978/raw/ 1.1ms sql=2
GET /files/ 48.7ms sql=38
GET /files/ 289.9ms sql=376
GET /files/ 287.4ms sql=376
GET /files/ 250.1ms sql=376
GET /files/ 292.7ms sql=376
GET /files/ 256.5ms sql=376
GET /files/ 175.6ms sql=243
GET /files/ 179.0ms sql=243
GET /files/ 177.0ms sql=243
GET /files/2989/preview/ 8.9ms sql=4
GET /files/2989/raw/ 1.1ms sql=2
GET /files/2978/preview/ 3.1ms sql=4
GET /files/2978/raw/ 0.9ms sql=2
GET /files/ 339.8ms sql=376
GET /files/ 264.9ms sql=376
GET /files/ 251.6ms sql=376
GET /files/ 176.5ms sql=246
GET /files/ 182.6ms sql=246
GET /files/ 240.8ms sql=246
GET /files/2990/preview/ 3.7ms sql=4
GET /files/2990/raw/ 1.0ms sql=2
GET /files/ 249.3ms sql=376
GET /files/ 321.9ms sql=376
GET /files/2970/preview/ 3.6ms sql=4
GET /files/2970/raw/ 1.1ms sql=2
GET /files/ 296.4ms sql=376
GET /files/ 279.3ms sql=376
GET /files/ 289.3ms sql=376
GET /files/ 259.0ms sql=376
GET /files/ 184.9ms sql=249
GET /files/ 184.1ms sql=249
GET /files/ 187.4ms sql=249
GET /files/2991/preview/ 5.7ms sql=4
GET /files/2991/raw/ 1.4ms sql=2
GET /files/task-management/ 22.5ms sql=0
GET /login/ 4.6ms sql=0
GET /files/ 334.0ms sql=376
GET /files/ 304.9ms sql=376
GET /files/2970/preview/ 4.2ms sql=4
GET /files/2970/raw/ 1.0ms sql=2
GET /files/ 261.6ms sql=376
GET /files/ 186.1ms sql=252
GET /files/ 184.6ms sql=252
GET /files/ 262.3ms sql=252
GET /files/2992/preview/ 3.4ms sql=4
GET /files/2992/raw/ 0.9ms sql=2
GET /files/ 267.8ms sql=376
GET /files/ 253.3ms sql=376
GET /files/ 259.1ms sql=376
GET /files/ 256.6ms sql=376
GET /files/ 219.1ms sql=255
GET /files/ 186.6ms sql=255
GET /files/ 201.6ms sql=255
GET /files/2993/preview/ 4.6ms sql=4
GET /files/2993/raw/ 1.2ms sql=2
GET /files/ 273.2ms sql=376
GET /files/ 260.6ms sql=376
GET /files/ 254.8ms sql=376
GET /files/ 263.9ms sql=258
GET /files/ 200.0ms sql=258
GET /files/ 193.2ms sql=258
GET /files/2994/preview/ 5.6ms sql=4
GET /files/2994/raw/ 1.3ms sql=2
GET /files/2994/preview/ 3.5ms sql=4
GET /files/2994/raw/ 1.2ms sql=2
GET /files/ 266.3ms sql=376
GET /files/ 280.9ms sql=376
GET /files/ 272.3ms sql=376
GET /files/ 213.5ms sql=261
GET /files/ 189.6ms sql=261
GET /files/ 199.4ms sql=261
GET /files/2995/preview/ 4.1ms sql=4
GET /files/2995/raw/ 1.1ms sql=2
GET / 0.8ms sql=0
GET /login/ 3.1ms sql=0
GET / 0.2ms sql=0
GET / 0.3ms sql=0
GET /login/ 0.6ms sql=0
GET / 0.2ms sql=0
GET /login/ 0.7ms sql=0
GET / 0.2ms sql=0
GET /login/ 0.7ms sql=0
GET / 0.2ms sql=0
GET /login/ 0.6ms sql=0
GET / 0.2ms sql=0
GET /login/ 0.7ms sql=0
GET / 0.2ms sql=0
GET /login/ 0.7ms sql=0
GET / 0.3ms sql=0
GET /login/ 0.6ms sql=0
GET /files/ 259.0ms sql=376
GET /files/ 249.2ms sql=376
GET /files/ 255.7ms sql=376
GET /files/ 192.5ms sql=264
GET /files/ 192.7ms sql=264
GET /files/ 203.1ms sql=264
GET /files/2996/preview/ 4.0ms sql=4
GET /files/2996/raw/ 1.0ms sql=2
GET /files/ 35.4ms sql=38
GET /files/ 349.6ms sql=376
GET /files/ 251.0ms sql=376
GET /files/ 247.5ms sql=376
GET /files/ 249.1ms sql=376
GET /files/2970/preview/ 3.7ms sql=4
GET /files/2970/raw/ 1.5ms sql=2
GET /files/ 308.0ms sql=376
GET /files/ 902.2ms sql=376
GET /files/ 200.4ms sql=267
GET /files/ 198.6ms sql=267
GET /files/ 198.5ms sql=267
GET /files/2997/preview/ 3.9ms sql=4
GET /files/2997/raw/ 0.9ms sql=2
GET /files/ 273.2ms sql=376
GET /files/ 257.9ms sql=376
GET /files/ 277.2ms sql=376
GET /files/ 299.2ms sql=270
GET /files/ 200.8ms sql=270
GET /files/ 230.7ms sql=270
GET /files/2998/preview/ 4.0ms sql=4
GET /files/2998/raw/ 1.0ms sql=2
GET /files/ 173.2ms sql=240
GET /files/projects/ 13.8ms sql=7
GET /files/projects/ 11.0ms sql=6
GET /files/projects/ 9.6ms sql=6
GET /files/projects/ 9.6ms sql=6
GET /files/projects/ 277.3ms sql=798
GET /files/projects/ 402.2ms sql=798
GET /files/projects/ 302.9ms sql=800
GET /files/ 21.5ms sql=38
GET /files/ 343.2ms sql=380
GET /files/ 272.7ms sql=380
GET /files/ 269.1ms sql=380
GET /files/ 278.2ms sql=380
GET /files/3000/preview/ 3.2ms sql=4
GET /files/3000/raw/ 1.6ms sql=2
GET /files/projects/ 31.9ms sql=7
GET /files/projects/ 11.5ms sql=6
GET /files/projects/ 9.5ms sql=6
GET /files/projects/ 10.8ms sql=6
GET /files/projects/ 337.1ms sql=800
GET /files/projects/ 379.2ms sql=800
GET /files/projects/ 387.7ms sql=802
GET /files/ 32.4ms sql=38
GET /files/ 274.4ms sql=384
GET /files/ 270.9ms sql=384
GET /files/ 260.4ms sql=384
GET /files/ 297.5ms sql=384
GET /files/3002/preview/ 8.7ms sql=4
GET /files/3002/raw/ 1.1ms sql=2
GET /files/projects/ 13.8ms sql=6
GET /files/projects/ 10.4ms sql=6
GET /files/projects/ 12.4ms sql=6
GET /files/projects/ 10.3ms sql=6
GET /files/projects/ 299.9ms sql=802
GET /files/projects/ 352.6ms sql=802
GET /files/projects/ 299.6ms sql=804
GET /files/ 22.2ms sql=38
GET /files/ 288.7ms sql=388
GET /files/ 361.5ms sql=388
GET /files/ 263.9ms sql=388
GET /files/ 265.1ms sql=388
GET /files/3004/preview/ 3.4ms sql=4
GET /files/3004/raw/ 1.6ms sql=2
GET /api/v2/library/files/2915/download/ 11.0ms sql=0
GET /files/htmlpdf/ 143.4ms sql=225
GET /files/htmlpdf/ 133.5ms sql=225
GET /files/htmlpdf/ 126.2ms sql=226
GET /files/htmlpdf/ 139.0ms sql=230
GET /files/htmlpdf/ 133.2ms sql=227
GET /files/htmlpdf/editor/1927/ 5.2ms sql=5
GET /files/htmlpdf/editor/1927/ 4.7ms sql=5
GET /files/htmlpdf/template/1927/ 70.0ms sql=2
GET /files/htmlpdf/api/template-jsons/ 207.8ms sql=13
GET /files/task-management/ 103.7ms sql=48
GET /files/ 100.8ms sql=38
GET /files/projects/ 18.8ms sql=7
GET /files/projects/ 10.2ms sql=6
GET /files/projects/ 11.2ms sql=6
GET /files/projects/ 11.2ms sql=6
GET /files/projects/ 293.5ms sql=804
GET /files/projects/ 376.7ms sql=804
GET /files/projects/ 351.5ms sql=806
GET /files/ 20.7ms sql=38
GET /files/ 264.2ms sql=392
GET /files/ 269.4ms sql=392
GET /files/ 266.0ms sql=392
GET /files/ 276.8ms sql=392
GET /files/3006/preview/ 4.5ms sql=4
GET /files/3006/raw/ 1.2ms sql=2
GET /files/htmlpdf/ 139.2ms sql=225
GET /files/htmlpdf/ 138.7ms sql=225
GET /files/htmlpdf/ 128.8ms sql=226
GET /files/htmlpdf/ 149.2ms sql=230
GET /files/htmlpdf/editor/1558/ 4.6ms sql=5
GET /files/htmlpdf/editor/1558/ 4.3ms sql=5
GET /files/htmlpdf/template/1558/ 8.1ms sql=2
GET /files/htmlpdf/api/template-jsons/ 706.9ms sql=13
GET /files/task-management/ 205.8ms sql=48
GET /files/ 33.1ms sql=38
GET /files/projects/ 13.8ms sql=6
GET /files/projects/ 10.3ms sql=6
GET /files/projects/ 11.6ms sql=6
GET /files/projects/ 9.6ms sql=6
GET /files/projects/ 403.6ms sql=806
GET /files/projects/ 301.0ms sql=806
GET /files/projects/ 506.0ms sql=808
GET /files/ 21.8ms sql=38
GET /files/ 294.2ms sql=396
GET /files/ 302.2ms sql=396
GET /files/ 266.7ms sql=396
GET /files/ 304.9ms sql=396
GET /files/3008/preview/ 4.4ms sql=4
GET /files/3008/raw/ 1.1ms sql=2
GET /api/v2/inspections/projects/260001/tasks/28/export-frontend-json 12.4ms sql=0
GET /files/ 30.6ms sql=38
GET /files/ 268.8ms sql=396
GET /files/ 273.4ms sql=396
GET /files/ 268.3ms sql=396
GET /files/ 274.6ms sql=396
GET /files/ 343.7ms sql=396
GET /files/ 180.9ms sql=243
GET /files/ 181.9ms sql=243
GET /files/ 200.6ms sql=243
GET /files/3009/preview/ 5.1ms sql=4
GET /files/3009/raw/ 1.0ms sql=2
GET /files/ 318.5ms sql=396
GET /files/ 275.5ms sql=396
GET /files/3008/preview/ 3.2ms sql=4
GET /files/3008/raw/ 1.1ms sql=2
GET /files/htmlpdf/ 133.1ms sql=226
GET /files/htmlpdf/ 138.2ms sql=225
GET /files/htmlpdf/ 135.5ms sql=226
GET /files/htmlpdf/ 134.6ms sql=230
GET /files/htmlpdf/editor/1740/ 3.7ms sql=5
GET /files/htmlpdf/editor/1740/ 3.9ms sql=5
GET /files/htmlpdf/api/template-jsons/ 30.0ms sql=12
GET /files/htmlpdf/template/1740/ 1.0ms sql=2
GET /files/task-management/ 63.1ms sql=47
GET /api/v2/library/files/2927/download 22.0ms sql=0
GET /api/v2/library/files/2927/download/ 17.1ms sql=0
GET /files/ 46.2ms sql=38
GET /files/ 268.8ms sql=396
GET /files/ 268.9ms sql=396
GET /files/ 268.1ms sql=396
GET /files/ 279.2ms sql=396
GET /files/ 266.8ms sql=396
GET /files/ 207.2ms sql=264
GET /files/ 248.2ms sql=264
GET /files/ 208.8ms sql=264
GET /files/3016/preview/ 10.3ms sql=4
GET /files/3016/raw/ 1.1ms sql=2
GET /files/ 326.5ms sql=396
GET /files/ 283.6ms sql=396
GET /files/ 275.2ms sql=396
GET /files/ 300.7ms sql=396
GET /files/ 269.1ms sql=396
GET /files/ 225.4ms sql=267
GET /files/ 199.6ms sql=267
GET /files/ 203.7ms sql=267
GET /files/3017/preview/ 10.0ms sql=4
GET /files/3017/raw/ 1.5ms sql=2
GET / 6.0ms sql=0
GET /login/ 10.0ms sql=0
GET /files/3017/preview/ 7.3ms sql=4
GET /files/3017/raw/ 1.4ms sql=2
GET /files/ 342.1ms sql=396
GET /files/ 275.6ms sql=396
GET /files/ 337.8ms sql=396
GET /files/ 220.5ms sql=270
GET /files/ 268.5ms sql=270
GET /files/ 201.3ms sql=270
GET /files/3018/preview/ 3.4ms sql=4
GET /files/3018/raw/ 1.1ms sql=2
GET /files/htmlpdf/ 134.0ms sql=226
GET /files/htmlpdf/ 127.8ms sql=225
GET /files/htmlpdf/ 126.5ms sql=226
GET /files/htmlpdf/ 134.5ms sql=230
GET /files/htmlpdf/editor/1740/ 5.7ms sql=5
GET /files/htmlpdf/editor/1740/ 5.5ms sql=5
GET /files/htmlpdf/api/template-jsons/ 26.4ms sql=12
GET /files/htmlpdf/template/1740/ 7.7ms sql=2
GET /files/htmlpdf/template/1558/ 1.2ms sql=2
GET /files/htmlpdf/ 137.6ms sql=226
GET /files/htmlpdf/ 130.9ms sql=225
GET /files/htmlpdf/ 128.4ms sql=226
GET /files/htmlpdf/ 136.6ms sql=230
GET /files/htmlpdf/editor/1740/ 4.3ms sql=5
GET /files/htmlpdf/editor/1740/ 3.8ms sql=5
GET /files/htmlpdf/api/template-jsons/ 18.1ms sql=12
GET /files/htmlpdf/template/1740/ 2.7ms sql=2
GET /files/htmlpdf/template/1558/ 2.8ms sql=2
GET /files/htmlpdf/template/1558/ 1.1ms sql=2
GET /files/htmlpdf/template/1558/ 1.0ms sql=2
GET /files/htmlpdf/template/1558/ 4.2ms sql=2
GET /files/task-management/ 65.8ms sql=48
GET /files/ 27.5ms sql=38
GET /files/ 269.4ms sql=396
GET /files/ 335.4ms sql=396
GET /files/ 310.2ms sql=396
GET /files/ 279.5ms sql=396
GET /files/ 912.9ms sql=38
GET /files/ 108.6ms sql=38
GET /files/ 437.8ms sql=38
GET /files/ 65.1ms sql=38
GET /files/ 658.8ms sql=396
GET /files/ 230.3ms sql=273
GET /files/ 225.6ms sql=273
GET /files/3019/preview/ 3.9ms sql=4
GET /files/3019/raw/ 0.9ms sql=2
GET /files/ 273.5ms sql=396
GET /files/ 280.0ms sql=396
GET /files/3008/preview/ 4.5ms sql=4
GET /files/3008/raw/ 1.2ms sql=2
GET /files/ 295.5ms sql=396
GET /files/ 209.6ms sql=276
GET /files/ 210.3ms sql=276
GET /files/ 271.5ms sql=276
GET /files/3020/preview/ 5.8ms sql=4
GET /files/3020/raw/ 1.6ms sql=2
GET /files/ 207.5ms sql=231
GET /files/ 353.4ms sql=396
GET /files/ 275.4ms sql=396
GET /files/ 293.8ms sql=396
GET /files/ 271.6ms sql=396
GET /files/ 478.2ms sql=396
GET /files/ 241.0ms sql=234
GET /files/ 182.6ms sql=234
GET /files/ 174.5ms sql=234
GET /files/3021/preview/ 3.7ms sql=4
GET /files/3021/raw/ 1.5ms sql=2
GET /files/ 334.1ms sql=396
GET /files/ 274.6ms sql=396
GET /files/ 284.7ms sql=396
GET /files/ 179.0ms sql=237
GET /files/ 175.0ms sql=237
GET /files/ 174.4ms sql=237
GET /files/3022/preview/ 3.9ms sql=4
GET /files/3022/raw/ 1.1ms sql=2
GET /files/ 205.9ms sql=237
GET /files/ 327.1ms sql=396
GET /files/ 271.7ms sql=396
GET /files/ 414.2ms sql=396
GET /files/ 176.5ms sql=240
GET /files/ 176.0ms sql=240
GET /files/ 176.1ms sql=240
GET /files/3023/preview/ 3.9ms sql=4
GET /files/3023/raw/ 1.0ms sql=2
GET /files/ 307.7ms sql=396
GET /files/ 295.6ms sql=396
GET /files/3008/preview/ 3.1ms sql=4
GET /files/3008/raw/ 1.1ms sql=2
GET /files/ 352.9ms sql=396
GET / 1.0ms sql=0
GET / 0.2ms sql=0
GET / 0.2ms sql=0
GET /login/ 1.2ms sql=0
GET / 0.2ms sql=0
GET /login/ 0.8ms sql=0
GET / 0.2ms sql=0
GET /login/ 0.6ms sql=0
GET /favicon.ico 4.4ms sql=0
GET /files/ 178.1ms sql=243
GET /files/ 179.8ms sql=243
GET /files/ 189.1ms sql=243
GET /files/3024/preview/ 4.1ms sql=4
GET /files/3024/raw/ 1.6ms sql=2
GET /files/ 276.2ms sql=396
GET /files/projects/ 18.2ms sql=7
GET /files/projects/ 88.0ms sql=6
GET /files/projects/ 13.2ms sql=6
GET /files/projects/ 12.0ms sql=6
GET /files/projects/ 302.5ms sql=809
GET /files/projects/ 282.6ms sql=809
GET /files/projects/ 347.7ms sql=811
GET /files/ 21.1ms sql=38
GET /files/ 267.1ms sql=400
GET /files/ 280.1ms sql=400
GET /files/ 271.2ms sql=400
GET /files/ 273.0ms sql=400
GET /files/3026/preview/ 3.4ms sql=4
GET /files/3026/raw/ 1.7ms sql=2
GET /files/ 23.8ms sql=38
GET /files/ 285.4ms sql=400
GET /files/ 379.4ms sql=400
GET /files/ 268.7ms sql=400
GET /files/ 269.0ms sql=400
GET /files/ 350.2ms sql=400
GET /files/ 207.6ms sql=246
GET /files/ 182.4ms sql=246
GET /files/ 177.5ms sql=246
GET /files/3027/preview/ 3.2ms sql=4
GET /files/3027/raw/ 1.1ms sql=2
GET /files/3027/preview/ 3.4ms sql=4
GET /files/3027/raw/ 1.0ms sql=2
GET /files/ 308.3ms sql=400
GET /files/ 290.5ms sql=400
GET /files/3026/preview/ 4.5ms sql=4
GET /files/3026/raw/ 1.5ms sql=2
GET /files/commission-manage/ 77.5ms sql=37
GET /files/projects/ 16.5ms sql=7
GET /files/projects/ 12.3ms sql=6
GET /files/projects/ 63.3ms sql=6
GET /files/projects/ 11.7ms sql=6
GET /files/projects/ 299.8ms sql=812
GET /files/projects/ 310.3ms sql=812
GET /files/projects/ 283.9ms sql=814
GET /files/ 24.9ms sql=38
GET /files/ 308.8ms sql=404
GET /files/ 285.1ms sql=404
GET /files/ 331.6ms sql=404
GET /files/ 277.8ms sql=404
GET /files/2970/preview/ 4.2ms sql=4
GET /files/2970/raw/ 1.0ms sql=2
GET /files/projects/ 10.6ms sql=6
GET /files/projects/ 9.3ms sql=6
GET /files/projects/ 9.6ms sql=6
GET /files/projects/ 13.1ms sql=6
GET /files/projects/ 284.7ms sql=814
GET /files/projects/ 314.6ms sql=814
GET /files/projects/ 380.3ms sql=818
GET /files/ 20.3ms sql=38
GET /files/ 279.5ms sql=412
GET /files/ 284.3ms sql=412
GET /files/ 286.4ms sql=412
GET /files/ 274.4ms sql=412
GET /files/3033/preview/ 3.7ms sql=4
GET /files/3033/raw/ 1.3ms sql=2
GET /files/ 310.3ms sql=412
GET /files/ 279.5ms sql=412
GET /files/3031/preview/ 4.5ms sql=4
GET /files/3031/raw/ 1.0ms sql=2
GET / 1.2ms sql=0
GET /login/ 1.1ms sql=0
GET /files/ 308.3ms sql=412
GET /files/ 183.2ms sql=249
GET /files/ 186.5ms sql=249
GET /files/ 184.0ms sql=249
GET /files/3034/preview/ 4.0ms sql=4
GET /files/3034/raw/ 1.1ms sql=2
GET /files/ 278.6ms sql=412
GET /files/ 348.1ms sql=412
GET /files/3031/preview/ 5.2ms sql=4
GET /files/3031/raw/ 1.0ms sql=2
GET /files/ 418.6ms sql=412
GET /files/ 289.5ms sql=412
GET /files/ 202.0ms sql=255
GET /files/ 247.0ms sql=255
GET /files/ 199.2ms sql=255
GET /files/3036/preview/ 5.2ms sql=4
GET /files/3036/raw/ 1.1ms sql=2
GET / 19.2ms sql=0
GET / 0.2ms sql=0
GET / 0.6ms sql=0
GET /login/ 8.8ms sql=0
GET / 0.2ms sql=0
GET /login/ 0.8ms sql=0
GET /files/ 398.7ms sql=412
GET /files/ 343.5ms sql=412
GET /files/ 294.1ms sql=412
GET /files/ 277.8ms sql=412
GET /files/ 340.0ms sql=412
GET /files/ 280.3ms sql=412
GET /files/ 293.1ms sql=412
GET /files/ 275.8ms sql=412
GET /files/ 211.1ms sql=261
GET /files/ 191.4ms sql=261
GET /files/ 193.6ms sql=261
GET /files/3038/preview/ 6.7ms sql=4
GET /files/3038/raw/ 1.5ms sql=2
GET /files/htmlpdf/ 135.5ms sql=226
GET /files/htmlpdf/ 133.7ms sql=225
GET /files/htmlpdf/ 140.6ms sql=226
GET /files/htmlpdf/ 131.6ms sql=232
GET /files/htmlpdf/editor/1991/ 4.6ms sql=5
GET /files/htmlpdf/editor/1991/ 4.4ms sql=5
GET /files/htmlpdf/template/1991/ 7.6ms sql=2
GET /files/htmlpdf/api/template-jsons/ 348.2ms sql=13
GET /files/ 623.0ms sql=307
GET /files/ 55.8ms sql=38
GET /files/ 347.5ms sql=412
GET /files/ 282.3ms sql=412
GET /files/ 286.3ms sql=412
GET /files/ 322.6ms sql=412
GET /files/ 363.0ms sql=412
GET /files/ 241.2ms sql=276
GET /files/ 230.3ms sql=276
GET /files/ 228.2ms sql=276
GET /files/3044/preview/ 4.1ms sql=4
GET /files/3044/raw/ 1.4ms sql=2
GET /files/ 281.8ms sql=412
GET /files/projects/ 18.8ms sql=7
GET /files/ 28.5ms sql=38
GET /files/ 23.3ms sql=38
GET /files/ 284.4ms sql=412
GET /files/ 299.6ms sql=412
GET /files/ 278.4ms sql=412
GET /files/ 421.3ms sql=412
GET /files/ 325.7ms sql=412
GET /files/3031/preview/ 4.0ms sql=4
GET /files/3031/raw/ 1.2ms sql=2
GET /files/projects/ 11.5ms sql=6
GET /files/projects/ 12.0ms sql=6
GET /files/projects/ 10.4ms sql=6
GET /files/projects/ 13.0ms sql=6
GET /files/projects/ 336.1ms sql=828
GET /files/projects/ 386.7ms sql=828
GET /files/projects/ 380.6ms sql=832
GET /files/ 27.2ms sql=38
GET /files/ 291.3ms sql=420
GET /files/ 310.3ms sql=420
GET /files/ 344.6ms sql=420
GET /files/ 286.7ms sql=420
GET /files/3046/preview/ 4.1ms sql=4
GET /files/3046/raw/ 1.1ms sql=2
GET /files/projects/ 38.2ms sql=7
GET /files/projects/ 9.7ms sql=6
GET /files/projects/ 9.6ms sql=6
GET /files/projects/ 10.2ms sql=6
GET /files/projects/ 364.1ms sql=833
GET /files/projects/ 291.4ms sql=833
GET /files/projects/ 358.9ms sql=835
GET /files/ 26.8ms sql=38
GET /files/ 283.7ms sql=424
GET /files/ 285.6ms sql=424
GET /files/ 308.2ms sql=424
GET /files/ 357.9ms sql=424
GET /files/ 308.8ms sql=424
GET /files/ 211.0ms sql=282
GET /files/ 208.5ms sql=282
GET /files/ 214.6ms sql=282
GET /files/3052/preview/ 4.3ms sql=4
GET /files/3052/raw/ 1.5ms sql=2
GET /files/projects/ 44.8ms sql=7
GET /files/projects/ 11.7ms sql=6
GET /files/projects/ 9.9ms sql=6
GET /files/projects/ 10.6ms sql=6
GET /files/projects/ 367.2ms sql=836
GET /files/projects/ 307.8ms sql=836
GET /files/ 1772.6ms sql=428
GET /files/projects/ 705.8ms sql=841
GET /files/ 326.7ms sql=432
GET /files/ 305.0ms sql=432
GET /files/ 317.7ms sql=432
GET /files/3055/preview/ 4.6ms sql=4
GET /files/3055/raw/ 1.1ms sql=2
GET /files/projects/ 408.9ms sql=848
GET /files/ 337.9ms sql=440
GET /files/ 498.7ms sql=440
GET /files/ 278.1ms sql=294
GET /files/ 266.8ms sql=294
GET /files/ 252.2ms sql=294
GET /files/3064/preview/ 4.5ms sql=4
GET /files/3064/raw/ 1.1ms sql=2
GET /files/ 321.1ms sql=440
GET /files/ 295.8ms sql=440
GET /files/ 461.6ms sql=440
GET /files/ 381.4ms sql=440
GET /files/3061/preview/ 3.4ms sql=4
GET /files/3061/raw/ 1.1ms sql=2
GET /files/projects/ 412.3ms sql=851
GET /files/htmlpdf/ 167.5ms sql=226
GET /files/htmlpdf/ 195.0ms sql=225
GET /files/htmlpdf/ 141.8ms sql=226
GET /files/htmlpdf/ 156.6ms sql=232
GET /files/htmlpdf/editor/1922/ 4.8ms sql=5
GET /files/htmlpdf/editor/1922/ 3.5ms sql=5
GET /files/htmlpdf/api/template-jsons/ 24.1ms sql=12
GET /files/htmlpdf/template/1922/ 5.2ms sql=2
GET /files/htmlpdf/template/1991/ 2.1ms sql=2
GET /files/htmlpdf/template/1991/ 2.2ms sql=2
GET /files/htmlpdf/template/1991/ 2.2ms sql=2
GET /files/htmlpdf/template/1991/ 2.6ms sql=2
GET /files/htmlpdf/template/1991/ 3.1ms sql=2
GET /files/htmlpdf/template/1991/ 2.2ms sql=2
GET /files/htmlpdf/template/1991/ 1.4ms sql=2
GET /files/htmlpdf/template/1991/ 2.5ms sql=2
GET /files/htmlpdf/template/1991/ 2.3ms sql=2
GET /files/htmlpdf/template/1991/ 2.5ms sql=2
GET /files/htmlpdf/template/1991/ 2.7ms sql=2
GET /files/htmlpdf/template/1991/ 2.4ms sql=2
GET /files/htmlpdf/template/1991/ 3.0ms sql=2
GET /files/htmlpdf/template/1991/ 2.2ms sql=2
GET /files/htmlpdf/template/1991/ 2.7ms sql=2
GET /files/htmlpdf/template/1991/ 3.1ms sql=2
GET /files/htmlpdf/template/1991/ 1.1ms sql=2
GET /files/htmlpdf/template/1991/ 1.1ms sql=2
GET /files/htmlpdf/template/1991/ 2.3ms sql=2
GET /files/htmlpdf/template/1991/ 3.6ms sql=2
GET /files/htmlpdf/template/1991/ 2.6ms sql=2
GET /files/htmlpdf/template/1991/ 1.5ms sql=2
GET /files/htmlpdf/template/1991/ 2.5ms sql=2
GET /files/htmlpdf/template/1991/ 2.2ms sql=2
GET /files/htmlpdf/template/1991/ 2.1ms sql=2
GET /files/htmlpdf/template/1991/ 1.0ms sql=2
GET /files/htmlpdf/template/1991/ 3.3ms sql=2
GET /files/htmlpdf/template/1991/ 3.0ms sql=2
GET /files/htmlpdf/template/1991/ 2.6ms sql=2
GET /files/htmlpdf/template/1991/ 2.4ms sql=2
GET /files/htmlpdf/template/1991/ 3.4ms sql=2
GET /files/htmlpdf/template/1991/ 2.2ms sql=2
GET /files/htmlpdf/template/1991/ 2.2ms sql=2
GET /files/htmlpdf/template/1991/ 2.8ms sql=2
GET /files/htmlpdf/template/1991/ 2.2ms sql=2
GET /files/htmlpdf/template/2633/ 1.1ms sql=2
GET /files/htmlpdf/template/2633/ 0.9ms sql=2
GET /files/htmlpdf/template/2633/ 1.4ms sql=2
GET /files/htmlpdf/template/2633/ 1.4ms sql=2
GET /files/htmlpdf/template/2633/ 1.5ms sql=2
GET /files/htmlpdf/template/2633/ 1.0ms sql=2
GET /files/htmlpdf/template/1991/ 1.8ms sql=2
GET /files/htmlpdf/template/2633/ 1.0ms sql=2
GET /files/htmlpdf/template/1991/ 2.3ms sql=2
GET /files/htmlpdf/template/1991/ 2.2ms sql=2
GET /files/htmlpdf/template/2633/ 1.3ms sql=2
GET /files/htmlpdf/template/2633/ 1.1ms sql=2
GET /files/htmlpdf/template/1991/ 1.0ms sql=2
GET /files/htmlpdf/template/2633/ 1.6ms sql=2
GET /files/htmlpdf/template/1991/ 2.4ms sql=2
GET /files/htmlpdf/template/2633/ 1.0ms sql=2
GET /files/htmlpdf/template/1991/ 1.4ms sql=2
GET /files/htmlpdf/template/2633/ 1.5ms sql=2
GET /files/htmlpdf/template/1991/ 2.2ms sql=2
GET /files/htmlpdf/template/2633/ 1.1ms sql=2
GET /files/ 643.6ms sql=307
GET /files/ 325.0ms sql=444
GET /files/ 305.0ms sql=444
GET /files/ 298.8ms sql=444
GET /files/ 319.5ms sql=444
GET /files/ 337.6ms sql=444
GET /files/ 298.2ms sql=444
GET /files/ 301.2ms sql=444
GET /files/ 411.0ms sql=444
GET /files/ 312.2ms sql=444
GET /files/ 336.5ms sql=444
GET /files/ 492.5ms sql=444
GET /files/ 224.8ms sql=297
GET /files/ 219.3ms sql=297
GET /files/ 249.1ms sql=297
GET /files/3068/preview/ 4.1ms sql=4
GET /files/3068/raw/ 1.0ms sql=2
GET /files/htmlpdf/ 146.8ms sql=225
GET /files/htmlpdf/ 132.1ms sql=225
GET /files/htmlpdf/ 155.7ms sql=226
GET /files/htmlpdf/ 138.5ms sql=226
GET /files/htmlpdf/ 134.3ms sql=232
GET /files/htmlpdf/editor/1922/ 4.9ms sql=5
GET /files/htmlpdf/editor/1922/ 3.8ms sql=5
GET /files/htmlpdf/api/template-jsons/ 20.0ms sql=12
GET /files/htmlpdf/template/1922/ 1.9ms sql=2
GET /files/task-management/ 100.3ms sql=48
GET /files/ 29.6ms sql=38
GET /files/ 379.5ms sql=444
GET /files/ 361.9ms sql=444
GET /files/ 341.9ms sql=444
GET /files/ 333.0ms sql=444
GET /files/ 372.4ms sql=444
GET /files/htmlpdf/ 162.5ms sql=225
GET /files/htmlpdf/ 165.0ms sql=225
GET /files/htmlpdf/ 138.1ms sql=226
GET /files/htmlpdf/ 160.3ms sql=232
GET /files/htmlpdf/editor/1991/ 4.0ms sql=5
GET /files/htmlpdf/editor/1991/ 5.5ms sql=5
GET /files/htmlpdf/template/1991/ 16.4ms sql=2
GET /files/htmlpdf/api/template-jsons/ 352.0ms sql=13
GET /files/htmlpdf/editor/1991/ 26.2ms sql=5
GET /files/htmlpdf/template/1991/ 15.2ms sql=2
GET /files/htmlpdf/api/template-jsons/ 393.8ms sql=13
GET /files/htmlpdf/editor/1991/ 22.2ms sql=5
GET /files/htmlpdf/template/1991/ 8.6ms sql=2
GET /files/htmlpdf/api/template-jsons/ 288.2ms sql=13
GET /files/ 512.2ms sql=307
GET /files/projects/ 340.7ms sql=855
GET /files/ 30.8ms sql=38
GET /files/ 376.4ms sql=448
GET /files/ 386.8ms sql=448
GET /files/ 459.6ms sql=448
GET /files/ 340.2ms sql=448
GET /files/3072/preview/ 4.1ms sql=4
GET /files/3072/raw/ 1.8ms sql=2
GET /files/htmlpdf/ 175.0ms sql=226
GET /files/htmlpdf/ 184.3ms sql=225
GET /files/htmlpdf/ 131.3ms sql=226
GET /files/htmlpdf/ 139.7ms sql=230
GET /files/htmlpdf/editor/1762/ 4.8ms sql=5
GET /files/htmlpdf/editor/1762/ 4.0ms sql=5
GET /files/htmlpdf/template/1762/ 15.5ms sql=2
GET /files/htmlpdf/api/template-jsons/ 782.6ms sql=13
GET /files/ 576.9ms sql=304
GET /files/task-management/ 87.8ms sql=47
GET /files/projects/ 13.5ms sql=6
GET /files/projects/ 10.5ms sql=6
GET /files/projects/ 11.2ms sql=6
GET /files/projects/ 10.1ms sql=6
GET /files/projects/ 413.6ms sql=855
GET /files/projects/ 325.5ms sql=855
GET /files/ 1620.3ms sql=38
GET /files/projects/ 326.2ms sql=857
GET /files/ 341.9ms sql=456
GET /files/ 330.7ms sql=456
GET /files/ 408.7ms sql=456
GET /files/ 318.6ms sql=456
GET /files/projects/ 401.2ms sql=859
GET /files/ 335.9ms sql=460
GET /files/ 357.2ms sql=460
GET /files/ 324.1ms sql=460
GET /files/ 332.7ms sql=460
GET /files/ 334.5ms sql=460
GET /files/task-management/ 45.1ms sql=36
GET /files/task-management/ 46.2ms sql=36
GET /files/task-management/ 143.6ms sql=37
GET /files/task-management/ 70.4ms sql=47
GET /files/htmlpdf/editor/1790/ 4.1ms sql=5
GET /files/htmlpdf/editor/1790/ 4.5ms sql=5
GET /files/htmlpdf/api/template-jsons/ 50.7ms sql=12
GET /files/htmlpdf/template/1790/ 1.2ms sql=2
GET /files/ 609.0ms sql=298
GET /files/task-management/ 57.8ms sql=47
GET /files/ 22.6ms sql=38
GET /files/ 328.3ms sql=460
GET /files/ 339.8ms sql=460
GET /files/ 321.9ms sql=460
GET /files/ 327.7ms sql=460
GET /files/ 339.1ms sql=460
GET /files/ 309.2ms sql=303
GET /files/ 230.7ms sql=303
GET /files/ 234.3ms sql=303
GET /files/3081/preview/ 4.2ms sql=4
GET /files/3081/raw/ 1.1ms sql=2
GET /files/projects/ 41.0ms sql=7
GET /files/hospital-info/ 5.5ms sql=4
GET /files/task-management/ 107.6ms sql=36
GET /files/task-management/ 45.1ms sql=36
GET /files/task-management/ 42.8ms sql=37
GET /files/task-management/ 56.4ms sql=47
GET /files/task-management/ 95.0ms sql=48
GET /files/1762/preview/ 4.1ms sql=4
GET /files/1762/raw/ 1.5ms sql=2
GET /files/task-management/ 42.3ms sql=37
GET /files/task-management/ 122.9ms sql=47
GET /files/1790/preview/ 3.5ms sql=4
GET /files/1790/raw/ 1.1ms sql=2
GET /files/1790/preview/ 25.6ms sql=4
GET /files/1790/raw/ 1.1ms sql=2
GET /files/ 31.3ms sql=38
GET /files/task-management/ 182.6ms sql=38
GET /files/task-management/ 85.8ms sql=47
GET /files/ 26.3ms sql=38
GET /files/ 399.2ms sql=460
GET /files/ 339.3ms sql=460
GET /files/ 296.6ms sql=303
GET /files/ 243.4ms sql=303
GET /files/ 313.3ms sql=303
GET /files/3069/preview/ 4.2ms sql=4
GET /files/3069/raw/ 1.0ms sql=2
GET /files/ 20.1ms sql=38
GET /files/ 231.0ms sql=303
GET /files/ 232.5ms sql=303
GET /files/ 229.8ms sql=303
GET / 1.6ms sql=0
GET /login/ 2.0ms sql=0
GET /api/v2/inspections/projects/260001/tasks/01/files/3079/download/site_record 11.5ms sql=0
GET /api/v2/inspections/projects/260001/tasks/35/files/site_record 3.0ms sql=0
GET / 0.3ms sql=0
GET /login/ 0.6ms sql=0
GET / 0.2ms sql=0
GET /api/v2/inspections/projects 3.3ms sql=0
GET / 0.3ms sql=0
GET / 0.2ms sql=0
GET /login/ 0.6ms sql=0
GET /favicon.ico 13.0ms sql=0
GET / 0.2ms sql=0
GET /login/ 0.7ms sql=0
GET /favicon.ico 3.9ms sql=0
GET / 0.2ms sql=0
GET /login/ 0.9ms sql=0
GET / 0.2ms sql=0
GET /login/ 0.6ms sql=0
GET /index/index/info 8.0ms sql=0
GET /api/Event/Products/Average 3.7ms sql=0
GET / 0.3ms sql=0
GET /jw 4.0ms sql=0
GET /index.php/user/login 3.3ms sql=0
GET /index/index/info 3.8ms sql=0
GET /jw 3.2ms sql=0
GET /files/ 24.6ms sql=38
GET /files/ 346.5ms sql=460
GET /files/ 329.5ms sql=460
GET /files/ 342.5ms sql=460
GET /files/ 354.2ms sql=460
GET /files/2959/preview/ 6.6ms sql=4
GET /files/2959/raw/ 1.0ms sql=2
GET /files/htmlpdf/ 143.3ms sql=225
GET /files/htmlpdf/ 132.7ms sql=225
GET /files/htmlpdf/ 150.5ms sql=226
GET /files/htmlpdf/ 157.6ms sql=230
GET /files/htmlpdf/editor/2927/ 7.6ms sql=5
GET /files/htmlpdf/editor/2927/ 4.2ms sql=5
GET /files/htmlpdf/api/template-jsons/ 23.6ms sql=13
GET /files/htmlpdf/template/2927/ 1.1ms sql=2
GET /files/ 472.8ms sql=298
GET /index/index/info 3.5ms sql=0
GET /files/task-management/ 59.9ms sql=47
GET /files/htmlpdf/editor/2927/ 3.4ms sql=5
GET /files/htmlpdf/editor/2927/ 3.5ms sql=5
GET /files/htmlpdf/api/template-jsons/ 15.0ms sql=13
GET /files/htmlpdf/template/2927/ 1.0ms sql=2
GET /files/htmlpdf/editor/2927/ 25.5ms sql=5
GET /files/htmlpdf/api/template-jsons/ 24.7ms sql=13
GET /files/htmlpdf/template/2927/ 6.7ms sql=2
GET /files/task-management/ 148.6ms sql=48
GET /files/ 349.8ms sql=460
GET /files/ 319.6ms sql=460
GET /files/ 329.9ms sql=460
GET /files/ 361.5ms sql=460
GET /files/ 416.9ms sql=460
GET /files/ 345.2ms sql=460
GET /files/ 260.2ms sql=303
GET /files/ 230.9ms sql=303
GET /files/3081/preview/ 4.2ms sql=4
GET /files/3081/raw/ 1.2ms sql=2
GET /files/ 346.0ms sql=460
GET /files/ 347.2ms sql=460
GET /files/ 328.1ms sql=460
GET /files/ 351.3ms sql=460
GET /files/ 437.2ms sql=460
GET /files/3072/preview/ 5.1ms sql=4
GET /files/3072/raw/ 1.2ms sql=2
GET /files/ 317.7ms sql=460
GET /files/ 271.7ms sql=306
GET /files/ 244.2ms sql=306
GET /files/ 245.6ms sql=306
GET /files/3083/preview/ 3.7ms sql=4
GET /files/3083/raw/ 1.6ms sql=2
GET /files/htmlpdf/ 163.0ms sql=225
GET /files/htmlpdf/ 138.9ms sql=225
GET /files/htmlpdf/ 151.5ms sql=226
GET /files/htmlpdf/ 140.9ms sql=230
GET /files/htmlpdf/editor/2063/ 4.0ms sql=5
GET /files/htmlpdf/editor/2063/ 3.8ms sql=5
GET /files/htmlpdf/template/2063/ 2.0ms sql=2
GET /files/htmlpdf/api/template-jsons/ 150.6ms sql=12
GET /files/task-management/ 63.0ms sql=47
GET /files/task-management/ 50.2ms sql=37
GET /files/task-management/ 42.4ms sql=37
GET /files/htmlpdf/ 132.9ms sql=225
GET /files/htmlpdf/ 128.6ms sql=225
GET /files/htmlpdf/ 132.4ms sql=226
GET /files/htmlpdf/ 141.8ms sql=230
GET /files/htmlpdf/editor/2987/ 3.7ms sql=5
GET /files/htmlpdf/editor/2987/ 4.0ms sql=5
GET /files/htmlpdf/api/template-jsons/ 23.9ms sql=12
GET /files/htmlpdf/template/2987/ 1.3ms sql=2
GET /files/ 72.0ms sql=38
GET /files/ 443.9ms sql=460
GET /files/ 328.4ms sql=460
GET /files/ 310.4ms sql=460
GET /files/ 318.6ms sql=460
GET /files/ 323.9ms sql=460
GET /files/ 351.9ms sql=460
GET /files/ 328.6ms sql=460
GET /files/ 374.9ms sql=460
GET /files/ 431.7ms sql=460
GET /files/projects/ 17.0ms sql=7
GET /files/projects/ 11.8ms sql=6
GET /files/projects/ 16.8ms sql=6
GET /files/projects/ 11.0ms sql=6
GET /files/projects/ 353.2ms sql=859
GET /files/projects/ 409.8ms sql=859
GET /files/hospital-info/ 10.0ms sql=4
GET /files/hospital-info/ 71.7ms sql=203
GET /files/hospital-info/ 64.2ms sql=200
GET /files/hospital-info/ 62.2ms sql=198
GET /files/hospital-info/ 84.0ms sql=229
GET /files/hospital-info/ 60.9ms sql=198
GET /files/hospital-info/ 92.0ms sql=229
GET /files/hospital-info/ 78.7ms sql=236
GET /files/hospital-info/ 66.2ms sql=203
GET /files/hospital-info/ 66.7ms sql=200
GET /files/hospital-info/ 68.2ms sql=198
GET /files/hospital-info/ 79.1ms sql=229
GET /files/hospital-info/ 69.0ms sql=198
GET /files/hospital-info/ 81.4ms sql=203
GET /files/hospital-info/ 94.0ms sql=236
GET /files/hospital-info/ 62.2ms sql=203
GET /files/ 68.4ms sql=38
GET /files/projects/ 23.6ms sql=7
GET /files/projects/ 15.1ms sql=6
GET /files/projects/ 10.7ms sql=6
GET /files/projects/ 64.2ms sql=6
GET /files/projects/ 330.1ms sql=859
GET /files/projects/ 328.6ms sql=859
GET /files/projects/ 300.3ms sql=861
GET /files/ 19.9ms sql=38
GET /files/ 335.4ms sql=464
GET /files/ 417.9ms sql=464
GET /files/ 317.8ms sql=464
GET /files/ 316.1ms sql=464
GET /files/3085/preview/ 6.9ms sql=4
GET /files/3085/raw/ 1.0ms sql=2
GET /files/htmlpdf/ 137.1ms sql=225
GET /files/htmlpdf/ 128.4ms sql=225
GET /files/htmlpdf/ 149.0ms sql=227
GET /files/htmlpdf/ 132.2ms sql=227
GET /files/htmlpdf/ 135.1ms sql=230
GET /files/htmlpdf/ 144.8ms sql=230
GET /files/htmlpdf/ 148.0ms sql=230
GET /files/htmlpdf/ 139.4ms sql=230
GET /files/htmlpdf/ 130.9ms sql=230
GET /files/htmlpdf/ 130.6ms sql=227
GET /files/htmlpdf/ 137.6ms sql=230
GET /files/htmlpdf/ 134.2ms sql=227
GET /files/htmlpdf/editor/2333/ 6.6ms sql=5
GET /files/htmlpdf/editor/2333/ 6.5ms sql=5
GET /files/htmlpdf/template/2333/ 11.9ms sql=2
GET /files/htmlpdf/api/template-jsons/ 921.0ms sql=13
GET /files/task-management/ 179.8ms sql=48
GET /files/task-management/ 58.1ms sql=47
GET /files/task-management/ 54.1ms sql=47
GET /files/task-management/ 92.4ms sql=47
GET /files/htmlpdf/editor/2334/ 3.0ms sql=4
GET /files/htmlpdf/editor/2334/ 3.4ms sql=4
GET /files/htmlpdf/template/2334/ 2.7ms sql=2
GET /files/htmlpdf/api/template-jsons/ 173.9ms sql=13
GET /files/task-management/ 142.7ms sql=47
GET /files/task-management/ 51.7ms sql=47
GET /files/task-management/ 77.2ms sql=47
GET /files/ 27.3ms sql=38
GET /files/ 476.4ms sql=298
GET /files/ 384.8ms sql=298
GET /files/ 474.7ms sql=298
GET /files/htmlpdf/ 133.7ms sql=225
GET /files/htmlpdf/ 131.5ms sql=225
GET /files/htmlpdf/ 129.2ms sql=227
GET /files/htmlpdf/ 131.4ms sql=230
GET /files/htmlpdf/editor/2282/ 4.0ms sql=5
GET /files/htmlpdf/editor/2282/ 6.2ms sql=5
GET /files/htmlpdf/api/template-jsons/ 52.2ms sql=12
GET /files/htmlpdf/template/2282/ 1.0ms sql=2
GET /files/task-management/ 50.7ms sql=47
GET /files/task-management/ 124.0ms sql=47
GET /files/task-management/ 51.6ms sql=47
GET /files/task-management/ 52.7ms sql=47
GET /files/task-management/ 61.0ms sql=47
GET /files/task-management/ 95.9ms sql=47
GET /files/htmlpdf/editor/2333/ 3.9ms sql=5
GET /files/htmlpdf/editor/2333/ 4.0ms sql=5
GET /files/htmlpdf/template/2333/ 5.2ms sql=2
GET /files/htmlpdf/api/template-jsons/ 801.6ms sql=13
GET /files/ 568.1ms sql=298
GET /files/htmlpdf/ 129.4ms sql=225
GET /files/htmlpdf/ 129.7ms sql=225
GET /files/htmlpdf/ 128.5ms sql=227
GET /files/htmlpdf/ 150.9ms sql=230
GET /files/htmlpdf/ 173.7ms sql=231
GET /files/htmlpdf/ 178.3ms sql=230
GET /api/v2/library/files/2927/download 11.3ms sql=0
GET /api/v2/library/files/2927/download/ 5.8ms sql=0
GET /files/htmlpdf/ 143.4ms sql=230
GET /files/htmlpdf/ 130.1ms sql=227
GET /files/htmlpdf/editor/2333/ 5.0ms sql=5
GET /files/htmlpdf/editor/2333/ 3.6ms sql=5
GET /files/htmlpdf/template/2333/ 1.5ms sql=2
GET /files/htmlpdf/api/template-jsons/ 746.3ms sql=13
GET /files/ 564.6ms sql=298
GET /files/task-management/ 87.0ms sql=47
GET /files/task-management/ 53.5ms sql=47
GET /files/task-management/ 80.3ms sql=47
GET /files/2334/preview/ 6.1ms sql=4
GET /files/2334/raw/ 1.1ms sql=2
GET /files/htmlpdf/editor/2334/ 4.2ms sql=4
GET /files/htmlpdf/editor/2334/ 2.7ms sql=4
GET /files/htmlpdf/template/2334/ 2.6ms sql=2
GET /files/htmlpdf/api/template-jsons/ 139.5ms sql=13
GET /files/ 597.0ms sql=298
GET /files/ 429.8ms sql=298
GET /files/ 330.8ms sql=464
GET /files/ 312.1ms sql=464
GET /files/ 346.8ms sql=464
GET /files/ 319.1ms sql=464
GET /files/3085/preview/ 4.3ms sql=4
GET /files/3085/raw/ 1.2ms sql=2
GET /files/commission-manage/ 130.5ms sql=37
GET /files/projects/ 12.5ms sql=6
GET /files/projects/ 15.3ms sql=6
GET /files/projects/ 10.5ms sql=6
GET /files/projects/ 10.1ms sql=6
GET /files/projects/ 298.4ms sql=861
GET /files/projects/ 332.2ms sql=861
GET /files/projects/ 301.7ms sql=863
GET /files/ 19.8ms sql=38
GET /files/ 346.4ms sql=468
GET /files/ 409.1ms sql=468
GET /files/ 347.8ms sql=468
GET /files/ 318.4ms sql=468
GET /files/3090/preview/ 4.7ms sql=4
GET /files/3090/raw/ 1.1ms sql=2
GET /files/htmlpdf/ 131.9ms sql=225
GET /files/htmlpdf/ 132.2ms sql=225
GET /files/htmlpdf/ 127.5ms sql=227
GET /files/htmlpdf/ 143.7ms sql=230
GET /files/htmlpdf/editor/2333/ 5.6ms sql=5
GET /files/htmlpdf/editor/2333/ 5.5ms sql=5
GET /files/htmlpdf/template/2333/ 8.8ms sql=2
GET /files/htmlpdf/api/template-jsons/ 770.9ms sql=13
GET /files/ 617.8ms sql=298
GET /files/projects/ 9.6ms sql=6
GET /files/projects/ 11.8ms sql=6
GET /files/projects/ 10.7ms sql=6
GET /files/projects/ 11.8ms sql=6
GET /files/projects/ 339.5ms sql=863
GET /files/projects/ 311.8ms sql=863
GET /files/projects/ 323.3ms sql=865
GET /files/ 18.8ms sql=38
GET /files/ 320.9ms sql=472
GET /files/ 392.3ms sql=472
GET /files/ 319.8ms sql=472
GET /files/ 337.1ms sql=472
GET /files/3093/preview/ 4.3ms sql=4
GET /files/3093/raw/ 1.8ms sql=2
GET /files/ 360.9ms sql=472
GET /files/ 299.5ms sql=309
GET /files/ 276.9ms sql=309
GET /files/ 254.1ms sql=309
GET /files/3094/preview/ 4.6ms sql=4
GET /files/3094/raw/ 2.0ms sql=2
GET /files/ 23.2ms sql=38
GET /files/3094/preview/ 3.8ms sql=4
GET /files/3094/raw/ 1.3ms sql=2
GET /files/htmlpdf/ 172.7ms sql=226
GET /files/htmlpdf/ 159.0ms sql=225
GET /files/htmlpdf/ 152.1ms sql=227
GET /files/htmlpdf/ 253.7ms sql=230
GET /files/htmlpdf/editor/2282/ 4.3ms sql=5
GET /files/htmlpdf/editor/2282/ 5.4ms sql=5
GET /files/htmlpdf/api/template-jsons/ 37.5ms sql=12
GET /files/htmlpdf/template/2282/ 3.3ms sql=2
GET /files/3090/preview/ 3.7ms sql=4
GET /files/3090/raw/ 1.0ms sql=2
GET /files/ 66.6ms sql=38
GET /files/ 503.2ms sql=472
GET /files/ 452.4ms sql=472
GET /files/ 334.8ms sql=472
GET /files/ 360.1ms sql=472
GET /files/ 349.1ms sql=472
GET /files/ 291.8ms sql=312
GET /files/ 236.5ms sql=312
GET /files/ 240.6ms sql=312
GET /files/3095/preview/ 7.5ms sql=4
GET /files/3095/raw/ 1.3ms sql=2
GET /files/ 469.9ms sql=472
GET /files/ 382.0ms sql=472
GET /files/ 337.3ms sql=472
GET /files/ 262.6ms sql=330
GET /files/ 346.5ms sql=330
GET /files/ 267.6ms sql=330
GET /files/3101/preview/ 4.6ms sql=4
GET /files/3101/raw/ 1.0ms sql=2
GET /files/ 552.5ms sql=472
GET /files/ 380.0ms sql=472
GET /files/ 345.0ms sql=472
GET /files/ 288.5ms sql=339
GET /files/ 369.5ms sql=339
GET /files/ 303.9ms sql=339
GET /files/3104/preview/ 6.1ms sql=4
GET /files/3104/raw/ 1.5ms sql=2
GET / 18.9ms sql=0
GET /login/ 7.0ms sql=0
GET / 0.2ms sql=0
GET /login/ 0.6ms sql=0
GET / 0.2ms sql=0
GET /login/ 0.6ms sql=0
GET / 0.2ms sql=0
GET /files/commission-manage/ 74.9ms sql=37
GET /files/projects/ 134.3ms sql=7
GET /files/projects/ 13.0ms sql=6
GET /files/projects/ 9.8ms sql=6
GET /files/projects/ 9.8ms sql=6
GET /files/projects/ 330.4ms sql=881
GET /files/projects/ 374.1ms sql=881
GET /files/projects/ 370.0ms sql=883
GET /files/ 34.9ms sql=38
GET /files/ 345.6ms sql=476
GET /files/ 330.3ms sql=476
GET /files/ 321.2ms sql=476
GET /files/ 330.0ms sql=476
GET /files/ 390.3ms sql=476
GET /files/ 284.3ms sql=357
GET /files/ 260.2ms sql=357
GET /files/ 267.5ms sql=357
GET /files/3112/preview/ 5.2ms sql=4
GET /files/3112/raw/ 1.0ms sql=2
GET /files/ 53.3ms sql=38
GET /files/projects/ 17.8ms sql=7
GET /files/ 20.2ms sql=38
GET /files/ 84.5ms sql=38
GET /files/projects/ 9.9ms sql=6
GET /files/projects/ 99.1ms sql=220
GET /files/projects/ 91.7ms sql=216
GET /files/projects/ 110.0ms sql=220
GET /files/projects/ 87.5ms sql=216
GET /files/projects/ 101.9ms sql=216
GET /files/projects/ 85.8ms sql=214
GET /files/projects/ 86.6ms sql=214
GET /files/projects/ 89.4ms sql=214
GET /files/projects/ 86.7ms sql=212
GET /files/projects/ 89.6ms sql=212
GET /files/projects/ 98.0ms sql=210
GET /files/projects/ 196.7ms sql=210
GET /files/projects/ 266.6ms sql=209
GET /files/projects/ 101.4ms sql=209
GET /files/projects/ 102.2ms sql=209
GET /files/projects/ 88.1ms sql=209
GET /files/projects/ 84.1ms sql=209
GET /files/projects/ 84.0ms sql=209
GET /files/projects/ 86.0ms sql=209
GET /files/projects/ 90.8ms sql=213
GET /files/projects/ 90.3ms sql=209
GET /files/projects/ 88.8ms sql=213
GET /files/projects/ 84.5ms sql=202
GET /files/projects/ 79.3ms sql=198
GET /files/projects/ 91.7ms sql=198
GET /files/projects/ 84.0ms sql=198
GET /files/projects/ 78.6ms sql=198
GET /files/projects/ 81.1ms sql=198
GET /files/projects/ 85.8ms sql=198
GET /files/projects/ 57.0ms sql=71
GET /files/projects/ 134.0ms sql=71
GET /files/projects/ 13.4ms sql=6
GET /files/projects/ 79.0ms sql=198
GET /files/projects/ 115.5ms sql=199
GET /files/projects/ 102.5ms sql=198
GET /files/projects/ 147.3ms sql=198
GET /files/projects/ 81.5ms sql=198
GET /files/projects/ 80.6ms sql=198
GET /files/projects/ 77.8ms sql=198
GET /files/projects/ 11.5ms sql=6
GET /files/projects/ 12.1ms sql=6
GET /files/projects/ 12.5ms sql=6
GET /files/projects/ 9.5ms sql=6
GET /files/projects/ 47.4ms sql=71
GET /files/projects/ 48.0ms sql=71
GET /files/projects/ 48.6ms sql=71
GET /files/projects/ 11.9ms sql=6
GET /files/projects/ 12.7ms sql=6
GET /files/projects/ 12.4ms sql=6
GET /files/projects/ 45.1ms sql=67
GET /files/projects/ 57.5ms sql=67
GET /files/projects/ 41.2ms sql=67
GET /files/projects/ 42.0ms sql=67
GET /files/projects/ 44.0ms sql=67
GET /files/projects/ 10.9ms sql=6
GET /files/projects/ 9.6ms sql=6
GET /files/projects/ 10.4ms sql=6
GET /files/projects/ 10.8ms sql=6
GET /files/projects/ 51.1ms sql=63
GET /files/projects/ 37.8ms sql=63
GET /files/projects/ 9.7ms sql=6
GET /files/projects/ 10.3ms sql=6
GET /files/projects/ 8.9ms sql=6
GET /files/projects/ 10.8ms sql=6
GET /files/projects/ 9.9ms sql=6
GET /files/projects/ 10.4ms sql=6
GET /files/projects/ 379.2ms sql=884
GET /users/ 10.0ms sql=18
GET /files/ 23.9ms sql=24
GET /files/ 18.8ms sql=24
GET /files/ 268.7ms sql=346
GET /files/ 298.9ms sql=346
GET /files/ 258.3ms sql=346
GET /files/3112/preview/ 3.9ms sql=4
GET /files/3112/raw/ 1.0ms sql=2
GET /files/ 491.1ms sql=464
GET /files/ 352.2ms sql=464
GET /files/ 397.9ms sql=464
GET /files/ 316.4ms sql=349
GET /files/ 267.1ms sql=349
GET /files/ 264.0ms sql=349
GET /files/3113/preview/ 3.8ms sql=4
GET /files/3113/raw/ 1.1ms sql=2
GET /files/ 406.0ms sql=464
GET /files/ 349.8ms sql=464
GET /files/ 413.9ms sql=464
GET /files/ 274.7ms sql=352
GET /files/ 287.3ms sql=352
GET /files/ 262.7ms sql=352
GET /files/3114/preview/ 4.8ms sql=4
GET /files/3114/raw/ 1.0ms sql=2
GET /files/htmlpdf/ 139.1ms sql=226
GET /files/htmlpdf/ 137.3ms sql=225
GET /files/htmlpdf/ 134.7ms sql=226
GET /files/htmlpdf/ 134.7ms sql=230
GET /files/htmlpdf/editor/2980/ 4.5ms sql=5
GET /files/htmlpdf/editor/2980/ 4.3ms sql=5
GET /files/htmlpdf/api/template-jsons/ 22.3ms sql=12
GET /files/htmlpdf/template/2980/ 2.8ms sql=2
GET /files/htmlpdf/template/1850/ 1.0ms sql=2
GET /files/htmlpdf/template/1850/ 1.1ms sql=2
GET /files/task-management/ 177.6ms sql=48
GET /files/ 26.2ms sql=24
GET /files/ 363.3ms sql=464
GET /files/ 346.3ms sql=464
GET /files/ 335.4ms sql=464
GET /files/ 344.4ms sql=464
GET /files/ 336.2ms sql=464
GET /files/ 272.8ms sql=355
GET /files/ 271.1ms sql=355
GET /files/ 265.3ms sql=355
GET /files/3115/preview/ 4.4ms sql=4
GET /files/3115/raw/ 1.1ms sql=2
GET /files/htmlpdf/ 138.1ms sql=225
GET /files/htmlpdf/ 132.0ms sql=225
GET /files/htmlpdf/ 144.9ms sql=226
GET /files/htmlpdf/ 132.4ms sql=230
GET /files/htmlpdf/editor/2980/ 4.1ms sql=5
GET /files/htmlpdf/editor/2980/ 4.7ms sql=5
GET /files/htmlpdf/api/template-jsons/ 18.9ms sql=12
GET /files/htmlpdf/template/2980/ 3.3ms sql=2
GET /files/htmlpdf/template/1850/ 0.9ms sql=2
GET /files/htmlpdf/template/1850/ 1.4ms sql=2
GET /files/htmlpdf/template/1850/ 1.1ms sql=2
GET /files/ 573.3ms sql=290
GET /files/task-management/ 49.5ms sql=47
GET /files/ 16.7ms sql=24
GET /files/ 354.4ms sql=464
GET /files/ 323.2ms sql=464
GET /files/ 323.1ms sql=464
GET /files/ 326.0ms sql=464
GET /files/ 345.0ms sql=464
GET /files/ 362.5ms sql=358
GET /files/ 280.7ms sql=358
GET /files/ 279.0ms sql=358
GET /files/3117/preview/ 3.1ms sql=4
GET /files/3117/raw/ 1.3ms sql=2
GET /files/projects/ 37.1ms sql=7
GET /files/projects/ 9.3ms sql=6
GET /files/projects/ 9.1ms sql=6
GET /files/projects/ 9.1ms sql=6
GET /files/projects/ 352.9ms sql=888
GET /files/projects/ 320.6ms sql=888
GET /files/projects/ 446.0ms sql=890
GET /files/ 21.6ms sql=24
GET /files/ 317.9ms sql=468
GET /files/ 315.4ms sql=468
GET /files/ 311.7ms sql=468
GET /files/ 313.3ms sql=468
GET /files/3119/preview/ 3.8ms sql=4
GET /files/3119/raw/ 1.1ms sql=2
GET /files/htmlpdf/ 218.6ms sql=225
GET /files/htmlpdf/ 137.5ms sql=225
GET /files/htmlpdf/ 130.4ms sql=226
GET /files/htmlpdf/ 133.4ms sql=230
GET /files/htmlpdf/editor/1927/ 3.7ms sql=5
GET /files/htmlpdf/editor/1927/ 4.4ms sql=5
GET /files/htmlpdf/template/1927/ 5.5ms sql=2
GET /files/htmlpdf/api/template-jsons/ 121.7ms sql=13
GET /files/htmlpdf/ 157.3ms sql=226
GET /files/htmlpdf/ 134.1ms sql=225
GET /files/htmlpdf/ 127.6ms sql=226
GET /files/htmlpdf/ 134.6ms sql=230
GET /files/htmlpdf/editor/1558/ 4.3ms sql=5
GET /files/htmlpdf/editor/1558/ 3.8ms sql=5
GET /files/htmlpdf/template/1558/ 7.4ms sql=2
GET /files/htmlpdf/api/template-jsons/ 680.1ms sql=13
GET /files/ 506.5ms sql=290
GET /files/ 312.5ms sql=468
GET /files/ 312.5ms sql=468
GET /files/ 341.3ms sql=468
GET /files/ 384.1ms sql=468
GET /files/projects/ 11.9ms sql=6
GET /files/projects/ 9.1ms sql=6
GET /files/projects/ 11.4ms sql=6
GET /files/projects/ 10.4ms sql=6
GET /files/projects/ 294.3ms sql=890
GET /files/projects/ 312.1ms sql=890
GET /files/projects/ 384.5ms sql=892
GET /files/ 16.9ms sql=24
GET /files/ 266.7ms sql=358
GET /files/ 321.3ms sql=472
GET /files/ 331.5ms sql=472
GET /files/ 317.4ms sql=472
GET /files/ 316.0ms sql=472
GET /files/3122/preview/ 3.5ms sql=4
GET /files/3122/raw/ 1.1ms sql=2
GET /files/3119/preview/ 3.1ms sql=4
GET /files/3119/raw/ 1.0ms sql=2
GET /files/htmlpdf/ 131.4ms sql=225
GET /files/htmlpdf/ 138.0ms sql=225
GET /files/htmlpdf/ 133.2ms sql=226
GET /files/htmlpdf/ 224.6ms sql=230
GET /files/htmlpdf/editor/1947/ 3.6ms sql=5
GET /files/htmlpdf/editor/1947/ 3.9ms sql=5
GET /files/htmlpdf/api/template-jsons/ 13.5ms sql=12
GET /files/htmlpdf/template/1947/ 1.0ms sql=2
GET /files/task-management/ 57.1ms sql=47
GET /files/htmlpdf/ 133.9ms sql=225
GET /files/htmlpdf/ 132.6ms sql=225
GET /files/htmlpdf/ 131.1ms sql=226
GET /files/htmlpdf/ 135.5ms sql=230
GET /files/htmlpdf/editor/1927/ 3.6ms sql=5
GET /files/htmlpdf/editor/1927/ 4.5ms sql=5
GET /files/htmlpdf/template/1927/ 2.1ms sql=2
GET /files/htmlpdf/api/template-jsons/ 177.4ms sql=13
GET /files/task-management/ 68.9ms sql=47
GET /files/ 16.0ms sql=24
GET /files/commission-manage/ 29.4ms sql=31
GET /files/projects/ 9.2ms sql=6
GET /files/projects/ 10.5ms sql=6
GET /files/projects/ 9.8ms sql=6
GET /files/projects/ 9.1ms sql=6
GET /files/projects/ 386.1ms sql=892
GET /files/projects/ 315.5ms sql=892
GET /files/projects/ 307.8ms sql=894
GET /files/ 15.5ms sql=24
GET /files/ 322.8ms sql=476
GET /files/ 419.4ms sql=476
GET /files/ 339.1ms sql=476
GET /files/ 331.0ms sql=476
GET /files/3124/preview/ 3.3ms sql=4
GET /files/3124/raw/ 1.0ms sql=2
GET /files/projects/ 37.1ms sql=7
GET /files/projects/ 10.8ms sql=6
GET /files/projects/ 10.6ms sql=6
GET /files/projects/ 9.8ms sql=6
GET /files/projects/ 361.5ms sql=894
GET /files/projects/ 319.6ms sql=894
GET /files/projects/ 304.8ms sql=896
GET /files/ 26.6ms sql=24
GET /files/ 369.4ms sql=480
GET /files/ 336.3ms sql=480
GET /files/ 410.2ms sql=480
GET /files/ 336.6ms sql=480
GET /files/3126/preview/ 3.8ms sql=4
GET /files/3126/raw/ 1.1ms sql=2
GET /files/ 17.0ms sql=24
GET /files/ 329.1ms sql=480
GET /files/ 335.5ms sql=480
GET /files/ 334.0ms sql=480
GET /files/ 357.6ms sql=480
GET /files/ 332.3ms sql=480
GET /files/ 285.3ms sql=361
GET /files/ 360.5ms sql=361
GET /files/ 271.9ms sql=361
GET /files/3127/preview/ 3.5ms sql=4
GET /files/3127/raw/ 1.3ms sql=2
GET /files/htmlpdf/ 134.7ms sql=225
GET /files/htmlpdf/ 136.2ms sql=225
GET /files/htmlpdf/ 130.9ms sql=226
GET /files/htmlpdf/ 133.8ms sql=230
GET /files/htmlpdf/editor/1947/ 3.7ms sql=5
GET /files/htmlpdf/editor/1947/ 4.1ms sql=5
GET /files/htmlpdf/api/template-jsons/ 13.4ms sql=12
GET /files/htmlpdf/template/1947/ 2.8ms sql=2
GET /files/task-management/ 57.1ms sql=47
GET /files/ 62.2ms sql=24
GET /files/ 388.7ms sql=480
GET /files/ 331.3ms sql=480
GET /files/ 332.9ms sql=480
GET /files/ 338.1ms sql=480
GET /files/ 407.9ms sql=480
GET /files/ 282.9ms sql=364
GET /files/ 275.7ms sql=364
GET /files/ 289.8ms sql=364
GET /files/3128/preview/ 5.4ms sql=4
GET /files/3128/raw/ 1.4ms sql=2
GET /files/projects/ 13.0ms sql=7
GET /files/projects/ 9.0ms sql=6
GET /files/projects/ 12.1ms sql=6
GET /files/projects/ 14.0ms sql=6
GET /files/projects/ 315.6ms sql=898
GET /files/projects/ 430.9ms sql=898
GET /files/projects/ 316.4ms sql=900
GET /files/ 14.8ms sql=24
GET /files/ 336.5ms sql=484
GET /files/ 350.0ms sql=484
GET /files/ 365.7ms sql=484
GET /files/ 451.1ms sql=484
GET /files/3130/preview/ 5.4ms sql=4
GET /files/3130/raw/ 1.5ms sql=2
GET /files/htmlpdf/ 135.8ms sql=225
GET /files/htmlpdf/ 134.2ms sql=225
GET /files/htmlpdf/ 133.4ms sql=226
GET /files/htmlpdf/ 142.7ms sql=230
GET /files/htmlpdf/editor/1769/ 3.7ms sql=5
GET /files/htmlpdf/editor/1769/ 4.0ms sql=5
GET /files/htmlpdf/template/1769/ 10.2ms sql=2
GET /files/htmlpdf/api/template-jsons/ 163.6ms sql=13
GET /files/ 527.7ms sql=290
GET /files/projects/ 9.3ms sql=6
GET /files/projects/ 12.6ms sql=6
GET /files/projects/ 14.0ms sql=6
GET /files/projects/ 12.5ms sql=6
GET /files/projects/ 413.3ms sql=900
GET /files/projects/ 317.1ms sql=900
GET /files/projects/ 355.6ms sql=902
GET /files/ 17.4ms sql=24
GET /files/ 348.3ms sql=488
GET /files/ 348.8ms sql=488
GET /files/ 338.1ms sql=488
GET /files/ 419.3ms sql=488
GET /files/3133/preview/ 3.0ms sql=4
GET /files/3133/raw/ 1.2ms sql=2
GET /files/htmlpdf/ 132.8ms sql=225
GET /files/htmlpdf/ 130.1ms sql=225
GET /files/htmlpdf/ 143.0ms sql=226
GET /files/htmlpdf/ 134.5ms sql=230
GET /files/htmlpdf/editor/1769/ 3.7ms sql=5
GET /files/htmlpdf/editor/1769/ 4.1ms sql=5
GET /files/htmlpdf/template/1769/ 11.8ms sql=2
GET /files/htmlpdf/api/template-jsons/ 169.2ms sql=13
GET /files/task-management/ 70.7ms sql=47
GET /files/task-management/ 41.6ms sql=36
GET /files/task-management/ 40.6ms sql=37
GET /files/task-management/ 56.3ms sql=47
GET /files/task-management/ 165.0ms sql=47
GET /files/htmlpdf/editor/1990/ 3.8ms sql=5
GET /files/htmlpdf/editor/1990/ 3.5ms sql=5
GET /files/htmlpdf/template/1990/ 1.6ms sql=2
GET /files/htmlpdf/api/template-jsons/ 109.9ms sql=13
GET /files/ 467.0ms sql=290
GET /files/projects/ 14.5ms sql=6
GET /files/projects/ 9.2ms sql=6
GET /files/projects/ 9.0ms sql=6
GET /files/projects/ 9.8ms sql=6
GET /files/projects/ 379.6ms sql=902
GET /files/projects/ 317.7ms sql=902
GET /files/projects/ 414.4ms sql=904
GET /files/ 14.9ms sql=24
GET /files/ 345.0ms sql=492
GET /files/ 342.7ms sql=492
GET /files/ 339.3ms sql=492
GET /files/ 335.3ms sql=492
GET /files/3136/preview/ 3.3ms sql=4
GET /files/3136/raw/ 1.0ms sql=2
GET /files/projects/ 9.6ms sql=6
GET /files/projects/ 9.1ms sql=6
GET /files/projects/ 9.3ms sql=6
GET /files/projects/ 9.2ms sql=6
GET /files/projects/ 308.6ms sql=904
GET /files/projects/ 441.8ms sql=904
GET /files/projects/ 315.9ms sql=906
GET /files/ 23.6ms sql=24
GET /files/ 370.9ms sql=496
GET /files/ 345.3ms sql=496
GET /files/ 343.8ms sql=496
GET /files/ 436.1ms sql=496
GET /files/3138/preview/ 3.2ms sql=4
GET /files/3138/raw/ 1.4ms sql=2
GET /files/ 17.4ms sql=24
GET /files/ 340.5ms sql=496
GET /files/ 344.9ms sql=496
GET /files/ 345.5ms sql=496
GET /files/ 384.4ms sql=496
GET /files/3138/preview/ 4.6ms sql=4
GET /files/3138/raw/ 1.5ms sql=2
GET /files/ 365.5ms sql=496
GET /files/ 361.7ms sql=367
GET /files/ 296.1ms sql=367
GET /files/ 269.7ms sql=367
GET /files/3139/preview/ 4.0ms sql=4
GET /files/3139/raw/ 1.0ms sql=2
GET /files/ 433.8ms sql=496
GET /files/ 346.3ms sql=496
GET /files/ 444.9ms sql=496
GET /files/ 363.2ms sql=370
GET /files/ 290.2ms sql=370
GET /files/ 281.5ms sql=370
GET /files/3140/preview/ 5.9ms sql=4
GET /files/3140/raw/ 1.5ms sql=2
GET /files/ 342.4ms sql=496
GET /files/ 346.2ms sql=496
GET /files/3138/preview/ 3.5ms sql=4
GET /files/3138/raw/ 1.2ms sql=2
GET /files/ 359.1ms sql=496
GET /files/ 345.2ms sql=373
GET /files/ 277.9ms sql=373
GET /files/ 273.3ms sql=373
GET /files/3141/preview/ 6.2ms sql=4
GET /files/3141/raw/ 1.5ms sql=2
GET / 17.8ms sql=0
GET /login/ 5.4ms sql=0
GET / 0.2ms sql=0
GET /login/ 0.8ms sql=0
GET / 0.2ms sql=0
GET /login/ 0.8ms sql=0
GET /files/ 445.1ms sql=496
GET /files/ 343.4ms sql=496
GET /files/ 364.9ms sql=496
GET /files/ 280.5ms sql=376
GET /files/ 279.8ms sql=376
GET /files/ 352.7ms sql=376
GET /files/3142/preview/ 3.9ms sql=4
GET /files/3142/raw/ 1.0ms sql=2
GET /files/ 431.7ms sql=496
GET /files/ 349.4ms sql=496
GET /files/ 484.0ms sql=496
GET /files/ 399.3ms sql=379
GET /files/ 291.1ms sql=379
GET /files/ 292.4ms sql=379
GET /files/3143/preview/ 3.9ms sql=4
GET /files/3143/raw/ 1.5ms sql=2
GET /files/htmlpdf/ 134.9ms sql=226
GET /files/ 14.6ms sql=24
GET /files/commission-manage/ 30.3ms sql=31
GET /files/projects/ 13.2ms sql=6
GET /files/projects/ 9.2ms sql=6
GET /files/projects/ 9.1ms sql=6
GET /files/projects/ 10.2ms sql=6
GET /files/projects/ 311.2ms sql=911
GET /files/projects/ 442.4ms sql=911
GET /files/projects/ 425.8ms sql=913
GET /files/ 15.1ms sql=24
GET /files/ 379.3ms sql=500
GET /files/ 386.4ms sql=500
GET /files/ 348.9ms sql=500
GET /files/ 349.5ms sql=500
GET /files/ 402.5ms sql=500
GET /files/ 321.1ms sql=382
GET /files/ 324.1ms sql=382
GET /files/ 290.5ms sql=382
GET /files/3146/preview/ 3.4ms sql=4
GET /files/3146/raw/ 1.0ms sql=2
GET /files/ 345.4ms sql=500
GET /files/ 424.1ms sql=500
GET /files/3145/preview/ 3.6ms sql=4
GET /files/3145/raw/ 1.1ms sql=2
GET /files/3145/preview/ 24.8ms sql=4
GET /files/3145/raw/ 1.4ms sql=2
GET /files/commission-manage/ 42.6ms sql=31
GET /files/projects/ 15.6ms sql=7
GET /files/projects/ 9.1ms sql=6
GET /files/projects/ 13.4ms sql=6
GET /files/projects/ 9.0ms sql=6
GET /files/projects/ 313.8ms sql=914
GET /files/projects/ 316.3ms sql=914
GET /files/projects/ 376.7ms sql=916
GET /files/ 371.0ms sql=504
GET /files/ 347.5ms sql=504
GET /files/ 377.5ms sql=504
GET /files/ 302.3ms sql=385
GET /files/ 353.9ms sql=504
GET /files/ 452.5ms sql=504
GET /files/ 392.6ms sql=504
GET /files/3148/preview/ 3.4ms sql=4
GET /files/3148/raw/ 1.5ms sql=2
GET /files/projects/ 403.0ms sql=920
GET /files/ 371.4ms sql=385
GET /files/ 357.5ms sql=508
GET /files/3151/preview/ 5.7ms sql=4
GET /files/3151/raw/ 1.5ms sql=2
GET /files/projects/ 347.2ms sql=922
GET /files/ 451.4ms sql=512
GET /files/3153/preview/ 4.1ms sql=4
GET /files/3153/raw/ 1.1ms sql=2
GET /files/projects/ 495.2ms sql=924
GET /files/ 370.6ms sql=516
GET /files/3155/preview/ 5.5ms sql=4
GET /files/3155/raw/ 1.5ms sql=2
GET /files/projects/ 422.6ms sql=926
GET /files/ 403.7ms sql=520
GET /files/3157/preview/ 3.9ms sql=4
GET /files/3157/raw/ 1.1ms sql=2
GET /files/ 364.1ms sql=520
GET /files/ 299.1ms sql=388
GET /files/ 289.6ms sql=388
GET /files/ 360.9ms sql=388
GET /files/3158/preview/ 3.0ms sql=4
GET /files/3158/raw/ 1.2ms sql=2
GET /files/projects/ 357.7ms sql=928
GET /files/projects/ 427.7ms sql=930
GET /files/ 366.0ms sql=528
GET /files/ 373.3ms sql=528
GET /files/ 368.8ms sql=528
GET /files/ 401.3ms sql=528
GET /files/3162/preview/ 5.1ms sql=4
GET /files/3162/raw/ 1.1ms sql=2
GET /files/projects/ 441.6ms sql=933
GET /files/ 381.7ms sql=532
GET /files/3164/preview/ 3.8ms sql=4
GET /files/3164/raw/ 1.5ms sql=2
GET /files/ 370.7ms sql=532
GET /files/htmlpdf/ 135.3ms sql=225
GET /files/htmlpdf/ 149.2ms sql=225
GET /files/htmlpdf/ 149.6ms sql=226
GET /files/htmlpdf/ 146.5ms sql=230
GET /files/htmlpdf/editor/2856/ 5.1ms sql=5
GET /files/htmlpdf/editor/2856/ 6.6ms sql=5
GET /files/htmlpdf/template/2856/ 4.6ms sql=2
GET /files/htmlpdf/api/template-jsons/ 114.3ms sql=12
GET /files/task-management/ 66.3ms sql=47
GET /files/task-management/ 59.8ms sql=47
GET /files/task-management/ 122.4ms sql=37
GET /files/htmlpdf/ 140.6ms sql=225
GET /files/htmlpdf/ 148.5ms sql=225
GET /files/htmlpdf/ 150.4ms sql=226
GET /files/htmlpdf/ 149.6ms sql=230
GET /files/htmlpdf/ 148.0ms sql=226
GET /files/htmlpdf/ 148.3ms sql=230
GET /files/htmlpdf/editor/2950/ 3.9ms sql=5
GET /files/htmlpdf/editor/2950/ 4.4ms sql=5
GET /files/htmlpdf/api/template-jsons/ 31.9ms sql=12
GET /files/htmlpdf/template/2950/ 1.2ms sql=2
GET /files/task-management/ 61.5ms sql=47
GET /files/htmlpdf/ 140.8ms sql=225
GET /files/task-management/ 49.0ms sql=36
GET /files/task-management/ 129.7ms sql=36
GET /files/task-management/ 46.3ms sql=37
GET /files/task-management/ 63.8ms sql=47
GET /files/htmlpdf/editor/2856/ 6.2ms sql=5
GET /files/htmlpdf/editor/2856/ 5.9ms sql=5
GET /files/htmlpdf/api/template-jsons/ 28.4ms sql=12
GET /files/htmlpdf/template/2856/ 1.0ms sql=2
GET /files/ 837.6ms sql=290
GET /files/htmlpdf/ 160.9ms sql=225
GET /files/htmlpdf/ 171.1ms sql=225
GET /files/htmlpdf/ 145.0ms sql=226
GET /files/htmlpdf/ 161.3ms sql=230
GET /files/htmlpdf/ 155.6ms sql=230
GET /files/ 16.9ms sql=24
GET /files/ 391.6ms sql=532
GET /files/ 380.7ms sql=532
GET /files/ 376.4ms sql=532
GET /files/ 372.7ms sql=532
GET /files/ 518.4ms sql=532
GET /files/ 306.7ms sql=391
GET /files/ 296.8ms sql=391
GET /files/ 290.4ms sql=391
GET /files/3166/preview/ 3.4ms sql=4
GET /files/3166/raw/ 1.3ms sql=2
GET /files/ 461.9ms sql=532
GET /files/ 376.3ms sql=532
GET /files/ 383.7ms sql=532
GET /files/ 298.6ms sql=397
GET /files/ 360.3ms sql=397
GET /files/ 305.9ms sql=397
GET /files/3168/preview/ 3.8ms sql=4
GET /files/3168/raw/ 1.0ms sql=2
GET /files/ 521.6ms sql=532
GET /files/ 492.7ms sql=532
GET /files/ 377.9ms sql=532
GET /files/ 360.8ms sql=403
GET /files/ 305.1ms sql=403
GET /files/ 301.7ms sql=403
GET /files/3170/preview/ 3.9ms sql=4
GET /files/3170/raw/ 1.4ms sql=2
GET /files/projects/ 362.0ms sql=942
GET / 22.0ms sql=0
GET / 0.2ms sql=0
GET /login/ 3.6ms sql=0
GET /wp-json/gravitysmtp/v1/tests/mock-data 3.3ms sql=0
GET /app/database.php 3.3ms sql=0
GET /app.yaml 3.3ms sql=0
GET /logfile 3.2ms sql=0
GET /api/config.php 3.6ms sql=0
GET /system/application/config/database.php 3.2ms sql=0
GET /dump 3.2ms sql=0
GET /backend/database.php 3.6ms sql=0
GET /api/configprops 3.3ms sql=0
GET /sendgrid.php 3.2ms sql=0
GET /database.ini 3.4ms sql=0
GET /credentials.yaml 3.3ms sql=0
GET /profiler 3.1ms sql=0
GET /config.php 3.4ms sql=0
GET /docker-compose.yaml 3.3ms sql=0
GET /backend/settings.php 3.6ms sql=0
GET /credentials 3.6ms sql=0
GET /.pypirc 3.5ms sql=0
GET /.netrc 3.9ms sql=0
GET /app/sendgrid.py 3.3ms sql=0
GET /config/settings.php 3.7ms sql=0
GET / 0.2ms sql=0
GET /login/ 0.9ms sql=0
GET /.env~ 3.4ms sql=0
GET /.env.test 3.3ms sql=0
GET /api/.env.staging 3.1ms sql=0
GET /server/.env.local 3.2ms sql=0
GET /frontend/.env.staging 3.2ms sql=0
GET / 0.3ms sql=0
GET / 0.2ms sql=0
GET /login/ 0.7ms sql=0
GET / 0.2ms sql=0
GET /login/ 0.6ms sql=0
GET / 0.3ms sql=0
GET /login/ 0.6ms sql=0
GET / 7.7ms sql=8
GET /files/projects/ 17.1ms sql=7
GET /files/projects/ 9.9ms sql=6
GET /files/projects/ 11.0ms sql=6
GET /files/projects/ 9.6ms sql=6
GET /files/projects/ 406.4ms sql=942
GET /files/projects/ 320.7ms sql=942
GET /files/projects/ 335.2ms sql=944
GET /files/ 23.0ms sql=24
GET /files/ 414.6ms sql=544
GET /files/ 450.1ms sql=544
GET /files/ 380.5ms sql=544
GET /files/ 379.7ms sql=544
GET /files/3177/preview/ 4.1ms sql=4
GET /files/3177/raw/ 1.1ms sql=2
GET /files/htmlpdf/ 138.5ms sql=225
GET /files/htmlpdf/ 132.7ms sql=225
GET /files/htmlpdf/ 137.7ms sql=226
GET /files/htmlpdf/ 131.7ms sql=230
GET /files/htmlpdf/ 134.0ms sql=230
GET /files/htmlpdf/ 128.3ms sql=225
GET /files/htmlpdf/ 130.4ms sql=226
GET /files/htmlpdf/ 129.7ms sql=227
GET /files/htmlpdf/ 131.8ms sql=226
GET /files/htmlpdf/ 129.5ms sql=230
GET /files/task-management/ 43.6ms sql=36
GET /files/task-management/ 40.9ms sql=36
GET /files/task-management/ 132.2ms sql=37
GET /files/task-management/ 93.4ms sql=47
GET /files/task-management/ 41.1ms sql=36
GET /files/task-management/ 46.3ms sql=37
GET /files/task-management/ 58.0ms sql=47
GET /files/2856/download/ 1.0ms sql=2
GET /files/2856/download/ 1.1ms sql=2
GET /files/3165/download/ 1.0ms sql=2
GET /files/3165/download/ 1.0ms sql=2
GET /files/task-management/ 41.9ms sql=36
GET /files/task-management/ 54.7ms sql=37
GET /files/task-management/ 148.4ms sql=47
GET /files/task-management/ 47.6ms sql=47
GET /files/task-management/ 51.3ms sql=47
GET /files/task-management/ 54.0ms sql=47
GET /files/htmlpdf/editor/3179/ 3.7ms sql=5
GET /files/htmlpdf/editor/3179/ 3.7ms sql=5
GET /files/htmlpdf/api/template-jsons/ 15.2ms sql=12
GET /files/htmlpdf/template/3179/ 1.5ms sql=2
GET /files/htmlpdf/template/2792/ 1.0ms sql=2
GET /files/task-management/ 49.1ms sql=47
GET /files/htmlpdf/editor/3179/ 5.6ms sql=5
GET /files/htmlpdf/editor/3179/ 6.6ms sql=5
GET /files/htmlpdf/api/template-jsons/ 10.4ms sql=12
GET /files/htmlpdf/template/3179/ 1.0ms sql=2
GET /files/htmlpdf/template/2792/ 1.3ms sql=2
GET /files/task-management/ 49.1ms sql=47
GET /files/ 17.0ms sql=24
GET /files/ 383.1ms sql=544
GET /files/ 384.8ms sql=544
GET /files/ 380.3ms sql=544
GET /files/ 419.0ms sql=544
GET /files/3177/preview/ 4.6ms sql=4
GET /files/3177/raw/ 1.1ms sql=2
GET /files/ 384.2ms sql=544
GET /files/ 307.0ms sql=409
GET /files/ 309.7ms sql=409
GET /files/ 312.6ms sql=409
GET /files/2801/preview/ 4.9ms sql=4
GET /files/2801/raw/ 1.5ms sql=2
GET /files/3180/preview/ 4.0ms sql=4
GET /files/3180/raw/ 1.7ms sql=2
GET /files/htmlpdf/ 129.7ms sql=225
GET /files/htmlpdf/ 132.2ms sql=225
GET /files/htmlpdf/ 133.3ms sql=226
GET /files/htmlpdf/ 137.3ms sql=230
GET /files/htmlpdf/editor/2792/ 3.6ms sql=5
GET /files/htmlpdf/editor/2792/ 4.0ms sql=5
GET /files/htmlpdf/template/2792/ 1.8ms sql=2
GET /files/htmlpdf/api/template-jsons/ 178.4ms sql=13
GET /files/ 562.3ms sql=288
GET /files/task-management/ 70.1ms sql=47
GET /files/projects/ 10.2ms sql=6
GET /files/projects/ 12.6ms sql=6
GET /files/ 14.5ms sql=24
GET /files/ 406.6ms sql=544
GET /files/ 407.2ms sql=544
GET /files/ 408.2ms sql=544
GET /files/ 409.4ms sql=544
GET /files/ 377.8ms sql=544
GET /files/ 328.9ms sql=412
GET /files/ 395.0ms sql=412
GET /files/ 308.9ms sql=412
GET /files/3182/preview/ 3.2ms sql=4
GET /files/3182/raw/ 1.1ms sql=2
GET /files/3182/preview/ 3.2ms sql=4
GET /files/3182/raw/ 1.3ms sql=2
GET /files/htmlpdf/ 141.5ms sql=225
GET /files/htmlpdf/ 130.3ms sql=225
GET /files/htmlpdf/ 145.8ms sql=226
GET /files/htmlpdf/ 133.2ms sql=230
GET /files/htmlpdf/editor/3179/ 3.7ms sql=5
GET /files/htmlpdf/editor/3179/ 4.1ms sql=5
GET /files/htmlpdf/api/template-jsons/ 9.9ms sql=12
GET /files/htmlpdf/template/3179/ 1.0ms sql=2
GET /files/htmlpdf/template/2792/ 1.4ms sql=2
GET /files/htmlpdf/template/2792/ 1.5ms sql=2
GET /files/htmlpdf/template/2792/ 1.4ms sql=2
GET /files/htmlpdf/template/2792/ 1.0ms sql=2
GET /files/htmlpdf/template/2792/ 1.0ms sql=2
GET /files/ 14.7ms sql=24
GET /files/ 490.8ms sql=544
GET /files/ 388.7ms sql=544
GET /files/ 382.1ms sql=544
GET /files/ 419.8ms sql=544
GET /files/ 392.2ms sql=544
GET /files/ 390.0ms sql=415
GET /files/ 311.2ms sql=415
GET /files/ 308.1ms sql=415
GET /files/3183/preview/ 5.1ms sql=4
GET /files/3183/raw/ 1.3ms sql=2
GET /files/ 380.2ms sql=544
GET /files/ 380.5ms sql=544
GET /files/3177/preview/ 3.1ms sql=4
GET /files/3177/raw/ 1.0ms sql=2
GET /files/ 586.6ms sql=544
GET /files/ 385.5ms sql=418
GET /files/ 354.3ms sql=418
GET /files/ 396.7ms sql=418
GET /files/3184/preview/ 7.4ms sql=4
GET /files/3184/raw/ 1.1ms sql=2
GET /files/ 564.9ms sql=544
GET /files/ 483.6ms sql=544
GET /files/3177/preview/ 3.1ms sql=4
GET /files/3177/raw/ 1.2ms sql=2
GET /files/ 451.4ms sql=544
GET /files/ 318.1ms sql=421
GET /files/ 352.3ms sql=421
GET /files/ 348.0ms sql=421
GET /files/3185/preview/ 5.0ms sql=4
GET /files/3185/raw/ 1.1ms sql=2
GET /files/ 456.6ms sql=544
GET /files/ 538.8ms sql=544
GET /files/3177/preview/ 3.5ms sql=4
GET /files/3177/raw/ 1.7ms sql=2
GET /files/ 500.2ms sql=544
GET /files/ 375.9ms sql=424
GET /files/ 358.6ms sql=424
GET /files/ 374.1ms sql=424
GET /files/3186/preview/ 5.1ms sql=4
GET /files/3186/raw/ 1.1ms sql=2
GET /files/ 481.4ms sql=544
GET /files/ 531.5ms sql=544
GET /files/3177/preview/ 5.2ms sql=4
GET /files/3177/raw/ 1.6ms sql=2
GET /files/projects/ 13.9ms sql=7
GET /files/projects/ 9.0ms sql=6
GET /files/projects/ 9.9ms sql=6
GET /files/projects/ 9.1ms sql=6
GET /files/projects/ 371.4ms sql=949
GET /files/projects/ 326.2ms sql=949
GET /files/projects/ 361.6ms sql=951
GET /files/ 17.7ms sql=24
GET /files/ 496.7ms sql=287
GET /files/ 391.3ms sql=548
GET /files/ 394.7ms sql=548
GET /files/ 404.5ms sql=548
GET /files/ 412.4ms sql=548
GET /files/ 455.1ms sql=548
GET /files/ 381.7ms sql=427
GET /files/ 353.1ms sql=427
GET /files/ 365.2ms sql=427
GET /files/3189/preview/ 4.1ms sql=4
GET /files/3189/raw/ 1.1ms sql=2
GET /files/ 433.5ms sql=548
GET /files/ 473.8ms sql=548
GET /files/3188/preview/ 4.1ms sql=4
GET /files/3188/raw/ 1.4ms sql=2
GET /files/ 506.2ms sql=548
GET /files/ 365.8ms sql=430
GET /files/ 349.0ms sql=430
GET /files/ 358.6ms sql=430
GET /files/3190/preview/ 4.1ms sql=4
GET /files/3190/raw/ 1.1ms sql=2
GET /files/ 395.2ms sql=548
GET /files/ 500.6ms sql=548
GET /files/3188/preview/ 5.2ms sql=4
GET /files/3188/raw/ 3.0ms sql=2
GET /files/projects/ 38.3ms sql=7
GET /files/projects/ 9.1ms sql=6
GET /files/projects/ 14.2ms sql=6
GET /files/projects/ 12.9ms sql=6
GET /files/projects/ 434.2ms sql=953
GET /files/projects/ 329.0ms sql=953
GET /files/projects/ 403.9ms sql=957
GET /files/ 31.6ms sql=24
GET /files/ 464.9ms sql=556
GET /files/ 511.8ms sql=556
GET /files/ 431.1ms sql=556
GET /files/ 450.3ms sql=556
GET /files/3192/preview/ 4.4ms sql=4
GET /files/3192/raw/ 1.2ms sql=2
GET /files/ 396.9ms sql=556
GET /files/ 332.7ms sql=433
GET /files/ 390.0ms sql=433
GET /files/ 384.6ms sql=433
GET /files/3195/preview/ 5.1ms sql=4
GET /files/3195/raw/ 1.0ms sql=2
GET /files/ 525.5ms sql=556
GET /files/ 388.1ms sql=556
GET /files/ 480.6ms sql=556
GET /files/ 396.7ms sql=556
GET /files/ 419.6ms sql=556
GET /files/ 507.9ms sql=556
GET /files/ 469.2ms sql=556
GET /files/ 334.7ms sql=436
GET /files/ 346.2ms sql=436
GET /files/ 327.6ms sql=436
GET /files/3196/preview/ 5.5ms sql=4
GET /files/3196/raw/ 1.5ms sql=2
GET /files/ 556.6ms sql=556
GET /files/ 423.6ms sql=556
GET /files/ 391.6ms sql=556
GET /files/ 425.4ms sql=439
GET /files/ 340.4ms sql=439
GET /files/ 342.3ms sql=439
GET /files/3197/preview/ 5.5ms sql=4
GET /files/3197/raw/ 1.5ms sql=2
GET /files/ 479.8ms sql=556
GET /files/ 491.4ms sql=556
GET /files/ 388.8ms sql=556
GET /files/ 355.8ms sql=442
GET /files/ 353.7ms sql=442
GET /files/ 351.3ms sql=442
GET /files/3198/preview/ 4.4ms sql=4
GET /files/3198/raw/ 1.2ms sql=2
GET /files/ 650.9ms sql=556
GET /files/ 402.0ms sql=556
GET /files/ 450.2ms sql=556
GET / 4.0ms sql=0
GET / 0.4ms sql=0
GET / 0.3ms sql=0
GET / 0.3ms sql=0
GET / 0.2ms sql=0
GET /login/ 0.9ms sql=0
GET /sse 3.3ms sql=0
GET /files/ 339.1ms sql=445
GET /files/ 337.2ms sql=445
GET /files/ 367.1ms sql=445
GET /files/3199/preview/ 5.6ms sql=4
GET /files/3199/raw/ 1.5ms sql=2
GET /files/htmlpdf/ 138.5ms sql=226
GET /files/htmlpdf/ 132.5ms sql=225
GET /files/htmlpdf/ 131.6ms sql=227
GET /files/htmlpdf/ 133.5ms sql=230
GET /files/htmlpdf/editor/2282/ 3.8ms sql=5
GET /files/htmlpdf/editor/2282/ 3.9ms sql=5
GET /files/htmlpdf/api/template-jsons/ 32.2ms sql=12
GET /files/htmlpdf/template/2282/ 5.8ms sql=2
GET /files/ 46.0ms sql=24
GET /files/ 441.7ms sql=556
GET /files/ 383.3ms sql=556
GET /files/ 421.9ms sql=556
GET /files/ 398.3ms sql=556
GET /files/ 391.7ms sql=556
GET /files/ 379.2ms sql=448
GET /files/ 452.0ms sql=448
GET /files/ 375.6ms sql=448
GET /files/3200/preview/ 5.6ms sql=4
GET /files/3200/raw/ 1.0ms sql=2
GET /files/htmlpdf/ 133.3ms sql=226
GET /files/task-management/ 49.5ms sql=36
GET /files/task-management/ 42.7ms sql=36
GET /files/task-management/ 40.9ms sql=38
GET /files/task-management/ 59.8ms sql=47
GET /files/2282/preview/ 3.7ms sql=4
GET /files/2282/raw/ 1.0ms sql=2
GET /files/task-management/ 51.4ms sql=47
GET /files/2343/preview/ 3.8ms sql=4
GET /files/2343/raw/ 1.1ms sql=2
GET /files/projects/ 12.6ms sql=6
GET /files/projects/ 9.1ms sql=6
GET /files/projects/ 92.7ms sql=6
GET /files/projects/ 13.7ms sql=6
GET /files/projects/ 364.4ms sql=963
GET /files/projects/ 332.3ms sql=963
GET /files/projects/ 417.2ms sql=965
GET /files/ 15.1ms sql=24
GET /files/ 400.2ms sql=560
GET /files/ 391.2ms sql=560
GET /files/ 388.5ms sql=560
GET /files/ 471.8ms sql=560
GET /files/ 396.1ms sql=560
GET /files/ 338.9ms sql=451
GET /files/ 384.9ms sql=451
GET /files/ 440.8ms sql=451
GET /files/3203/preview/ 3.2ms sql=4
GET /files/3203/raw/ 1.1ms sql=2
GET /files/ 469.1ms sql=560
GET /files/ 382.0ms sql=560
GET /files/ 449.4ms sql=560
GET /files/ 413.4ms sql=454
GET /files/ 418.1ms sql=454
GET /files/ 412.6ms sql=454
GET /files/3204/preview/ 4.0ms sql=4
GET /files/3204/raw/ 1.0ms sql=2
GET /files/ 421.0ms sql=560
GET /files/ 506.0ms sql=560
GET /files/3202/preview/ 3.8ms sql=4
GET /files/3202/raw/ 1.0ms sql=2
GET /files/projects/ 12.8ms sql=7
GET /files/projects/ 9.0ms sql=6
GET /files/projects/ 9.6ms sql=6
GET /files/projects/ 9.8ms sql=6
GET /files/projects/ 332.9ms sql=967
GET /files/projects/ 331.9ms sql=967
GET /files/projects/ 9.6ms sql=6
GET /files/projects/ 9.6ms sql=6
GET /files/projects/ 9.2ms sql=6
GET /files/projects/ 12.3ms sql=6
GET /files/projects/ 400.6ms sql=967
GET /files/projects/ 327.6ms sql=967
GET /files/projects/ 397.7ms sql=969
GET /files/ 20.7ms sql=24
GET /files/ 507.6ms sql=564
GET /files/ 423.2ms sql=564
GET /files/ 450.8ms sql=564
GET /files/ 511.7ms sql=564
GET /files/3206/preview/ 4.3ms sql=4
GET /files/3206/raw/ 1.6ms sql=2
GET /files/ 405.1ms sql=564
GET /files/ 401.0ms sql=457
GET /files/ 363.1ms sql=457
GET /files/ 550.2ms sql=457
GET /files/3207/preview/ 4.6ms sql=4
GET /files/3207/raw/ 1.1ms sql=2
GET /files/ 618.6ms sql=564
GET /files/ 395.6ms sql=564
GET /files/ 409.9ms sql=564
GET /files/ 452.0ms sql=460
GET /files/ 365.3ms sql=460
GET /files/ 369.6ms sql=460
GET /files/3208/preview/ 4.4ms sql=4
GET /files/3208/raw/ 1.0ms sql=2
GET / 0.8ms sql=0
GET / 0.1ms sql=0
GET /login/ 0.8ms sql=0
GET /login/ 3.6ms sql=0
GET /favicon.ico 5.2ms sql=0
GET / 0.3ms sql=0
GET /login/ 0.9ms sql=0
GET / 0.2ms sql=0
GET /login/ 0.6ms sql=0
GET /favicon.ico 3.2ms sql=0
GET / 0.2ms sql=0
GET / 0.3ms sql=0
GET /login/ 0.6ms sql=0
GET / 0.2ms sql=0
GET / 0.2ms sql=0
GET /login/ 0.6ms sql=0
GET / 0.3ms sql=0
GET / 0.2ms sql=0
GET /login/ 0.6ms sql=0
GET /shell 3.3ms sql=0
GET / 0.3ms sql=0
GET / 0.3ms sql=0
GET /login/ 0.8ms sql=0
GET / 0.2ms sql=0
GET /login/ 0.6ms sql=0
GET / 0.2ms sql=0
GET /login/ 1.5ms sql=0
GET / 0.2ms sql=0
GET /login/ 0.6ms sql=0
GET / 0.3ms sql=0
GET / 0.3ms sql=0
GET /login/ 0.6ms sql=0
GET / 0.2ms sql=0
GET /login/ 0.6ms sql=0
GET / 0.2ms sql=0
GET /login/ 0.6ms sql=0
GET /login/favicon.ico 3.5ms sql=0
GET / 0.3ms sql=0
GET /login/ 0.6ms sql=0
GET / 0.2ms sql=0
GET /login/ 0.8ms sql=0
GET / 0.2ms sql=0
GET /login/ 0.7ms sql=0
GET / 0.3ms sql=0
GET / 0.2ms sql=0
GET /login/ 0.6ms sql=0
GET / 0.2ms sql=0
GET /login/ 0.9ms sql=0
GET / 0.2ms sql=0
GET /login/ 0.6ms sql=0
GET / 0.2ms sql=0
GET /login/ 0.6ms sql=0
GET / 0.2ms sql=0
GET /login/ 0.5ms sql=0
GET / 0.3ms sql=0
GET /login/ 0.6ms sql=0
GET /login/ 0.6ms sql=0
GET / 0.3ms sql=0
GET /login/ 0.6ms sql=0
GET / 0.2ms sql=0
GET /login/ 0.6ms sql=0
GET / 0.2ms sql=0
GET /login/ 0.6ms sql=0
GET / 0.3ms sql=0
GET /login/ 2.9ms sql=0
GET / 0.2ms sql=0
GET /login/ 0.6ms sql=0
GET / 0.2ms sql=0
GET /login/ 0.6ms sql=0
GET / 0.2ms sql=0
GET / 0.2ms sql=0
GET /login/ 0.8ms sql=0
GET /favicon.ico 3.2ms sql=0
GET / 0.3ms sql=0
GET /login/ 0.9ms sql=0
GET / 0.4ms sql=0
GET / 0.2ms sql=0
GET / 0.2ms sql=0
GET /login/ 0.7ms sql=0
GET / 0.2ms sql=0
GET /login/ 0.5ms sql=0
GET /favicon.ico 3.1ms sql=0
GET / 0.2ms sql=0
GET /login/ 0.6ms sql=0
GET / 10.7ms sql=8
GET /files/ 15.8ms sql=24
GET /files/projects/ 11.9ms sql=7
GET /files/ 17.1ms sql=24
GET /files/commission-manage/ 32.9ms sql=31
GET /files/projects/ 8.4ms sql=6
GET /files/commission-manage/ 27.9ms sql=31
GET /files/commission-manage/ 63.0ms sql=56
GET /files/commission-manage/ 34.1ms sql=56
GET /files/projects/ 384.6ms sql=972
GET /files/commission-manage/ 37.5ms sql=56
GET / 21.0ms sql=0
GET /login/ 3.9ms sql=0
GET /files/commission-manage/ 166.2ms sql=215
GET /files/commission-manage/ 187.3ms sql=215
GET /api/v2/inspections/projects/260001/tasks 12.0ms sql=0
GET /api/v2/library/files/2633/download/ 2.6ms sql=0
GET /favicon.ico 10.1ms sql=0
GET / 19.0ms sql=0
GET /login/ 4.0ms sql=0
GET / 17.7ms sql=0
GET / 24.2ms sql=0
GET /login/ 3.8ms sql=0
GET /favicon.ico 4.8ms sql=0
GET /files/commission-manage/ 186.7ms sql=195
GET /files/projects/ 387.0ms sql=972
GET /files/projects/ 364.5ms sql=971
GET /files/projects/ 448.3ms sql=971
GET /files/projects/ 381.0ms sql=971
GET /files/projects/ 455.7ms sql=971
GET /files/projects/ 371.9ms sql=971
GET /files/projects/ 349.5ms sql=971
GET /files/commission-manage/ 125.9ms sql=195
GET / 0.2ms sql=0
GET /login/ 0.7ms sql=0
GET / 0.2ms sql=0
GET / 0.2ms sql=0
GET /login/ 0.5ms sql=0
GET /api/v2/auth/token/refresh/ 19.4ms sql=0
GET /api/v2/library/files/2927/download/ 2.7ms sql=0
GET /files/commission-manage/ 170.7ms sql=195
GET /files/ 45.4ms sql=24
GET /files/commission-manage/ 124.9ms sql=195
GET /files/projects/ 360.4ms sql=971
GET /files/projects/ 13.5ms sql=6
GET /files/commission-manage/ 144.1ms sql=195
GET /files/commission-manage/ 278.7ms sql=350
GET /files/projects/ 341.5ms sql=972
GET /files/projects/ 569.2ms sql=1127
GET /files/ 26.0ms sql=24
GET /files/commission-manage/ 191.5ms sql=350
GET /api/v2/library/files/2927/download 13.4ms sql=0
GET /api/v2/library/files/2927/download/ 6.5ms sql=0
GET /files/task-management/ 52.5ms sql=36
GET /files/commission-manage/ 294.9ms sql=350
GET /files/projects/ 9.8ms sql=6
GET /files/projects/ 9.3ms sql=6
GET /files/projects/ 9.9ms sql=6
GET /files/projects/ 9.3ms sql=6
GET /files/projects/ 418.7ms sql=1126
GET /files/projects/ 426.4ms sql=1126
GET /files/projects/ 543.5ms sql=1128
GET /files/projects/ 399.5ms sql=1127
GET /files/projects/ 487.0ms sql=1127
GET /files/projects/ 480.5ms sql=1127
GET /files/projects/ 423.9ms sql=1126
GET /files/projects/ 1258.4ms sql=1117
GET /files/projects/ 485.8ms sql=1127
GET /files/projects/ 422.5ms sql=1134
GET /files/projects/ 483.7ms sql=1134
GET /files/projects/ 382.9ms sql=1134
GET /files/projects/ 379.2ms sql=1134
GET /files/projects/ 471.0ms sql=1134
GET /files/projects/ 398.3ms sql=1134
GET /files/projects/ 479.8ms sql=1134
GET /files/projects/ 385.8ms sql=1134
GET /files/projects/ 386.3ms sql=1134
GET /files/projects/ 505.2ms sql=1135
GET /files/projects/ 378.5ms sql=1134
GET /files/projects/ 440.9ms sql=1134
GET /files/projects/ 373.5ms sql=1134
GET /files/projects/ 375.5ms sql=1134
GET /files/projects/ 438.7ms sql=1134
GET /files/projects/ 372.4ms sql=1134
GET /files/projects/ 449.6ms sql=1134
GET /files/projects/ 379.8ms sql=1134
GET /files/projects/ 400.9ms sql=1134
GET /files/projects/ 451.6ms sql=1134
GET /files/projects/ 379.5ms sql=1134
GET /files/projects/ 511.3ms sql=1135
GET /files/projects/ 743.0ms sql=1473
GET /files/projects/ 663.2ms sql=1473
GET /files/projects/ 556.2ms sql=1472
GET / 3.4ms sql=0
GET / 0.5ms sql=0
GET /login/ 0.9ms sql=0
GET / 0.2ms sql=0
GET /login/ 0.6ms sql=0
GET / 0.2ms sql=0
GET /login/ 0.6ms sql=0
GET / 0.2ms sql=0
GET /login/ 1.0ms sql=0
GET / 0.2ms sql=0
GET /login/ 0.8ms sql=0
GET / 0.2ms sql=0
GET /login/ 0.8ms sql=0
GET / 0.3ms sql=0
GET /login/ 0.6ms sql=0
GET / 0.3ms sql=0
GET / 0.3ms sql=0
GET / 0.2ms sql=0
GET /login/ 0.6ms sql=0
GET / 5.8ms sql=8
GET /files/ 21.1ms sql=24
GET /logout/ 24.1ms sql=4
GET /login/ 3.9ms sql=0
GET / 7.2ms sql=6
GET /users/ 5.4ms sql=3
GET /users/create/ 29.9ms sql=2
GET /users/ 4.4ms sql=2
GET /users/create/ 2.5ms sql=2
GET / 1.1ms sql=0
GET /login/ 1.1ms sql=0
GET / 0.3ms sql=0
GET /files/projects/ 17.7ms sql=5
GET /files/projects/ 15.0ms sql=4
GET /files/projects/ 10.6ms sql=4
GET /files/projects/ 8.0ms sql=4
GET /files/projects/ 637.7ms sql=1470
GET /files/projects/ 593.5ms sql=1470
GET /files/projects/ 660.4ms sql=1470
GET / 0.3ms sql=0
GET /login/ 0.9ms sql=0
GET /files/ 20.4ms sql=22
GET /files/projects/ 39.9ms sql=5
GET /files/projects/ 11.5ms sql=4
GET /files/ 51.2ms sql=22
GET /users/ 4.2ms sql=2
GET /users/create/ 4.4ms sql=2
GET /users/create/ 2.4ms sql=2
GET /shell 8.4ms sql=0
GET / 1.7ms sql=0
GET /login/ 4.4ms sql=0
GET /mcp 3.2ms sql=0
GET /files/ 149.1ms sql=22
GET /files/commission-manage/ 273.9ms sql=348
GET /files/projects/ 17.6ms sql=5
GET /files/projects/ 13.1ms sql=4
GET /files/projects/ 13.3ms sql=4
GET /files/projects/ 12.5ms sql=4
GET /files/projects/ 8.4ms sql=4
GET /files/projects/ 8.1ms sql=4
GET /files/projects/ 8.1ms sql=4
GET /files/projects/ 8.2ms sql=4
GET /files/projects/ 8.5ms sql=4
GET /files/projects/ 12.1ms sql=4
GET /files/projects/ 579.7ms sql=1470
GET /files/projects/ 14.0ms sql=4
GET /files/projects/ 10.1ms sql=4
GET /files/hospital-info/ 6.1ms sql=2
GET /files/hospital-info/ 28.3ms sql=39
GET /files/hospital-info/ 41.2ms sql=76
GET /files/hospital-info/ 41.3ms sql=76
GET /files/hospital-info/ 28.3ms sql=47
GET /files/hospital-info/ 33.5ms sql=40
GET /files/hospital-info/ 14.3ms sql=13
GET /files/hospital-info/ 12.0ms sql=11
GET /files/hospital-info/ 35.0ms sql=42
GET /files/hospital-info/ 35.3ms sql=42
GET /files/hospital-info/ 11.3ms sql=9
GET /files/hospital-info/ 109.7ms sql=40
GET /files/hospital-info/ 10.5ms sql=10
GET /files/hospital-info/ 27.3ms sql=41
GET /files/hospital-info/ 18.5ms sql=33
GET /files/hospital-info/ 22.6ms sql=30
GET /files/hospital-info/ 12.7ms sql=11
GET /files/hospital-info/ 30.0ms sql=42
GET /files/hospital-info/ 9.2ms sql=9
GET /files/hospital-info/ 23.8ms sql=40
GET /files/hospital-info/ 15.6ms sql=29
GET /files/hospital-info/ 16.1ms sql=27
GET /files/hospital-info/ 31.6ms sql=58
GET /files/hospital-info/ 17.0ms sql=16
GET /files/hospital-info/ 27.3ms sql=47
GET /files/hospital-info/ 12.3ms sql=9
GET /files/hospital-info/ 30.4ms sql=40
GET /files/hospital-info/ 10.4ms sql=10
GET /files/hospital-info/ 30.5ms sql=41
GET /files/hospital-info/ 13.8ms sql=13
GET /files/hospital-info/ 26.8ms sql=44
GET /files/hospital-info/ 3.7ms sql=2
GET /files/hospital-info/ 11.7ms sql=13
GET /files/hospital-info/ 32.4ms sql=45
GET /files/hospital-info/ 28.2ms sql=45
GET /files/hospital-info/ 30.2ms sql=41
GET /files/hospital-info/ 10.5ms sql=13
GET /files/hospital-info/ 25.2ms sql=44
GET /files/hospital-info/ 3.8ms sql=2
GET /files/hospital-info/ 10.4ms sql=16
GET /files/hospital-info/ 29.8ms sql=48
GET /files/hospital-info/ 23.2ms sql=40
GET /files/hospital-info/ 10.9ms sql=13
GET /files/hospital-info/ 31.3ms sql=44
GET /files/hospital-info/ 3.4ms sql=2
GET /files/hospital-info/ 3.8ms sql=2
GET /database/devices/ 23.8ms sql=6
GET /files/commission-manage/ 216.1ms sql=342
GET /files/ 16.5ms sql=22
GET /files/projects/ 8.9ms sql=4
GET /files/ 14.3ms sql=22
GET /users/ 3.9ms sql=2
GET /database/devices/ 19.0ms sql=6
GET /users/ 2.6ms sql=2
GET /files/hospital-info/ 3.0ms sql=2
GET /files/commission-manage/ 198.7ms sql=342
GET /files/projects/ 8.1ms sql=4
GET /files/commission-manage/ 204.2ms sql=342
GET /wp-json/wp/v2/settings 4.2ms sql=0
GET /wp-json/gravitysmtp/v1/settings 12.9ms sql=0
GET /files/commission-manage/ 349.5ms sql=342
GET /files/projects/ 60.6ms sql=69
GET /files/commission-manage/ 231.9ms sql=342
GET /files/commission-manage/ 209.5ms sql=336
GET /files/commission-manage/ 227.2ms sql=336
GET /files/commission-manage/ 223.4ms sql=330
GET /files/commission-manage/ 305.7ms sql=329
GET /files/hospital-info/ 5.6ms sql=2
GET /files/hospital-info/ 64.8ms sql=201
GET /files/hospital-info/ 57.7ms sql=198
GET /files/hospital-info/ 55.1ms sql=196
GET /files/hospital-info/ 58.4ms sql=201
GET / 1.1ms sql=0
GET /login/ 1.3ms sql=0
GET / 0.2ms sql=0
GET /login/ 0.6ms sql=0
GET /login/ 0.6ms sql=0
GET / 6.4ms sql=9
GET /files/projects/ 17.3ms sql=8
GET /files/projects/ 8.9ms sql=7
GET /files/projects/ 10.2ms sql=7
GET /files/projects/ 9.2ms sql=7
GET /files/projects/ 490.9ms sql=1475
GET /files/ 24.5ms sql=32
GET /files/ 956.4ms sql=2547
GET /files/ 872.7ms sql=2547
GET /files/ 868.5ms sql=2547
GET /files/ 851.8ms sql=2547
GET /files/ 979.8ms sql=2547
GET /files/ 618.2ms sql=1243
GET /files/ 876.6ms sql=2547
GET /files/ 672.5ms sql=1243
GET /files/ 579.9ms sql=1183
GET /files/ 541.5ms sql=1183
GET /files/ 596.9ms sql=1243
GET /files/ 569.2ms sql=1243
GET /files/ 762.2ms sql=1243
GET /files/ 602.8ms sql=1243
GET /files/ 611.8ms sql=1243
GET /files/ 568.1ms sql=1243
GET /files/ 682.3ms sql=1243
GET /files/ 572.1ms sql=1243
GET /files/ 580.1ms sql=1243
GET /files/ 569.2ms sql=1243
GET /files/ 14154.3ms sql=1183
GET /files/ 1439.9ms sql=1243
GET /files/ 680.0ms sql=1243
GET /files/ 587.1ms sql=1199
GET /files/ 544.1ms sql=1199
GET /files/3210/download/ 2.7ms sql=6
GET /files/3210/download/ 2.5ms sql=6
GET /files/ 0.3ms sql=0
GET /login/ 0.8ms sql=0
GET /api/v2/inspections/projects/260001/tasks/26/export-frontend-json 9.4ms sql=0
GET /files/projects/ 0.3ms sql=0
GET /login/ 0.6ms sql=0
GET /logout/ 7.8ms sql=4
GET /login/ 0.8ms sql=0
GET / 6.9ms sql=8
GET /files/ 12.8ms sql=18
GET /files/ 385.2ms sql=558
GET /files/ 976.8ms sql=1245
GET /files/ 918.5ms sql=558
GET /files/ 602.2ms sql=1243
GET /files/ 687.6ms sql=1243
GET /files/projects/ 8.4ms sql=6
GET /files/projects/ 8.0ms sql=6
GET /files/projects/ 11.1ms sql=6
GET /files/projects/ 12.0ms sql=6
GET /files/projects/ 539.0ms sql=1474
GET /files/projects/ 514.2ms sql=1474
GET /files/projects/ 603.7ms sql=1476
GET /files/ 12.7ms sql=18
GET /files/ 395.5ms sql=562
GET /files/ 390.2ms sql=562
GET /files/ 393.2ms sql=562
GET /files/ 409.7ms sql=562
GET /files/ 592.6ms sql=1252
GET /files/3212/preview/ 6.0ms sql=4
GET /files/3212/raw/ 1.6ms sql=2
GET /files/ 392.2ms sql=562
GET /files/ 374.8ms sql=463
GET /files/ 381.5ms sql=463
GET /files/ 355.6ms sql=463
GET /files/3213/preview/ 3.4ms sql=4
GET /files/3213/raw/ 1.3ms sql=2
GET /files/ 483.7ms sql=562
GET /files/ 394.5ms sql=562
GET /files/2383/preview/ 3.4ms sql=4
GET /files/2383/raw/ 1.0ms sql=2
GET /api/v2/library/files/1927/download/ 2.6ms sql=0
GET /files/2383/download/ 3.6ms sql=6
GET /files/2383/download/ 2.5ms sql=6
GET /files/ 12.5ms sql=18
GET /files/ 401.7ms sql=562
GET /files/ 425.4ms sql=562
GET /files/ 393.5ms sql=562
GET /files/3212/download/ 3.5ms sql=6
GET /files/ 433.7ms sql=562
GET /files/3212/preview/ 5.5ms sql=4
GET /files/3212/raw/ 1.6ms sql=2
GET /files/3212/download/ 4.5ms sql=6
GET /files/ 592.6ms sql=1261
GET /files/3210/download/ 0.4ms sql=0
GET /login/ 0.9ms sql=0
GET /files/2383/download/ 2.4ms sql=6
GET /files/2383/download/ 3.3ms sql=6
GET /files/ 938.4ms sql=2547
GET /files/ 957.6ms sql=2547
GET /files/ 589.3ms sql=1261
GET / 0.2ms sql=0
GET /login/ 0.6ms sql=0
GET /files/ 672.9ms sql=1261
GET /files/ 616.1ms sql=1263
GET /files/ 581.9ms sql=1261
GET /files/2383/download/ 3.4ms sql=6
GET /files/2383/download/ 2.4ms sql=6
GET /files/ 605.2ms sql=1261
GET /files/ 581.0ms sql=1261
GET /files/ 579.8ms sql=1261
GET /files/ 576.6ms sql=1261
GET /files/ 670.1ms sql=1261
GET /files/ 577.3ms sql=1261
GET /files/ 687.9ms sql=1261
GET /files/ 4044.2ms sql=1207
GET /files/ 1343.4ms sql=1261
GET /files/ 583.5ms sql=1261
GET /files/ 583.0ms sql=1261
GET /files/ 582.9ms sql=1261
GET /api/v2/inspections/projects/260001/tasks/26/submit 2.8ms sql=0
GET /files/3218/download/ 2.8ms sql=6
GET /files/ 601.0ms sql=1261
GET /files/ 675.2ms sql=1215
GET /files/ 581.5ms sql=1215
GET /files/ 675.7ms sql=1215
GET /files/3219/download/ 2.4ms sql=6
GET /files/3219/download/ 3.5ms sql=6
GET /files/2383/download/ 0.3ms sql=0
GET /api/v2/library/files/1558/download/ 2.7ms sql=0
GET /files/3218/download/ 0.3ms sql=0
GET /login/ 0.7ms sql=0
GET /files/ 0.3ms sql=0
GET /login/ 0.8ms sql=0
GET /files/3219/download/ 0.3ms sql=0
GET / 0.3ms sql=0
GET /login/ 0.6ms sql=0
GET / 5.2ms sql=9
GET /files/htmlpdf/ 394.9ms sql=986
GET /files/task-management/ 47.2ms sql=43
GET /files/htmlpdf/ 354.5ms sql=986
GET /files/htmlpdf/ 381.4ms sql=999
GET /files/htmlpdf/editor/2980/ 4.8ms sql=7
GET /files/htmlpdf/editor/2980/ 5.1ms sql=7
GET /files/htmlpdf/api/template-jsons/ 51.9ms sql=112
GET /files/htmlpdf/template/2980/ 1.7ms sql=4
GET /api/v2/library/files/2633/download/ 2.7ms sql=0
GET /files/htmlpdf/ 408.8ms sql=987
GET /files/htmlpdf/ 361.5ms sql=999
GET /files/htmlpdf/editor/2987/ 4.5ms sql=7
GET /files/htmlpdf/editor/2987/ 4.5ms sql=7
GET /files/htmlpdf/api/template-jsons/ 43.2ms sql=84
GET /files/htmlpdf/template/2987/ 1.7ms sql=4
GET /files/ 1039.2ms sql=2427
GET /files/task-management/ 56.3ms sql=60
GET /files/task-management/ 59.8ms sql=60
GET /files/htmlpdf/ 379.6ms sql=999
GET /files/htmlpdf/editor/2982/ 4.7ms sql=7
GET /files/htmlpdf/editor/2982/ 6.8ms sql=7
GET /files/htmlpdf/api/template-jsons/ 35.9ms sql=84
GET /files/htmlpdf/template/2982/ 1.8ms sql=4
GET /files/htmlpdf/api/table-cell-at-point/ 0.3ms sql=0
GET /files/htmlpdf/editor/2980/ 0.3ms sql=0
GET /login/ 0.7ms sql=0
GET /files/ 902.7ms sql=2441
GET /files/ 1008.0ms sql=2455
GET /files/htmlpdf/ 357.4ms sql=999
GET /files/htmlpdf/editor/2983/ 4.4ms sql=7
GET /files/htmlpdf/editor/2983/ 4.4ms sql=7
GET /files/htmlpdf/api/template-jsons/ 28.6ms sql=56
GET /files/htmlpdf/template/2983/ 1.8ms sql=4
GET /files/htmlpdf/template/2013/ 1.8ms sql=4
GET /files/htmlpdf/api/report-task-context/ 0.3ms sql=0
GET /files/ 0.3ms sql=0
GET /login/ 0.7ms sql=0
GET /files/htmlpdf/editor/2987/ 0.3ms sql=0
GET /login/ 0.7ms sql=0
GET /files/htmlpdf/api/use-template-pdf/ 0.3ms sql=0
GET /files/htmlpdf/template/2983/ 0.3ms sql=0
GET /login/ 0.7ms sql=0
GET /files/htmlpdf/template/2013/ 1.9ms sql=4
GET /files/htmlpdf/template/2013/ 1.8ms sql=4
GET /files/htmlpdf/template/2013/ 1.8ms sql=4
GET /files/htmlpdf/template/2013/ 2.3ms sql=4
GET /files/htmlpdf/template/2013/ 2.8ms sql=4
GET /files/htmlpdf/template/2013/ 2.1ms sql=4
GET /files/htmlpdf/template/2013/ 1.8ms sql=4
GET /files/htmlpdf/template/2987/ 0.3ms sql=0
GET /files/htmlpdf/template/2013/ 1.9ms sql=4
GET /files/htmlpdf/template/2013/ 2.6ms sql=4
GET /files/htmlpdf/template/2013/ 1.8ms sql=4
GET /files/htmlpdf/template/2013/ 1.8ms sql=4
GET /files/htmlpdf/template/2013/ 2.7ms sql=4
GET /files/htmlpdf/template/2013/ 2.8ms sql=4
GET /files/htmlpdf/template/2013/ 1.8ms sql=4
GET /files/htmlpdf/template/2980/ 0.3ms sql=0
GET /files/htmlpdf/api/site-template-bundle/ 0.3ms sql=0
GET /login/ 0.6ms sql=0
GET /files/htmlpdf/template/2013/ 2.6ms sql=4
GET /files/htmlpdf/template/2013/ 1.9ms sql=4
GET /files/htmlpdf/template/2013/ 2.7ms sql=4
GET /files/htmlpdf/template/2013/ 2.0ms sql=4
GET /files/htmlpdf/template/2013/ 1.8ms sql=4
GET /files/htmlpdf/template/2013/ 2.7ms sql=4
GET /files/htmlpdf/template/2013/ 2.0ms sql=4
GET /files/htmlpdf/template/2013/ 2.6ms sql=4
GET /files/htmlpdf/template/2013/ 2.8ms sql=4
GET /files/htmlpdf/template/2013/ 1.9ms sql=4
GET /files/htmlpdf/template/2013/ 1.8ms sql=4
GET /files/htmlpdf/template/2013/ 2.7ms sql=4
GET /files/ 1018.1ms sql=2471
GET /files/htmlpdf/template/2013/ 1.8ms sql=4
GET /files/ 936.5ms sql=2483
GET /files/task-management/ 130.6ms sql=60
GET /files/task-management/ 57.1ms sql=60
GET /files/htmlpdf/ 386.6ms sql=999
GET /files/htmlpdf/editor/2984/ 4.4ms sql=7
GET /files/htmlpdf/editor/2984/ 4.5ms sql=7
GET /files/htmlpdf/api/template-jsons/ 34.2ms sql=70
GET /files/htmlpdf/template/2984/ 2.6ms sql=4
GET /files/htmlpdf/template/2013/ 2.8ms sql=4
GET /files/htmlpdf/template/2013/ 1.8ms sql=4
GET /files/htmlpdf/template/2013/ 2.7ms sql=4
GET /files/htmlpdf/template/2013/ 2.5ms sql=4
GET /files/htmlpdf/template/2013/ 1.8ms sql=4
GET /files/htmlpdf/template/2013/ 2.8ms sql=4
GET /files/htmlpdf/template/2013/ 2.8ms sql=4
GET /files/htmlpdf/template/2013/ 2.6ms sql=4
GET /files/htmlpdf/template/2013/ 1.9ms sql=4
GET /files/htmlpdf/template/2013/ 2.5ms sql=4
GET /files/htmlpdf/template/2013/ 2.7ms sql=4
GET /files/htmlpdf/template/2013/ 1.8ms sql=4
GET /files/htmlpdf/api/import-json-from-library/ 0.4ms sql=0
GET /login/ 0.6ms sql=0
GET /files/htmlpdf/template/2013/ 1.8ms sql=4
GET /files/htmlpdf/editor/2984/ 0.4ms sql=0
GET /login/ 0.6ms sql=0
GET /files/htmlpdf/template/2013/ 1.8ms sql=4
GET /files/htmlpdf/template/2013/ 2.5ms sql=4
GET /files/htmlpdf/template/2013/ 2.1ms sql=4
GET /files/htmlpdf/template/2013/ 1.8ms sql=4
GET /files/htmlpdf/template/2013/ 2.3ms sql=4
GET /files/htmlpdf/template/2013/ 2.7ms sql=4
GET /files/htmlpdf/template/2013/ 2.7ms sql=4
GET /files/htmlpdf/template/2013/ 2.8ms sql=4
GET /files/htmlpdf/template/2013/ 2.7ms sql=4
GET /files/htmlpdf/template/2013/ 1.8ms sql=4
GET /files/htmlpdf/template/2013/ 2.5ms sql=4
GET /files/htmlpdf/template/2013/ 2.5ms sql=4
GET /files/htmlpdf/template/2013/ 2.7ms sql=4
GET /files/htmlpdf/template/2013/ 1.8ms sql=4
GET /files/htmlpdf/template/2013/ 1.8ms sql=4
GET /files/htmlpdf/template/2013/ 2.5ms sql=4
GET /files/htmlpdf/template/2013/ 1.9ms sql=4
GET /files/htmlpdf/template/2013/ 1.8ms sql=4
GET /files/htmlpdf/template/2013/ 2.2ms sql=4
GET /files/htmlpdf/template/2013/ 2.6ms sql=4
GET /files/htmlpdf/template/2013/ 2.7ms sql=4
GET /files/htmlpdf/template/2013/ 1.8ms sql=4
GET /files/htmlpdf/template/2013/ 1.8ms sql=4
GET /files/htmlpdf/template/2013/ 1.8ms sql=4
GET /files/htmlpdf/template/2013/ 1.9ms sql=4
GET /files/htmlpdf/template/2013/ 1.8ms sql=4
GET /files/htmlpdf/template/2013/ 1.8ms sql=4
GET /files/htmlpdf/template/2013/ 1.8ms sql=4
GET /files/htmlpdf/template/2013/ 1.9ms sql=4
GET /files/htmlpdf/template/2013/ 2.7ms sql=4
GET /files/htmlpdf/template/2013/ 2.7ms sql=4
GET /files/htmlpdf/template/2013/ 1.8ms sql=4
GET /files/htmlpdf/template/2013/ 2.9ms sql=4
GET /files/htmlpdf/template/2013/ 2.7ms sql=4
GET /files/htmlpdf/template/2013/ 1.8ms sql=4
GET /files/htmlpdf/template/2013/ 2.5ms sql=4
GET /login/ 0.7ms sql=0
GET / 7.6ms sql=9
GET /files/task-management/ 40.7ms sql=43
GET /files/task-management/ 121.4ms sql=60
GET /files/htmlpdf/ 362.0ms sql=999
GET /files/htmlpdf/editor/1947/ 4.4ms sql=7
GET /files/htmlpdf/editor/1947/ 4.4ms sql=7
GET /files/htmlpdf/api/template-jsons/ 21.7ms sql=42
GET /files/htmlpdf/template/1947/ 1.8ms sql=4
GET /files/htmlpdf/template/1947/ 0.3ms sql=0
GET /files/htmlpdf/api/template-jsons/ 0.3ms sql=0
GET /login/ 0.6ms sql=0
GET /files/htmlpdf/editor/1927/ 4.6ms sql=7
GET /files/htmlpdf/editor/1927/ 4.3ms sql=7
GET /files/htmlpdf/template/1927/ 2.9ms sql=4
GET /files/htmlpdf/api/template-jsons/ 176.4ms sql=171
GET /files/task-management/ 66.0ms sql=62
GET /files/htmlpdf/ 361.0ms sql=992
GET /files/htmlpdf/editor/1927/ 4.7ms sql=7
GET /files/htmlpdf/editor/1927/ 6.7ms sql=7
GET /files/htmlpdf/template/1927/ 5.2ms sql=4
GET /files/htmlpdf/api/template-jsons/ 260.1ms sql=171
GET /files/task-management/ 68.2ms sql=60
GET /files/htmlpdf/ 356.6ms sql=992
GET /files/htmlpdf/ 368.5ms sql=999
GET /files/htmlpdf/editor/1947/ 6.4ms sql=7
GET /files/htmlpdf/editor/1947/ 4.6ms sql=7
GET /files/htmlpdf/api/template-jsons/ 21.3ms sql=42
GET /files/htmlpdf/template/1947/ 1.8ms sql=4
GET /files/htmlpdf/template/1927/ 0.3ms sql=0
GET /login/ 0.6ms sql=0
GET /files/task-management/ 124.2ms sql=60
GET /files/task-management/ 68.7ms sql=60
GET /files/task-management/ 52.6ms sql=60
GET /files/task-management/ 73.9ms sql=61
GET /files/htmlpdf/ 357.4ms sql=993
GET /files/htmlpdf/editor/1558/ 4.3ms sql=7
GET /files/htmlpdf/editor/1558/ 4.4ms sql=7
GET /files/htmlpdf/template/1558/ 2.8ms sql=4
GET /files/htmlpdf/api/template-jsons/ 896.6ms sql=733
GET /files/task-management/ 73.9ms sql=60
GET /files/task-management/ 52.7ms sql=60
GET /files/task-management/ 66.0ms sql=63
GET /files/htmlpdf/ 418.5ms sql=993
GET /files/htmlpdf/editor/1927/ 4.3ms sql=7
GET /files/htmlpdf/editor/1927/ 4.7ms sql=7
GET /files/htmlpdf/template/1927/ 3.6ms sql=4
GET /files/htmlpdf/api/template-jsons/ 240.5ms sql=171
GET /api/v2/inspections/projects/260001/tasks/24/export-frontend-json 2.9ms sql=0
GET /files/ 1054.6ms sql=2547
GET /files/ 946.5ms sql=2547
GET /files/task-management/ 41.5ms sql=43
GET /files/task-management/ 54.1ms sql=60
GET /files/task-management/ 64.5ms sql=61
GET /files/htmlpdf/ 356.8ms sql=993
GET /files/htmlpdf/editor/1927/ 4.7ms sql=7
GET /files/htmlpdf/editor/1927/ 4.8ms sql=7
GET /files/htmlpdf/template/1927/ 3.8ms sql=4
GET /files/htmlpdf/api/template-jsons/ 272.1ms sql=186
GET /files/task-management/ 0.3ms sql=0
GET /files/task-management/ 73.2ms sql=60
GET /files/htmlpdf/template/1558/ 0.3ms sql=0
GET /login/ 0.6ms sql=0
GET /files/htmlpdf/ 363.1ms sql=992
GET /files/htmlpdf/editor/1927/ 4.3ms sql=7
GET /files/htmlpdf/editor/1927/ 4.4ms sql=7
GET /files/htmlpdf/template/1927/ 9.2ms sql=4
GET /files/htmlpdf/api/template-jsons/ 172.1ms sql=186
GET /files/task-management/ 66.1ms sql=62
GET /files/task-management/ 82.1ms sql=60
GET /files/htmlpdf/ 355.6ms sql=992
GET /files/htmlpdf/editor/1765/ 4.4ms sql=7
GET /files/htmlpdf/editor/1765/ 4.8ms sql=7
GET /files/htmlpdf/template/1765/ 4.5ms sql=4
GET /files/htmlpdf/api/template-jsons/ 2151.0ms sql=1066
GET /files/task-management/ 80.8ms sql=60
GET /files/htmlpdf/ 366.3ms sql=992
GET /files/htmlpdf/ 431.7ms sql=999
GET /files/htmlpdf/editor/2063/ 4.6ms sql=7
GET /files/htmlpdf/editor/2063/ 4.3ms sql=7
GET /files/htmlpdf/template/2063/ 3.5ms sql=4
GET /files/htmlpdf/api/template-jsons/ 117.7ms sql=210
GET /files/htmlpdf/editor/1765/ 0.3ms sql=0
GET /login/ 0.6ms sql=0
GET /files/task-management/ 66.5ms sql=60
GET /files/task-management/ 81.6ms sql=60
GET /files/htmlpdf/ 368.5ms sql=992
GET /files/htmlpdf/editor/1765/ 4.4ms sql=7
GET /files/htmlpdf/editor/1765/ 4.7ms sql=7
GET /files/htmlpdf/template/1765/ 5.3ms sql=4
GET /files/htmlpdf/api/template-jsons/ 1599.9ms sql=1066
GET /api/v2/library/files/1765/download/ 2.6ms sql=0
GET /files/task-management/ 174.0ms sql=62
GET /files/task-management/ 75.9ms sql=60
GET /files/htmlpdf/ 365.5ms sql=992
GET /files/htmlpdf/ 378.9ms sql=999
GET /files/htmlpdf/editor/1978/ 5.4ms sql=7
GET /files/htmlpdf/editor/1978/ 4.8ms sql=7
GET /files/htmlpdf/api/template-jsons/ 16.9ms sql=28
GET /files/htmlpdf/template/1978/ 1.8ms sql=4
GET /files/htmlpdf/ 0.3ms sql=0
GET /files/htmlpdf/template/1765/ 0.3ms sql=0
GET /files/task-management/ 55.0ms sql=60
GET /files/task-management/ 43.0ms sql=44
GET /files/task-management/ 55.8ms sql=60
GET /files/task-management/ 63.2ms sql=60
GET /files/htmlpdf/ 352.1ms sql=992
GET /files/htmlpdf/editor/1927/ 6.6ms sql=7
GET /files/htmlpdf/editor/1927/ 5.0ms sql=7
GET /files/htmlpdf/template/1927/ 13.1ms sql=4
GET /files/htmlpdf/api/template-jsons/ 289.2ms sql=186
GET /files/task-management/ 82.7ms sql=60
GET /files/task-management/ 118.3ms sql=43
GET /files/task-management/ 48.2ms sql=44
GET /files/task-management/ 82.2ms sql=60
GET /files/task-management/ 102.9ms sql=61
GET /files/htmlpdf/ 368.3ms sql=993
GET /files/htmlpdf/editor/1558/ 4.6ms sql=7
GET /files/htmlpdf/editor/1558/ 4.5ms sql=7
GET /files/htmlpdf/template/1558/ 3.2ms sql=4
GET /files/htmlpdf/api/template-jsons/ 766.2ms sql=733
GET /files/htmlpdf/template/1978/ 0.3ms sql=0
GET /login/ 0.6ms sql=0
GET /api/v2/library/files/1954/download/ 2.6ms sql=0
GET /login/ 0.8ms sql=0
GET / 5.0ms sql=9
GET /files/task-management/ 44.4ms sql=43
GET /api/v2/library/files/1769/download/ 3.2ms sql=0
GET /files/task-management/ 69.7ms sql=60
GET /files/htmlpdf/ 421.3ms sql=992
GET /files/htmlpdf/editor/1769/ 4.3ms sql=7
GET /files/htmlpdf/editor/1769/ 4.6ms sql=7
GET /files/htmlpdf/template/1769/ 3.1ms sql=4
GET /files/htmlpdf/api/template-jsons/ 296.4ms sql=253
GET /files/task-management/ 74.4ms sql=60
GET /files/htmlpdf/api/template-jsons/ 0.3ms sql=0
GET /login/ 0.6ms sql=0
GET /api/v2/inspections/projects/260001/tasks/01/export-frontend-json 2.8ms sql=0
GET /api/v2/inspections/projects/260001/tasks/18/export-frontend-json 2.8ms sql=0
GET /api/v2/library/files/1990/download/ 2.6ms sql=0
GET /api/v2/library/files/2927/download/ 2.6ms sql=0
GET / 5.5ms sql=9
GET /files/ 16.5ms sql=32
GET /files/commission-manage/ 255.3ms sql=613
GET /files/ 21.9ms sql=32
GET /files/ 21.6ms sql=32
GET /files/ 591.4ms sql=1255
GET /files/ 1077.9ms sql=1255
GET /files/ 1696.0ms sql=1255
GET /files/ 1735.8ms sql=1255
GET /files/ 1630.3ms sql=1255
GET /files/htmlpdf/template/1769/ 0.3ms sql=0
GET /files/ 592.2ms sql=1255
GET /files/ 627.0ms sql=1255
GET /files/3136/download/ 2.4ms sql=6
GET /files/ 699.5ms sql=1255
GET /files/ 572.6ms sql=1255
GET /files/commission-manage/ 0.3ms sql=0
GET /files/ 16.9ms sql=32
GET /files/htmlpdf/ 361.4ms sql=986
GET /files/htmlpdf/ 353.6ms sql=986
GET /files/htmlpdf/ 372.7ms sql=999
GET /files/htmlpdf/editor/2979/ 4.4ms sql=7
GET /files/htmlpdf/editor/2979/ 4.5ms sql=7
GET /files/htmlpdf/editor/2979/ 4.3ms sql=7
GET /files/htmlpdf/api/template-jsons/ 41.4ms sql=85
GET /files/htmlpdf/template/2979/ 1.8ms sql=4
GET /api/v2/inspections/projects/260001/tasks/19/export-frontend-json 3.0ms sql=0
GET /api/v2/library/files/1991/download/ 2.7ms sql=0
GET /files/htmlpdf/editor/2979/ 4.4ms sql=7
GET /files/htmlpdf/api/template-jsons/ 34.8ms sql=85
GET /files/htmlpdf/template/2979/ 1.8ms sql=4
GET /files/ 22.2ms sql=34
GET /files/ 647.2ms sql=1264
GET /files/ 1037.9ms sql=1264
GET /files/ 1141.8ms sql=1264
GET /files/ 608.4ms sql=1264
GET /files/ 579.4ms sql=1264
GET /files/ 2872.9ms sql=1223
GET /files/ 1423.2ms sql=1264
GET /files/ 631.5ms sql=1264
GET /files/ 580.0ms sql=1264
GET /files/ 581.9ms sql=1264
GET /files/ 550.9ms sql=1223
GET /files/ 658.7ms sql=1223
GET /files/ 558.2ms sql=1223
GET /files/3232/download/ 2.4ms sql=6
GET /files/3232/download/ 0.4ms sql=0
GET /login/ 0.7ms sql=0
GET /files/3232/download/ 2.4ms sql=6
GET /api/v2/inspections/projects/260001/tasks/34/export-frontend-json 3.0ms sql=0
GET /files/htmlpdf/ 385.4ms sql=986
GET /api/v2/inspections/projects/260001/tasks/18/submit 3.2ms sql=0
GET /files/htmlpdf/ 393.5ms sql=999
GET /files/htmlpdf/editor/2979/ 4.6ms sql=7
GET /files/htmlpdf/editor/2979/ 9.1ms sql=7
GET /files/htmlpdf/api/template-jsons/ 37.6ms sql=85
GET /files/htmlpdf/template/2979/ 1.8ms sql=4
GET /files/htmlpdf/template/1769/ 1.8ms sql=4
GET /files/htmlpdf/template/1769/ 2.0ms sql=4
GET /files/htmlpdf/api/template-jsons/ 0.3ms sql=0
GET /login/ 0.6ms sql=0
GET /files/htmlpdf/template/1769/ 3.2ms sql=4
GET /files/htmlpdf/template/1769/ 2.6ms sql=4
GET /files/htmlpdf/template/1769/ 2.6ms sql=4
GET /files/htmlpdf/template/1769/ 2.2ms sql=4
GET /files/htmlpdf/template/1769/ 4.5ms sql=4
GET /files/htmlpdf/template/1769/ 1.8ms sql=4
GET /files/htmlpdf/template/1769/ 4.9ms sql=4
GET /files/ 927.4ms sql=2513
GET /files/task-management/ 0.3ms sql=0
GET /login/ 0.9ms sql=0
GET /files/task-management/ 0.4ms sql=0
GET /login/ 0.9ms sql=0
GET /files/projects 3.4ms sql=0
GET /files/projects/ 0.3ms sql=0
GET /login/ 0.9ms sql=0
GET /api/v2/library/files/2633/download 5.4ms sql=0
GET /api/v2/library/files/2633/download/ 3.3ms sql=0
GET /api/v2/registry/instruments/1 5.3ms sql=0
GET /api/v2/registry/instruments/1/ 3.2ms sql=0
GET /files/htmlpdf/template/1769 5.6ms sql=0
GET /files/htmlpdf/template/1769/ 0.2ms sql=0
GET /login/ 1.2ms sql=0
GET / 0.3ms sql=0
GET /login/ 0.9ms sql=0
GET / 0.3ms sql=0
GET /favicon.ico 3.3ms sql=0
GET / 0.3ms sql=0
GET /login/ 0.8ms sql=0
GET /index/index/info 5.5ms sql=0
GET /api/Event/Products/Average 3.5ms sql=0
GET / 0.3ms sql=0
GET /jw 3.5ms sql=0
GET /index.php/user/login 4.7ms sql=0
GET /index/index/info 5.3ms sql=0
GET /index/index/info 3.3ms sql=0
GET / 0.2ms sql=0
GET /files/htmlpdf/api/template-jsons/ 0.3ms sql=0
GET / 0.3ms sql=0
GET /login/ 0.8ms sql=0
GET / 0.3ms sql=0
GET / 0.3ms sql=0
GET /login/ 0.8ms sql=0
GET /favicon.ico 5.6ms sql=0
GET /api/v2/inspections/projects 2.4ms sql=0
GET / 0.2ms sql=0
GET /login/ 0.7ms sql=0
GET / 0.2ms sql=0
GET /shell 3.3ms sql=0
GET / 0.2ms sql=0
GET /login/ 0.6ms sql=0
GET /api/v2/inspections/projects/260001/tasks/01/export-frontend-json 2.9ms sql=0
GET / 0.3ms sql=0
GET /login/ 0.8ms sql=0
GET /api/v2/inspections/projects 3.6ms sql=0
GET / 0.3ms sql=0
GET /login/ 0.7ms sql=0
GET /api/v2/library/files/2915/download/ 2.6ms sql=0
GET / 8.1ms sql=9
GET /database/devices/ 18.3ms sql=10
GET /files/htmlpdf/ 356.3ms sql=986
GET /files/htmlpdf/ 394.0ms sql=992
GET /files/htmlpdf/editor/2223/ 4.4ms sql=7
GET /files/htmlpdf/editor/2223/ 6.7ms sql=7
GET /files/htmlpdf/api/template-jsons/ 275.1ms sql=256
GET /files/htmlpdf/template/2223/ 2.5ms sql=4
GET /files/htmlpdf/editor/2223/ 0.3ms sql=0
GET /login/ 0.7ms sql=0
GET /files/htmlpdf/api/import-json-from-library/ 0.4ms sql=0
GET /files/htmlpdf/api/use-template-pdf/ 0.3ms sql=0
GET /login/ 0.6ms sql=0
GET /files/htmlpdf/template/2223/ 0.3ms sql=0
GET /login/ 0.6ms sql=0
GET /files/htmlpdf/api/template-jsons/ 0.3ms sql=0
GET /login/ 0.9ms sql=0
GET /files/htmlpdf/ 0.3ms sql=0
GET /login/ 0.6ms sql=0
GET /database/devices/ 0.2ms sql=0
GET /api/v2/inspections/projects/260001/tasks/01/submit 3.2ms sql=0
GET / 0.2ms sql=0
GET /login/ 0.8ms sql=0
GET / 13.8ms sql=8
GET /files/projects/ 16.1ms sql=7
GET /files/ 80.0ms sql=18
GET /files/commission-manage/ 183.0ms sql=331
GET /files/hospital-info/ 4.8ms sql=4
GET /database/devices/ 28.5ms sql=8
GET /files/task-management/ 46.6ms sql=36
GET /files/process/ 4.9ms sql=5
GET /files/htmlpdf/ 136.2ms sql=225
GET /files/htmlpdf/template/2223 3.4ms sql=0
GET /files/htmlpdf/template/2223/ 0.8ms sql=0
GET /login/ 1.0ms sql=0
GET /api/v2/inspections/projects 4.7ms sql=0
GET /api/v2/library/files/2633/download/ 2.8ms sql=0
GET / 0.2ms sql=0
GET /sse 3.6ms sql=0
GET / 0.2ms sql=0
GET /files/task-management/ 66.7ms sql=62
GET /files/task-management/ 72.4ms sql=60
GET /files/htmlpdf/ 358.4ms sql=992
GET /files/htmlpdf/ 356.2ms sql=999
GET /files/htmlpdf/editor/1740/ 4.3ms sql=7
GET /files/htmlpdf/editor/1740/ 4.5ms sql=7
GET /files/htmlpdf/api/template-jsons/ 44.7ms sql=84
GET /files/htmlpdf/template/1740/ 1.8ms sql=4
GET /files/htmlpdf/ 0.3ms sql=0
GET /login/ 0.8ms sql=0
GET /api/v2/library/files/2024/download/ 2.6ms sql=0
GET /api/v2/library/files/1927/download/ 2.6ms sql=0
GET /api/v2/library/files/1765/download/ 2.8ms sql=0
GET /files/htmlpdf/template/1740/ 0.3ms sql=0
GET /login/ 0.6ms sql=0
GET /api/v2/inspections/projects/260001/tasks/26/export-frontend-json 3.1ms sql=0
GET /files/htmlpdf/editor/1740/ 0.3ms sql=0
GET /login/ 0.6ms sql=0
GET /files/htmlpdf/editor/1740/ 4.4ms sql=7
GET /files/htmlpdf/api/template-jsons/ 37.3ms sql=84
GET /files/htmlpdf/template/1740/ 1.9ms sql=4
GET /files/task-management/ 58.6ms sql=62
GET /files/task-management/ 180.3ms sql=60
GET /files/htmlpdf/ 365.8ms sql=992
GET /files/htmlpdf/ 355.3ms sql=999
GET /files/htmlpdf/editor/2063/ 4.3ms sql=7
GET /files/htmlpdf/editor/2063/ 5.0ms sql=7
GET /files/htmlpdf/api/template-jsons/ 92.9ms sql=210
GET /files/htmlpdf/template/2063/ 1.8ms sql=4
GET /files/task-management/ 58.2ms sql=60
GET /files/htmlpdf/ 361.2ms sql=986
GET /files/task-management/ 45.9ms sql=43
GET /files/ 23.5ms sql=32
GET /files/ 692.9ms sql=1288
GET /files/ 596.0ms sql=1288
GET /files/ 691.5ms sql=1288
GET /files/ 586.8ms sql=1288
GET /files/3244/preview/ 4.9ms sql=7
GET /files/3244/raw/ 2.5ms sql=6
GET /files/htmlpdf/api/template-jsons/ 0.3ms sql=0
GET /login/ 0.7ms sql=0
GET /files/ 585.5ms sql=1290
GET /files/ 24.1ms sql=32
GET /files/ 736.7ms sql=1231
GET /files/ 567.3ms sql=1231
GET /files/ 586.5ms sql=1231
GET /files/3245/preview/ 4.4ms sql=7
GET /files/3245/raw/ 4.4ms sql=6
GET /api/v2/inspections/projects/260001/tasks/27/submit 2.8ms sql=0
GET /files/ 0.3ms sql=0
GET /files/3244/preview/ 0.3ms sql=0
GET /files/htmlpdf/ 353.3ms sql=988
GET /files/htmlpdf/ 385.5ms sql=999
GET /files/htmlpdf/editor/2063/ 4.4ms sql=7
GET /files/htmlpdf/editor/2063/ 4.4ms sql=7
GET /files/htmlpdf/api/template-jsons/ 91.1ms sql=210
GET /files/htmlpdf/template/2063/ 2.3ms sql=4
GET /files/htmlpdf/template/1765/ 2.5ms sql=4
GET /files/htmlpdf/template/1765/ 0.3ms sql=0
GET /login/ 0.7ms sql=0
GET /files/htmlpdf/template/1765/ 1.8ms sql=4
GET /files/3245/preview/ 0.3ms sql=0
GET /login/ 0.7ms sql=0
GET /files/htmlpdf/api/site-template-bundle/ 0.3ms sql=0
GET /login/ 0.6ms sql=0
GET /files/ 1932.9ms sql=2561
GET /files/ 661.6ms sql=1231
GET /files/ 616.2ms sql=1288
GET /files/ 587.2ms sql=1231
GET /files/ 553.6ms sql=1231
GET /files/ 582.3ms sql=1231
GET /files/ 675.9ms sql=1288
GET /files/ 661.9ms sql=1288
GET /files/ 1400.4ms sql=1288
GET /files/ 556.8ms sql=1239
GET /files/ 585.5ms sql=1239
GET /files/ 686.3ms sql=1239
GET /files/3247/preview/ 6.4ms sql=7
GET /files/3247/raw/ 2.8ms sql=6
GET /files/htmlpdf/ 347.3ms sql=988
GET /files/htmlpdf/ 447.5ms sql=999
GET /files/htmlpdf/editor/1978/ 4.3ms sql=7
GET /files/htmlpdf/editor/1978/ 6.3ms sql=7
GET /files/htmlpdf/api/template-jsons/ 16.4ms sql=28
GET /files/htmlpdf/template/1978/ 2.5ms sql=4
GET /files/htmlpdf/api/export-json/ 0.3ms sql=0
GET /files/htmlpdf/template/1978/ 0.3ms sql=0
GET /files/ 0.3ms sql=0
GET /login/ 0.9ms sql=0
GET /api/v2/library/files/1954/download/ 2.7ms sql=0
GET /files/3247/raw/ 0.3ms sql=0
GET /files/htmlpdf/editor/1978/ 0.3ms sql=0
GET /login/ 0.8ms sql=0
GET /api/v2/inspections/projects/260001/tasks/28/export-frontend-json 3.0ms sql=0
GET /files/3247/preview/ 0.3ms sql=0
GET /login/ 0.7ms sql=0
GET /files/task-management/ 53.4ms sql=62
GET /files/1978/download/ 2.7ms sql=4
GET /files/1978/download/ 3.1ms sql=4
GET /files/1978/download/ 0.3ms sql=0
GET /login/ 0.6ms sql=0
GET /files/task-management/ 62.9ms sql=63
GET /files/htmlpdf/ 379.1ms sql=993
GET /files/htmlpdf/editor/2927/ 5.4ms sql=7
GET /files/htmlpdf/editor/2927/ 6.8ms sql=7
GET /files/htmlpdf/api/template-jsons/ 37.4ms sql=71
GET /files/htmlpdf/template/2927/ 1.8ms sql=4
GET /api/v2/inspections/projects/260001/tasks/42/export-frontend-json 44.8ms sql=0
GET /files/ 17.1ms sql=34
GET /files/ 589.8ms sql=1297
GET /files/ 713.6ms sql=1297
GET /files/ 596.9ms sql=1297
GET /files/ 624.6ms sql=1297
GET /files/ 597.0ms sql=1297
GET /files/task-management/ 41.2ms sql=36
GET /files/ 18.3ms sql=18
GET /files/projects/ 10.3ms sql=6
GET /files/commission-manage/ 184.9ms sql=331
GET /files/projects/ 29.2ms sql=6
GET /files/ 12.8ms sql=18
GET /files/ 432.0ms sql=305
GET /files/ 598.2ms sql=305
GET /files/htmlpdf/api/template-jsons/ 0.3ms sql=0
GET /login/ 0.6ms sql=0
GET /files/task-management/ 128.9ms sql=36
GET /files/htmlpdf/ 143.0ms sql=225
GET /files/ 587.5ms sql=1247
GET /files/ 596.8ms sql=1247
GET /files/ 560.5ms sql=1247
GET /files/3254/preview/ 4.4ms sql=7
GET /files/3254/raw/ 2.5ms sql=6
GET /files/task-management/ 112.5ms sql=36
GET /files/task-management/ 43.8ms sql=36
GET /files/task-management/ 47.1ms sql=37
GET /files/task-management/ 94.5ms sql=47
GET /files/ 13.1ms sql=18
GET /files/task-management/ 61.8ms sql=62
GET /files/task-management/ 130.3ms sql=60
GET /files/htmlpdf/ 354.2ms sql=992
GET /files/htmlpdf/editor/2915/ 4.3ms sql=7
GET /files/htmlpdf/editor/2915/ 4.7ms sql=7
GET /files/htmlpdf/api/template-jsons/ 16.5ms sql=29
GET /files/htmlpdf/template/2915/ 1.9ms sql=4
GET /files/task-management/ 63.1ms sql=60
GET /files/htmlpdf/ 362.1ms sql=992
GET /files/htmlpdf/editor/2915/ 6.5ms sql=7
GET /files/htmlpdf/editor/2915/ 5.0ms sql=7
GET /files/htmlpdf/api/template-jsons/ 16.6ms sql=29
GET /files/htmlpdf/template/2915/ 1.8ms sql=4
GET /files/htmlpdf/ 444.3ms sql=986
GET /files/htmlpdf/ 383.9ms sql=999
GET /files/htmlpdf/editor/1978/ 4.4ms sql=7
GET /files/htmlpdf/editor/1978/ 4.4ms sql=7
GET /files/htmlpdf/api/template-jsons/ 16.4ms sql=28
GET /files/htmlpdf/template/1978/ 1.8ms sql=4
GET /files/task-management/ 67.5ms sql=60
GET /files/ 16.1ms sql=32
GET /files/htmlpdf/ 368.7ms sql=986
GET /files/task-management/ 85.0ms sql=43
GET /files/task-management/ 43.8ms sql=43
GET /files/task-management/ 68.4ms sql=44
GET /files/task-management/ 63.5ms sql=60
GET /files/task-management/ 63.0ms sql=61
GET /files/htmlpdf/ 361.6ms sql=993
GET /files/htmlpdf/editor/2927/ 4.5ms sql=7
GET /files/htmlpdf/editor/2927/ 6.6ms sql=7
GET /files/htmlpdf/api/template-jsons/ 31.0ms sql=71
GET /files/htmlpdf/template/2927/ 2.0ms sql=4
GET /files/task-management/ 82.3ms sql=60
GET /files/task-management/ 43.8ms sql=43
GET /files/task-management/ 201.0ms sql=60
GET /files/task-management/ 86.3ms sql=61
GET /files/htmlpdf/ 378.5ms sql=993
GET /files/htmlpdf/ 382.0ms sql=999
GET /files/htmlpdf/editor/2915/ 0.3ms sql=0
GET /login/ 0.6ms sql=0
GET /files/htmlpdf/editor/2063/ 4.9ms sql=7
GET /files/htmlpdf/editor/2063/ 4.5ms sql=7
GET /files/htmlpdf/api/template-jsons/ 101.0ms sql=224
GET /files/htmlpdf/template/2063/ 2.8ms sql=4
GET /files/task-management/ 68.2ms sql=60
GET /files/htmlpdf/ 0.3ms sql=0
GET /login/ 0.7ms sql=0
GET /files/task-management/ 124.3ms sql=60
GET /files/task-management/ 67.9ms sql=61
GET /files/htmlpdf/ 357.2ms sql=993
GET /files/htmlpdf/ 428.3ms sql=999
GET /files/htmlpdf/editor/1978/ 4.5ms sql=7
GET /files/htmlpdf/editor/1978/ 4.8ms sql=7
GET /files/htmlpdf/api/template-jsons/ 18.3ms sql=28
GET /files/htmlpdf/template/1978/ 1.8ms sql=4
GET /files/task-management/ 67.9ms sql=60
GET /files/task-management/ 45.0ms sql=43
GET /files/task-management/ 53.1ms sql=44
GET /files/task-management/ 57.4ms sql=60
GET /files/task-management/ 68.2ms sql=61
GET /files/htmlpdf/template/1954/ 2.7ms sql=4
GET /files/htmlpdf/ 460.2ms sql=993
GET /files/htmlpdf/editor/2915/ 7.1ms sql=7
GET /files/htmlpdf/editor/2915/ 6.7ms sql=7
GET /files/htmlpdf/api/template-jsons/ 16.3ms sql=29
GET /files/htmlpdf/template/2915/ 2.0ms sql=4
GET /files/ 1004.7ms sql=2577
GET /files/ 705.9ms sql=1297
GET /files/ 715.7ms sql=1297
GET /files/ 590.5ms sql=1297
GET /files/ 588.8ms sql=1297
GET /files/ 1309.7ms sql=1297
GET /files/ 665.9ms sql=1255
GET /files/ 579.3ms sql=1255
GET /files/ 687.2ms sql=1255
GET /files/3256/preview/ 4.1ms sql=7
GET /files/3256/raw/ 4.2ms sql=6
GET /api/v2/inspections/projects/260001/tasks/24/export-frontend-json 3.0ms sql=0
GET /api/v2/library/files/2333/download/ 2.6ms sql=0
GET /files/task-management/ 41.3ms sql=43
GET /files/task-management/ 153.9ms sql=60
GET /files/task-management/ 75.3ms sql=61
GET /files/htmlpdf/ 370.9ms sql=993
GET /files/htmlpdf/ 377.3ms sql=999
GET /files/htmlpdf/editor/1978/ 4.3ms sql=7
GET /files/htmlpdf/editor/1978/ 4.5ms sql=7
GET /files/htmlpdf/api/template-jsons/ 21.9ms sql=42
GET /files/htmlpdf/template/1978/ 1.8ms sql=4
GET /api/v2/inspections/projects/260001/tasks/28/submit 6.4ms sql=0
GET /files/ 637.7ms sql=1569
GET /files/task-management/ 49.6ms sql=43
GET /files/task-management/ 153.6ms sql=43
GET /files/task-management/ 52.5ms sql=44
GET /files/task-management/ 64.1ms sql=60
GET /files/task-management/ 59.4ms sql=61
GET /files/htmlpdf/ 374.1ms sql=993
GET /files/htmlpdf/editor/2915/ 4.3ms sql=7
GET /files/htmlpdf/editor/2915/ 4.6ms sql=7
GET /files/htmlpdf/api/template-jsons/ 25.4ms sql=43
GET /files/htmlpdf/template/2915/ 1.9ms sql=4
GET /files/task-management/ 52.7ms sql=60
GET /files/htmlpdf/ 439.2ms sql=986
GET /files/ 18.0ms sql=32
GET /files/ 597.0ms sql=1255
GET /files/ 567.5ms sql=1255
GET /files/ 567.2ms sql=1255
GET /files/3256/preview/ 5.3ms sql=7
GET /files/3256/raw/ 4.5ms sql=6
GET /api/v2/inspections/projects/260001/tasks/45/export-frontend-json 3.9ms sql=0
GET /files/ 642.7ms sql=1581
GET /files/ 588.8ms sql=1297
GET /files/task-management/ 0.3ms sql=0
GET /files/ 606.5ms sql=1297
GET /files/htmlpdf/template/2915/ 0.3ms sql=0
GET /login/ 0.7ms sql=0
GET /files/3256/raw/ 0.4ms sql=0
GET /files/ 635.6ms sql=1308
GET /files/ 2243.9ms sql=1306
GET /files/ 16.1ms sql=32
GET /files/htmlpdf/ 356.9ms sql=986
GET /files/htmlpdf/ 347.0ms sql=986
GET /files/htmlpdf/ 377.3ms sql=987
GET /files/htmlpdf/ 363.4ms sql=992
GET /files/htmlpdf/editor/2915/ 4.4ms sql=7
GET /files/htmlpdf/editor/2915/ 4.5ms sql=7
GET /files/htmlpdf/api/template-jsons/ 29.8ms sql=57
GET /files/htmlpdf/template/2915/ 1.8ms sql=4
GET /files/task-management/ 156.3ms sql=60
GET /files/ 592.8ms sql=1306
GET /files/ 604.8ms sql=1306
GET /files/ 632.5ms sql=1306
GET /files/ 591.7ms sql=1263
GET /files/ 673.6ms sql=1263
GET /files/ 628.6ms sql=1263
GET /files/3265/preview/ 6.5ms sql=7
GET /files/3265/raw/ 2.5ms sql=6
GET /files/htmlpdf/api/template-jsons/ 0.4ms sql=0
GET /files/task-management/ 56.9ms sql=43
GET /files/task-management/ 56.2ms sql=60
GET /files/task-management/ 71.2ms sql=61
GET /files/htmlpdf/ 367.7ms sql=993
GET /files/task-management/ 63.3ms sql=60
GET /files/htmlpdf/ 362.2ms sql=999
GET /files/htmlpdf/editor/1978/ 4.5ms sql=7
GET /files/htmlpdf/editor/1978/ 4.6ms sql=7
GET /files/htmlpdf/api/template-jsons/ 22.0ms sql=42
GET /files/htmlpdf/template/1978/ 1.9ms sql=4
GET /files/htmlpdf/ 355.4ms sql=994
GET /files/htmlpdf/editor/2915/ 8.9ms sql=7
GET /files/htmlpdf/editor/2915/ 22.6ms sql=7
GET /files/htmlpdf/api/template-jsons/ 39.6ms sql=57
GET /files/htmlpdf/template/2915/ 1.9ms sql=4
GET /files/task-management/ 55.3ms sql=60
GET /files/task-management/ 53.6ms sql=60
GET /files/ 20.5ms sql=32
GET /files/ 20.2ms sql=32
GET /files/ 565.9ms sql=1263
GET /files/task-management/ 172.4ms sql=60
GET /files/ 744.1ms sql=1263
GET /files/ 592.5ms sql=1263
GET /files/ 577.3ms sql=1263
GET /files/3265/preview/ 4.2ms sql=7
GET /files/3265/raw/ 3.5ms sql=6
GET /files/htmlpdf/ 0.3ms sql=0
GET /files/ 436.8ms sql=586
GET /files/ 437.9ms sql=586
GET /files/ 447.2ms sql=586
GET /files/ 502.4ms sql=586
GET /files/3264/preview/ 5.2ms sql=4
GET /files/3264/raw/ 1.5ms sql=2
GET /files/task-management/ 86.3ms sql=62
GET /files/htmlpdf/ 511.4ms sql=999
GET /files/htmlpdf/editor/2921/ 6.3ms sql=7
GET /files/htmlpdf/editor/2921/ 6.9ms sql=7
GET /files/htmlpdf/api/template-jsons/ 32.2ms sql=46
GET /files/htmlpdf/template/2921/ 1.9ms sql=4
GET /files/htmlpdf/ 349.7ms sql=988
GET /files/commission-manage/ 178.5ms sql=331
GET /files/htmlpdf/ 380.9ms sql=999
GET /files/projects/ 10.8ms sql=6
GET /files/htmlpdf/editor/1978/ 6.7ms sql=7
GET /files/htmlpdf/editor/1978/ 7.1ms sql=7
GET /files/htmlpdf/api/template-jsons/ 28.5ms sql=42
GET /files/htmlpdf/template/1978/ 2.7ms sql=4
GET /files/projects/ 10.2ms sql=6
GET /files/projects/ 9.4ms sql=6
GET /files/projects/ 7.6ms sql=6
GET /files/projects/ 627.8ms sql=1517
GET /files/projects/ 521.1ms sql=1517
GET /files/htmlpdf/template/1954/ 1.8ms sql=4
GET /files/htmlpdf/template/1954/ 152.1ms sql=4
GET /files/task-management/ 5571.7ms sql=60
GET /files/htmlpdf/ 3626.0ms sql=999
GET /files/projects/ 520.4ms sql=1519
GET /files/ 12.3ms sql=18
GET /files/htmlpdf/editor/2921/ 10.7ms sql=7
GET /files/htmlpdf/editor/2921/ 8.7ms sql=7
GET /files/htmlpdf/api/template-jsons/ 56.9ms sql=46
GET /files/htmlpdf/template/2921/ 3.8ms sql=4
GET /files/ 561.9ms sql=590
GET /files/ 410.9ms sql=590
GET /files/ 415.2ms sql=590
GET /files/ 445.3ms sql=590
GET /files/3267/preview/ 3.8ms sql=4
GET /files/3267/raw/ 1.3ms sql=2
GET /files/htmlpdf/template/2921/ 0.3ms sql=0
GET /login/ 125.1ms sql=0
GET /files/3265/preview/ 348.6ms sql=7
GET /files/3265/raw/ 1025.3ms sql=6
GET /files/ 974.3ms sql=590
GET /files/ 366.7ms sql=487
GET /files/ 374.9ms sql=487
GET /files/ 447.4ms sql=487
GET /files/3268/preview/ 5.1ms sql=4
GET /files/3268/raw/ 1.5ms sql=2
GET /files/task-management/ 0.4ms sql=0
GET /login/ 0.7ms sql=0
GET /files/task-management/ 59.9ms sql=60
GET /files/ 16.0ms sql=32
GET /files/ 626.6ms sql=1315
GET /files/ 603.0ms sql=1315
GET /files/ 18.0ms sql=18
GET /files/ 411.2ms sql=590
GET /files/ 412.9ms sql=590
GET /files/ 1468.8ms sql=1315
GET /files/ 1650.3ms sql=1158
GET /files/ 1380.1ms sql=1315
GET /files/ 1740.5ms sql=1158
GET /files/ 851.2ms sql=1158
GET /files/ 954.2ms sql=1158
GET /files/3266/preview/ 6.1ms sql=4
GET /files/3263/preview/ 3.7ms sql=4
GET /files/htmlpdf/ 132.0ms sql=225
GET /files/htmlpdf/ 136.2ms sql=225
GET /files/htmlpdf/ 130.0ms sql=226
GET /files/htmlpdf/ 133.0ms sql=230
GET /files/htmlpdf/editor/1954/ 5.9ms sql=5
GET /files/htmlpdf/editor/1954/ 5.8ms sql=5
GET /files/htmlpdf/api/template-jsons/ 383.1ms sql=13
GET /files/htmlpdf/template/1954/ 1.0ms sql=2
GET /files/task-management/ 65.4ms sql=47
GET /files/task-management/ 122.3ms sql=47
GET /files/task-management/ 71.6ms sql=48
GET /files/htmlpdf/editor/1954/ 5.6ms sql=5
GET /files/htmlpdf/editor/1954/ 3.9ms sql=5
GET /files/htmlpdf/template/1954/ 1.2ms sql=2
GET /files/htmlpdf/api/template-jsons/ 265.1ms sql=13
GET /files/htmlpdf/ 138.0ms sql=225
GET /files/htmlpdf/ 137.8ms sql=225
GET /files/htmlpdf/ 132.6ms sql=226
GET /files/htmlpdf/ 135.5ms sql=230
GET /files/htmlpdf/editor/1978/ 5.5ms sql=5
GET /files/htmlpdf/editor/1978/ 5.3ms sql=5
GET /files/htmlpdf/api/template-jsons/ 12.9ms sql=12
GET /files/htmlpdf/template/1978/ 1.5ms sql=2
GET /files/3051/preview/ 69.6ms sql=7
GET /files/3051/raw/ 3.6ms sql=6
GET /files/htmlpdf/ 351.1ms sql=986
GET /files/ 629.4ms sql=1315
GET /files/htmlpdf/ 380.8ms sql=992
GET /files/task-management/ 85.2ms sql=60
GET /files/task-management/ 55.6ms sql=60
GET /files/ 712.1ms sql=1315
GET /files/ 397.7ms sql=487
GET /files/ 713.6ms sql=1315
GET /files/htmlpdf/ 701.9ms sql=999
GET /files/ 889.9ms sql=487
GET /files/ 415.6ms sql=487
GET /files/htmlpdf/editor/1978/ 8.2ms sql=7
GET /files/htmlpdf/editor/1978/ 8.6ms sql=7
GET /files/htmlpdf/template/1978/ 15.5ms sql=4
GET /files/htmlpdf/api/template-jsons/ 76.2ms sql=42
GET /files/ 1018.3ms sql=1315
GET /files/ 898.0ms sql=487
GET /files/3268/preview/ 3.3ms sql=4
GET /files/3268/raw/ 1.7ms sql=2
GET /files/htmlpdf/template/1954/ 2.7ms sql=4
GET /files/ 606.8ms sql=1315
GET /files/ 700.0ms sql=1279
GET /files/ 907.2ms sql=1279
GET /files/ 677.6ms sql=1279
GET /files/3269/download/ 2.4ms sql=6
GET /files/ 531.5ms sql=590
GET /files/ 408.0ms sql=590
GET /files/ 837.9ms sql=1158
GET /files/ 927.9ms sql=1158
GET /files/3263/preview/ 3.6ms sql=4
GET /files/3269/download/ 3.6ms sql=6
GET /files/ 12.3ms sql=18
GET /files/ 839.2ms sql=1158
GET /files/ 902.4ms sql=1158
GET /files/ 862.2ms sql=1158
GET /files/ 816.8ms sql=1158
GET /files/ 948.7ms sql=1158
GET /files/3261/preview/ 3.1ms sql=4
GET /files/3261/raw/ 1.2ms sql=2
GET /files/ 819.3ms sql=1158
GET /files/ 854.1ms sql=1158
GET /files/ 953.7ms sql=1158
GET /files/ 840.5ms sql=1158
GET /files/ 932.9ms sql=1158
GET /files/ 437.4ms sql=594
GET /files/ 419.9ms sql=594
GET /files/ 422.2ms sql=594
GET /files/ 409.2ms sql=594
GET /files/3270/preview/ 3.1ms sql=4
GET /files/3270/raw/ 1.0ms sql=2
GET /files/ 843.0ms sql=1158
GET /files/3265/preview/ 5.6ms sql=9
GET /files/3265/raw/ 2.4ms sql=6
GET /files/ 961.6ms sql=1158
GET /files/htmlpdf/ 357.2ms sql=986
GET /files/htmlpdf/ 379.9ms sql=992
GET /files/task-management/ 162.8ms sql=60
GET /files/task-management/ 74.2ms sql=60
GET /files/htmlpdf/ 376.7ms sql=992
GET /files/htmlpdf/editor/1991/ 4.3ms sql=7
GET /files/htmlpdf/editor/1991/ 4.6ms sql=7
GET /files/htmlpdf/template/1991/ 3.2ms sql=4
GET /files/htmlpdf/api/template-jsons/ 534.3ms sql=438
GET /files/task-management/ 198.5ms sql=60
GET /files/htmlpdf/ 355.6ms sql=986
GET /files/ 21.5ms sql=32
GET /files/ 604.1ms sql=1333
GET /files/ 1636.2ms sql=1333
GET /files/ 642.9ms sql=1333
GET /files/ 720.7ms sql=1333
GET /files/ 611.6ms sql=1333
GET /files/ 602.6ms sql=1287
GET /files/ 606.2ms sql=1287
GET /files/ 617.0ms sql=1287
GET /files/3277/preview/ 4.5ms sql=7
GET /files/3277/raw/ 2.4ms sql=6
GET /files/3051/raw/ 0.4ms sql=0
GET /login/ 0.8ms sql=0
GET /files/ 871.2ms sql=1198
GET /files/3282/preview/ 5.1ms sql=4
GET /files/task-management/ 52.3ms sql=47
GET /files/task-management/ 163.9ms sql=47
GET /files/htmlpdf/editor/1954/ 5.2ms sql=5
GET /files/htmlpdf/editor/1954/ 5.2ms sql=5
GET /files/htmlpdf/template/1954/ 12.1ms sql=2
GET /files/htmlpdf/api/template-jsons/ 251.8ms sql=13
GET /files/3051/preview/ 0.3ms sql=0
GET /files/htmlpdf/editor/1991/ 0.3ms sql=0
GET /files/ 0.3ms sql=0
GET /login/ 0.7ms sql=0
GET /files/task-management/ 0.3ms sql=0
GET /login/ 0.7ms sql=0
GET /files/ 1384.3ms sql=1344
GET /files/ 645.7ms sql=1342
GET /files/3269/download/ 0.3ms sql=0
GET /login/ 0.9ms sql=0
GET /files/ 651.1ms sql=1342
GET /files/ 723.0ms sql=1342
GET /files/htmlpdf/ 412.8ms sql=988
GET /files/htmlpdf/ 349.6ms sql=992
GET /files/task-management/ 66.2ms sql=60
GET /files/task-management/ 56.8ms sql=60
GET /files/task-management/ 68.2ms sql=61
GET /files/htmlpdf/ 350.2ms sql=993
GET /files/htmlpdf/ 365.9ms sql=1005
GET /files/htmlpdf/editor/1922/ 4.4ms sql=7
GET /files/htmlpdf/editor/1922/ 7.0ms sql=7
GET /files/htmlpdf/api/template-jsons/ 67.8ms sql=98
GET /files/htmlpdf/template/1922/ 1.9ms sql=4
GET /files/htmlpdf/template/2633/ 1.8ms sql=4
GET /files/task-management/ 55.4ms sql=60
GET /files/htmlpdf/ 350.1ms sql=986
GET /files/ 24.2ms sql=32
GET /files/ 619.5ms sql=1351
GET /files/ 637.9ms sql=1351
GET /files/ 725.8ms sql=1351
GET /files/ 613.2ms sql=1351
GET /files/ 630.9ms sql=1351
GET /files/ 685.5ms sql=1295
GET /files/ 587.5ms sql=1295
GET /files/ 619.6ms sql=1295
GET /files/3287/preview/ 4.1ms sql=7
GET /files/3287/raw/ 2.7ms sql=6
GET /files/ 15.8ms sql=32
GET /files/ 652.8ms sql=1351
GET /files/ 636.6ms sql=1351
GET /files/ 697.5ms sql=1351
GET /files/ 656.1ms sql=1351
GET /files/ 633.5ms sql=1351
GET /files/ 15.9ms sql=32
GET /files/ 591.1ms sql=1581
GET /files/ 604.0ms sql=1581
GET /files/ 608.7ms sql=1581
GET /files/ 613.9ms sql=1581
GET /files/ 617.8ms sql=1583
GET /files/ 659.6ms sql=1581
GET /files/ 599.4ms sql=1581
GET /files/ 613.3ms sql=1581
GET /files/ 654.5ms sql=1351
GET /files/ 646.7ms sql=1351
GET /files/ 640.7ms sql=1351
GET /files/ 726.6ms sql=1351
GET /files/ 650.1ms sql=1351
GET /files/ 650.0ms sql=1351
GET /files/ 657.7ms sql=1351
GET /files/ 612.1ms sql=1351
GET /files/ 696.9ms sql=1351
GET /files/ 620.7ms sql=1303
GET /files/ 642.4ms sql=1303
GET /files/task-management/ 43.9ms sql=45
GET /files/task-management/ 55.3ms sql=60
GET /files/task-management/ 64.2ms sql=60
GET /files/htmlpdf/ 454.0ms sql=992
GET /files/ 583.1ms sql=1303
GET /files/htmlpdf/ 384.6ms sql=1005
GET /files/htmlpdf/editor/2032/ 6.7ms sql=7
GET /files/htmlpdf/editor/2032/ 6.9ms sql=7
GET /files/htmlpdf/api/template-jsons/ 30.5ms sql=42
GET /files/htmlpdf/template/2032/ 1.8ms sql=4
GET /files/ 632.2ms sql=1581
GET /files/ 628.1ms sql=1581
GET /files/ 729.0ms sql=1351
GET /files/ 637.7ms sql=1351
GET /files/ 0.3ms sql=0
GET /login/ 0.7ms sql=0
GET /files/htmlpdf/editor/1922/ 0.3ms sql=0
GET /login/ 0.7ms sql=0
GET /files/ 611.7ms sql=1351
GET /files/ 717.0ms sql=1351
GET /files/htmlpdf/api/template-jsons/ 0.3ms sql=0
GET /api/v2/inspections/projects/260001/tasks/33/submit 23.9ms sql=0
GET /api/v2/inspections/projects/260001/tasks/33/export-frontend-json 2.8ms sql=0
GET /files/ 45.5ms sql=18
GET /files/ 509.3ms sql=606
GET /files/ 381.7ms sql=305
GET /files/ 418.5ms sql=606
GET /files/ 516.9ms sql=606
GET /files/ 424.0ms sql=606
GET /files/3287/preview/ 18.4ms sql=0
GET /login/ 6.7ms sql=0
GET /files/ 495.9ms sql=606
GET /files/ 567.5ms sql=606
GET /files/ 417.8ms sql=606
GET /files/ 436.7ms sql=606
GET /files/3283/preview/ 5.8ms sql=4
GET /files/3283/raw/ 1.5ms sql=2
GET /files/htmlpdf/ 184.6ms sql=226
GET /files/htmlpdf/ 182.9ms sql=225
GET /files/htmlpdf/ 141.9ms sql=225
GET /files/htmlpdf/ 131.6ms sql=226
GET /files/htmlpdf/ 132.8ms sql=230
GET /files/htmlpdf/editor/1978/ 4.3ms sql=5
GET /files/htmlpdf/editor/1978/ 3.6ms sql=5
GET /files/htmlpdf/api/template-jsons/ 13.8ms sql=12
GET /files/htmlpdf/template/1978/ 3.4ms sql=2
GET /files/ 939.9ms sql=1206
GET /files/task-management/ 0.9ms sql=0
GET /login/ 1.3ms sql=0
GET /api/v2/library/files/2024/download 7.6ms sql=0
GET /api/v2/library/files/2024/download/ 7.2ms sql=0
GET /files/htmlpdf/template/2063 3.8ms sql=0
GET /files/htmlpdf/template/2063/ 0.8ms sql=0
GET /login/ 2.4ms sql=0
GET /files/task-management/ 63.7ms sql=63
GET /files/ 23.4ms sql=32
GET /files/ 699.5ms sql=1369
GET /files/ 631.5ms sql=1369
GET /files/ 660.7ms sql=1369
GET /files/ 662.2ms sql=1369
GET /files/ 711.8ms sql=1371
GET /files/ 591.1ms sql=1311
GET /files/ 629.0ms sql=1311
GET /files/ 676.8ms sql=1311
GET /files/3297/preview/ 5.3ms sql=7
GET /files/3297/raw/ 3.3ms sql=6
GET /files/htmlpdf/editor/2032/ 20.2ms sql=0
GET /login/ 4.2ms sql=0
GET /files/ 926.8ms sql=1230
GET /files/ 403.1ms sql=502
GET /files/ 386.6ms sql=502
GET /files/ 476.1ms sql=502
GET /files/htmlpdf/editor/2921/ 5.9ms sql=7
GET /files/htmlpdf/api/template-jsons/ 22.1ms sql=46
GET /files/htmlpdf/template/2921/ 7.6ms sql=4
GET /files/task-management/ 66.0ms sql=63
GET /files/3265/preview/ 3.9ms sql=4
GET /files/3265/raw/ 1.1ms sql=2
GET /files/task-management/ 43.7ms sql=43
GET /files/task-management/ 43.5ms sql=44
GET /files/task-management/ 53.4ms sql=43
GET /files/htmlpdf/ 364.0ms sql=986
GET /files/ 16.0ms sql=32
GET /files/ 20.6ms sql=32
GET /files/ 1119.5ms sql=1581
GET /files/ 642.2ms sql=1369
GET /files/ 1025.4ms sql=1369
GET /files/htmlpdf/ 670.0ms sql=988
GET /files/ 655.2ms sql=1369
GET /files/htmlpdf/ 371.0ms sql=992
GET /files/htmlpdf/editor/2024/ 6.8ms sql=7
GET /files/htmlpdf/editor/2024/ 7.5ms sql=7
GET /files/htmlpdf/template/2024/ 12.6ms sql=4
GET /files/htmlpdf/api/template-jsons/ 219.3ms sql=142
GET /files/task-management/ 64.9ms sql=60
GET /files/htmlpdf/ 353.5ms sql=992
GET /files/htmlpdf/ 377.4ms sql=1005
GET /files/htmlpdf/editor/2032/ 5.0ms sql=7
GET /files/htmlpdf/editor/2032/ 4.7ms sql=7
GET /files/htmlpdf/api/template-jsons/ 22.6ms sql=42
GET /files/htmlpdf/template/2032/ 1.8ms sql=4
GET /files/ 658.5ms sql=1369
GET /files/ 693.8ms sql=1369
GET /files/htmlpdf/template/2026/ 2.1ms sql=4
GET /api/v2/inspections/projects/260001/tasks/20/submit 5.4ms sql=0
GET /files/htmlpdf/template/2026/ 1.8ms sql=4
GET /files/ 0.3ms sql=0
GET /login/ 0.6ms sql=0
GET /files/htmlpdf/template/2026/ 2.5ms sql=4
GET /files/htmlpdf/template/2026/ 1.8ms sql=4
GET /files/task-management/ 357.8ms sql=60
GET /files/ 12261.6ms sql=1311
GET /files/ 2099.6ms sql=1369
GET /files/htmlpdf/template/2024/ 0.3ms sql=0
GET /login/ 0.6ms sql=0
GET /files/htmlpdf/template/2026/ 0.3ms sql=0
GET /files/3297/raw/ 0.3ms sql=0
GET /login/ 0.7ms sql=0
GET /files/htmlpdf/ 131.0ms sql=225
GET /files/htmlpdf/ 128.8ms sql=225
GET /files/htmlpdf/ 129.2ms sql=226
GET /files/htmlpdf/ 131.4ms sql=230
GET /files/htmlpdf/editor/1954/ 4.0ms sql=5
GET /files/htmlpdf/editor/1954/ 4.0ms sql=5
GET /files/htmlpdf/template/1954/ 6.6ms sql=2
GET /files/htmlpdf/api/template-jsons/ 237.4ms sql=13
GET /files/task-management/ 81.4ms sql=47
GET /files/htmlpdf/editor/2024/ 0.3ms sql=0
GET /files/ 682.2ms sql=1321
GET /files/ 632.2ms sql=1319
GET /files/ 601.0ms sql=1319
GET /files/2656/download/ 5.3ms sql=6
GET /files/2656/download/ 2.4ms sql=6
GET /files/task-management/ 43.3ms sql=43
GET /api/v2/inspections/projects/260001/tasks/35/files/site_record 3.5ms sql=0
GET /files/task-management/ 47.2ms sql=43
GET /files/task-management/ 44.6ms sql=44
GET /files/task-management/ 62.7ms sql=60
GET /files/htmlpdf/ 356.9ms sql=999
GET /files/htmlpdf/editor/2219/ 4.4ms sql=7
GET /files/htmlpdf/editor/2219/ 4.4ms sql=7
GET /files/htmlpdf/api/template-jsons/ 59.2ms sql=126
GET /files/htmlpdf/template/2219/ 1.8ms sql=4
GET /files/task-management/ 0.3ms sql=0
GET /login/ 0.6ms sql=0
GET /files/htmlpdf/template/2223/ 1.8ms sql=4
GET /files/htmlpdf/template/2219/ 0.3ms sql=0
GET /login/ 0.6ms sql=0
GET /files/ 0.3ms sql=0
GET /api/v2/inspections/projects/260001/tasks/34/files/site_record 3.2ms sql=0
GET /files/ 711.9ms sql=1581
GET /files/task-management/ 43.8ms sql=43
GET /files/task-management/ 60.9ms sql=43
GET /files/task-management/ 45.6ms sql=44
GET /files/task-management/ 58.9ms sql=60
GET /files/task-management/ 72.3ms sql=61
GET /files/htmlpdf/ 359.3ms sql=993
GET /files/htmlpdf/editor/2223/ 4.4ms sql=7
GET /files/htmlpdf/editor/2223/ 4.7ms sql=7
GET /files/htmlpdf/template/2223/ 3.7ms sql=4
GET /files/htmlpdf/api/template-jsons/ 331.2ms sql=256
GET /api/v2/inspections/projects/260001/tasks/33/files/site_record 3.1ms sql=0
GET /api/v2/inspections/projects/260001/tasks/34/submit 3.4ms sql=0
GET /files/task-management/ 77.0ms sql=62
GET /files/task-management/ 62.1ms sql=60
GET /files/htmlpdf/ 0.3ms sql=0
GET /login/ 0.6ms sql=0
GET /api/v2/inspections/projects/260001/tasks/40/files/site_record 4.6ms sql=0
GET /files/htmlpdf/ 407.9ms sql=999
GET /files/htmlpdf/editor/2219/ 6.3ms sql=7
GET /files/htmlpdf/editor/2219/ 7.2ms sql=7
GET /files/htmlpdf/api/template-jsons/ 57.0ms sql=140
GET /files/htmlpdf/template/2219/ 1.8ms sql=4
GET /files/htmlpdf/template/2223/ 1.8ms sql=4
GET /files/htmlpdf/template/2223/ 2.0ms sql=4
GET /files/htmlpdf/template/2223/ 2.0ms sql=4
GET /files/2656/download/ 0.3ms sql=0
GET /login/ 0.7ms sql=0
GET /files/task-management/ 121.3ms sql=60
GET /files/task-management/ 48.6ms sql=43
GET /files/task-management/ 44.0ms sql=44
GET /files/task-management/ 63.9ms sql=60
GET /files/htmlpdf/ 367.8ms sql=999
GET /files/htmlpdf/editor/2237/ 4.4ms sql=7
GET /files/htmlpdf/editor/2237/ 4.3ms sql=7
GET /files/htmlpdf/api/template-jsons/ 35.1ms sql=70
GET /files/htmlpdf/template/2237/ 2.7ms sql=4
GET /files/htmlpdf/template/2090/ 2.6ms sql=4
GET /files/htmlpdf/template/2090/ 2.4ms sql=4
GET /files/htmlpdf/template/2090/ 2.1ms sql=4
GET /files/htmlpdf/template/2090/ 2.7ms sql=4
GET /files/task-management/ 55.4ms sql=60
GET /files/htmlpdf/template/2237/ 5.6ms sql=4
GET /files/htmlpdf/api/template-jsons/ 72.8ms sql=70
GET /files/task-management/ 55.7ms sql=60
GET /files/task-management/ 46.3ms sql=44
GET /files/task-management/ 97.2ms sql=60
GET /files/htmlpdf/ 505.7ms sql=1005
GET /files/htmlpdf/editor/2319/ 6.7ms sql=7
GET /files/htmlpdf/editor/2319/ 6.3ms sql=7
GET /files/htmlpdf/template/2319/ 5.0ms sql=4
GET /files/htmlpdf/api/template-jsons/ 196.5ms sql=364
GET /files/htmlpdf/template/2910/ 1.8ms sql=4
GET /files/htmlpdf/template/2910/ 2.3ms sql=4
GET /files/htmlpdf/template/2910/ 1.8ms sql=4
GET /files/htmlpdf/template/2910/ 2.0ms sql=4
GET /files/task-management/ 122.0ms sql=62
GET /files/task-management/ 44.0ms sql=43
GET /files/task-management/ 45.8ms sql=45
GET /files/task-management/ 67.4ms sql=60
GET /files/htmlpdf/ 361.1ms sql=999
GET /files/htmlpdf/editor/2282/ 4.3ms sql=7
GET /files/htmlpdf/editor/2282/ 4.5ms sql=7
GET /files/htmlpdf/api/template-jsons/ 54.7ms sql=56
GET /files/htmlpdf/template/2282/ 1.8ms sql=4
GET /files/htmlpdf/template/2333/ 1.8ms sql=4
GET /files/task-management/ 0.4ms sql=0
GET /files/htmlpdf/template/2319/ 0.3ms sql=0
GET /login/ 0.7ms sql=0
GET /files/htmlpdf/template/2333/ 1.8ms sql=4
GET /files/htmlpdf/template/2333/ 2.7ms sql=4
GET /files/htmlpdf/template/2333/ 1.8ms sql=4
GET /files/task-management/ 56.9ms sql=60
GET /files/task-management/ 53.4ms sql=43
GET /files/task-management/ 44.0ms sql=44
GET /files/task-management/ 65.4ms sql=60
GET /files/htmlpdf/ 364.9ms sql=1005
GET /files/htmlpdf/editor/2319/ 6.4ms sql=7
GET /files/htmlpdf/editor/2319/ 6.6ms sql=7
GET /files/htmlpdf/template/2319/ 5.3ms sql=4
GET /files/htmlpdf/api/template-jsons/ 171.2ms sql=364
GET /files/htmlpdf/template/2261/ 2.7ms sql=4
GET /files/htmlpdf/api/template-jsons/ 0.3ms sql=0
GET /login/ 0.7ms sql=0
GET /files/task-management/ 97.5ms sql=60
GET /files/task-management/ 43.8ms sql=43
GET /files/task-management/ 113.8ms sql=44
GET /files/task-management/ 64.5ms sql=60
GET /files/htmlpdf/ 384.4ms sql=999
GET /files/htmlpdf/editor/3179/ 4.3ms sql=7
GET /files/htmlpdf/editor/3179/ 4.6ms sql=7
GET /files/htmlpdf/api/template-jsons/ 9.7ms sql=14
GET /files/htmlpdf/template/3179/ 1.9ms sql=4
GET /files/htmlpdf/template/2792/ 1.8ms sql=4
GET /files/htmlpdf/template/2792/ 1.8ms sql=4
GET /files/htmlpdf/template/2792/ 1.8ms sql=4
GET /files/task-management/ 56.7ms sql=60
GET /files/task-management/ 50.2ms sql=43
GET /files/task-management/ 51.8ms sql=44
GET /files/task-management/ 57.2ms sql=60
GET /files/htmlpdf/ 357.7ms sql=999
GET /files/htmlpdf/editor/2856/ 4.4ms sql=7
GET /files/htmlpdf/editor/2856/ 4.5ms sql=7
GET /files/htmlpdf/api/template-jsons/ 62.2ms sql=140
GET /files/htmlpdf/template/2856/ 1.8ms sql=4
GET /files/htmlpdf/template/2824/ 2.0ms sql=4
GET /files/htmlpdf/ 0.3ms sql=0
GET /files/htmlpdf/editor/2237/ 0.3ms sql=0
GET /login/ 0.7ms sql=0
GET /files/htmlpdf/template/3179/ 0.3ms sql=0
GET /login/ 0.7ms sql=0
GET /files/htmlpdf/template/2856/ 18.0ms sql=0
GET /login/ 4.4ms sql=0
GET /files/htmlpdf/editor/2856/ 16.7ms sql=0
GET /login/ 5.3ms sql=0
GET /files/htmlpdf/template/2824/ 0.8ms sql=0
GET /login/ 3.8ms sql=0
GET /files/task-management/ 68.6ms sql=63
GET /files/htmlpdf/ 857.8ms sql=986
GET /files/htmlpdf/ 349.7ms sql=986
GET /files/htmlpdf/ 374.5ms sql=987
GET /files/htmlpdf/ 379.4ms sql=999
GET /files/htmlpdf/editor/1790/ 4.5ms sql=7
GET /files/htmlpdf/editor/1790/ 6.7ms sql=7
GET /files/htmlpdf/template/1790/ 6.1ms sql=4
GET /files/htmlpdf/api/template-jsons/ 141.0ms sql=223
GET /files/htmlpdf/template/1762/ 2.7ms sql=4
GET /files/htmlpdf/template/1762/ 1.8ms sql=4
GET /files/htmlpdf/template/1762/ 2.7ms sql=4
GET /files/htmlpdf/template/1762/ 18.5ms sql=4
GET /files/htmlpdf/template/1762/ 3.5ms sql=4
GET /files/task-management/ 77.1ms sql=63
GET /files/task-management/ 52.6ms sql=43
GET /files/task-management/ 45.8ms sql=44
GET /files/task-management/ 63.1ms sql=44
GET /files/task-management/ 44.9ms sql=44
GET /files/task-management/ 115.1ms sql=62
GET /files/htmlpdf/ 388.9ms sql=1001
GET /files/htmlpdf/editor/1868/ 7.5ms sql=7
GET /files/htmlpdf/editor/1868/ 4.9ms sql=7
GET /files/htmlpdf/api/template-jsons/ 24.8ms sql=28
GET /files/htmlpdf/template/1868/ 1.8ms sql=4
GET /files/htmlpdf/template/1919/ 1.9ms sql=4
GET /files/htmlpdf/template/1868/ 17.4ms sql=0
GET /login/ 3.7ms sql=0
GET /files/htmlpdf/template/1919/ 5.4ms sql=4
GET /files/htmlpdf/template/1919/ 1.8ms sql=4
GET /files/task-management/ 0.3ms sql=0
GET /login/ 0.8ms sql=0
GET /api/v2/library/files/2333/download 6.5ms sql=0
GET /api/v2/library/files/2333/download/ 5.8ms sql=0
GET /files/task-management/ 0.3ms sql=0
GET /login/ 0.8ms sql=0
GET /files/projects/ 67.7ms sql=7
GET /files/htmlpdf/editor/1790/ 0.3ms sql=0
GET /files/commission-manage/ 184.5ms sql=331
GET /files/ 24.0ms sql=18
GET /files/ 434.0ms sql=614
GET /files/ 425.5ms sql=614
GET /files/ 461.3ms sql=614
GET /files/ 539.2ms sql=614
GET /files/htmlpdf/template/1919/ 245.3ms sql=4
GET /files/ 434.9ms sql=614
GET /files/htmlpdf/template/1919/ 2.6ms sql=4
GET /files/ 404.3ms sql=508
GET /files/ 386.0ms sql=508
GET /files/ 488.1ms sql=508
GET /files/3300/preview/ 4.3ms sql=4
GET /files/3300/raw/ 1.4ms sql=2
GET /files/htmlpdf/template/1919/ 0.3ms sql=0
GET /files/htmlpdf/api/template-jsons/ 0.3ms sql=0
GET /login/ 0.7ms sql=0
GET /files/htmlpdf/template/1790/ 0.3ms sql=0
GET /login/ 0.7ms sql=0
GET /files/htmlpdf/ 0.3ms sql=0
GET /login/ 0.7ms sql=0
GET /files/htmlpdf/template/1919/ 2.1ms sql=4
GET /files/htmlpdf/template/1919/ 1.8ms sql=4
GET /files/htmlpdf/template/1919/ 1.8ms sql=4
GET /files/htmlpdf/template/1919/ 2.7ms sql=4
GET /files/htmlpdf/template/1919/ 1.8ms sql=4
GET /files/htmlpdf/template/1919/ 2.5ms sql=4
GET /files/htmlpdf/template/1919/ 2.8ms sql=4
GET /files/htmlpdf/template/1919/ 2.7ms sql=4
GET /files/htmlpdf/template/1919/ 1.8ms sql=4
GET /files/htmlpdf/template/1919/ 1.7ms sql=4
GET /files/htmlpdf/template/1919/ 1.9ms sql=4
GET /files/htmlpdf/template/1919/ 2.6ms sql=4
GET /files/htmlpdf/template/1919/ 2.7ms sql=4
GET /files/htmlpdf/template/1919/ 2.5ms sql=4
GET /files/htmlpdf/template/1919/ 1.9ms sql=4
GET /files/task-management/ 98.3ms sql=64
GET /files/htmlpdf/ 365.7ms sql=1001
GET /files/htmlpdf/editor/1868/ 4.7ms sql=7
GET /files/htmlpdf/editor/1868/ 4.5ms sql=7
GET /files/htmlpdf/api/template-jsons/ 20.8ms sql=28
GET /files/htmlpdf/template/1868/ 1.9ms sql=4
GET /files/htmlpdf/template/1919/ 1.9ms sql=4
GET /files/htmlpdf/template/1919/ 1.8ms sql=4
GET /files/htmlpdf/template/1919/ 1.8ms sql=4
GET /files/htmlpdf/template/1919/ 1.8ms sql=4
GET /files/htmlpdf/template/1919/ 1.8ms sql=4
GET /files/htmlpdf/template/1919/ 1.8ms sql=4
GET /files/ 781.4ms sql=1597
GET /files/task-management/ 43.6ms sql=43
GET /files/htmlpdf/ 353.4ms sql=986
GET /files/htmlpdf/ 353.9ms sql=986
GET /files/htmlpdf/ 380.6ms sql=986
GET /files/htmlpdf/ 378.0ms sql=987
GET /files/htmlpdf/ 352.6ms sql=987
GET /files/htmlpdf/ 446.3ms sql=1001
GET /files/htmlpdf/editor/1868/ 4.3ms sql=7
GET /files/htmlpdf/editor/1868/ 4.4ms sql=7
GET /files/htmlpdf/api/template-jsons/ 20.5ms sql=42
GET /files/htmlpdf/template/1868/ 1.9ms sql=4
GET /files/htmlpdf/template/1919/ 1.8ms sql=4
GET /api/v2/library/files/2824/download/ 2.9ms sql=0
GET /files/htmlpdf/api/template-jsons/ 0.3ms sql=0
GET /login/ 0.6ms sql=0
GET /files/htmlpdf/template/1919/ 1.8ms sql=4
GET /files/htmlpdf/template/1919/ 1.8ms sql=4
GET /files/htmlpdf/template/1919/ 2.2ms sql=4
GET /files/htmlpdf/template/1919/ 2.6ms sql=4
GET /files/htmlpdf/template/1919/ 2.5ms sql=4
GET /files/htmlpdf/template/1919/ 2.5ms sql=4
GET /files/htmlpdf/template/1919/ 2.6ms sql=4
GET /files/htmlpdf/ 0.4ms sql=0
GET /login/ 0.7ms sql=0
GET /files/task-management/ 56.5ms sql=64
GET /files/task-management/ 59.2ms sql=62
GET /files/htmlpdf/ 376.0ms sql=1001
GET /files/htmlpdf/editor/1933/ 6.7ms sql=7
GET /files/htmlpdf/editor/1933/ 6.5ms sql=7
GET /files/htmlpdf/api/template-jsons/ 20.3ms sql=42
GET /files/htmlpdf/template/1933/ 1.8ms sql=4
GET /files/task-management/ 123.1ms sql=62
GET /files/task-management/ 57.7ms sql=62
GET /files/ 15.8ms sql=32
GET /files/ 643.7ms sql=1369
GET /files/ 647.1ms sql=1369
GET /files/ 621.0ms sql=1369
GET /files/ 711.3ms sql=1369
GET /files/ 650.4ms sql=1369
GET /files/ 660.3ms sql=1369
GET /files/ 625.3ms sql=1369
GET /files/ 632.1ms sql=1369
GET /files/ 754.8ms sql=1369
GET /files/ 657.3ms sql=1369
GET /files/ 654.3ms sql=1369
GET /files/ 633.4ms sql=1369
GET /files/ 733.3ms sql=1369
GET /files/ 624.7ms sql=1369
GET /files/ 663.4ms sql=1369
GET /files/ 650.9ms sql=1369
GET /files/ 645.7ms sql=1369
GET /files/htmlpdf/editor/1933/ 0.3ms sql=0
GET /files/ 695.3ms sql=1329
GET /files/ 625.5ms sql=1327
GET /files/3297/preview/ 4.8ms sql=7
GET /files/3297/raw/ 2.5ms sql=6
GET /files/htmlpdf/template/1933/ 0.3ms sql=0
GET /login/ 0.6ms sql=0
GET /files/task-management/ 52.2ms sql=45
GET /files/task-management/ 69.2ms sql=44
GET /files/ 16.3ms sql=32
GET /files/task-management/ 60.3ms sql=60
GET /files/ 24.2ms sql=32
GET /files/htmlpdf/ 859.6ms sql=999
GET /files/ 1225.9ms sql=1327
GET /files/htmlpdf/editor/1790/ 4.5ms sql=7
GET /files/htmlpdf/editor/1790/ 6.3ms sql=7
GET /files/htmlpdf/api/template-jsons/ 99.6ms sql=223
GET /files/htmlpdf/template/1790/ 1.6ms sql=4
GET /files/ 637.3ms sql=1327
GET /files/ 636.5ms sql=1327
GET /files/ 759.2ms sql=1369
GET /files/ 667.2ms sql=1369
GET /files/3296/preview/ 4.3ms sql=7
GET /files/3296/raw/ 2.5ms sql=6
GET /files/task-management/ 0.3ms sql=0
GET /files/ 624.0ms sql=1369
GET /files/ 700.8ms sql=1335
GET /files/ 634.6ms sql=1335
GET /files/ 634.4ms sql=1335
GET /files/3302/preview/ 4.6ms sql=7
GET /files/3302/raw/ 2.4ms sql=6
GET /files/ 16.3ms sql=32
GET /files/ 658.3ms sql=1369
GET /files/ 752.1ms sql=1369
GET /files/ 628.6ms sql=1369
GET /files/ 16.3ms sql=32
GET /files/ 676.0ms sql=1369
GET /files/ 672.2ms sql=1369
GET /files/ 720.0ms sql=1369
GET /files/ 729.1ms sql=1369
GET /files/task-management/ 62.2ms sql=60
GET /files/htmlpdf/ 359.4ms sql=986
GET /files/htmlpdf/ 372.8ms sql=986
GET /files/htmlpdf/ 1357.6ms sql=987
GET /files/htmlpdf/ 359.3ms sql=1001
GET /files/htmlpdf/ 378.5ms sql=992
GET /files/htmlpdf/editor/1919/ 6.6ms sql=7
GET /files/htmlpdf/editor/1919/ 6.0ms sql=7
GET /files/htmlpdf/api/template-jsons/ 80.0ms sql=29
GET /files/htmlpdf/template/1919/ 1.9ms sql=4
GET /files/ 687.8ms sql=1371
GET /files/ 663.5ms sql=1369
GET /files/ 8785.6ms sql=1335
GET /files/ 1657.0ms sql=1369
GET /files/ 623.5ms sql=1369
GET /files/task-management/ 82.1ms sql=60
GET /files/ 625.2ms sql=1369
GET /files/ 605.0ms sql=1343
GET /files/ 703.7ms sql=1343
GET /files/ 611.6ms sql=1343
GET /files/3303/preview/ 4.1ms sql=7
GET /files/3303/raw/ 2.8ms sql=6
GET /files/task-management/ 78.6ms sql=64
GET /files/task-management/ 106.7ms sql=43
GET /files/task-management/ 43.0ms sql=42
GET /files/task-management/ 44.8ms sql=42
GET /files/ 15.9ms sql=32
GET /files/ 20.6ms sql=32
GET /files/ 13.9ms sql=24
GET /files/htmlpdf/editor/1919/ 0.4ms sql=0
GET /login/ 0.6ms sql=0
GET /files/ 20.7ms sql=24
GET /files/ 15.3ms sql=24
GET /files/task-management/ 42.8ms sql=42
GET /files/task-management/ 109.2ms sql=42
GET /files/task-management/ 46.5ms sql=42
GET /files/ 22.1ms sql=32
GET /files/task-management/ 41.1ms sql=42
GET /files/ 614.1ms sql=1360
GET /files/task-management/ 132.1ms sql=59
GET /files/ 839.3ms sql=1360
GET /files/task-management/ 55.5ms sql=59
GET /files/htmlpdf/ 345.6ms sql=963
GET /files/htmlpdf/editor/2032/ 4.4ms sql=7
GET /files/htmlpdf/editor/2032/ 5.0ms sql=7
GET /files/htmlpdf/api/template-jsons/ 38.0ms sql=42
GET /files/htmlpdf/template/2032/ 1.8ms sql=4
GET /files/ 803.5ms sql=1360
GET /files/3081/preview/ 4.3ms sql=7
GET /files/3081/raw/ 2.5ms sql=6
GET /files/htmlpdf/template/2026/ 2.5ms sql=4
GET /files/htmlpdf/template/2024/ 2.6ms sql=4
GET /files/ 16.2ms sql=32
GET /files/ 16.5ms sql=32
GET /files/ 16.6ms sql=32
GET /files/ 779.5ms sql=1628
GET /files/ 610.1ms sql=1628
GET /files/ 623.2ms sql=1628
GET /files/htmlpdf/template/2792/ 0.3ms sql=0
GET /files/task-management/ 64.1ms sql=61
GET /files/2032/download/ 1.8ms sql=4
GET /files/2032/download/ 1.8ms sql=4
GET /files/3081/raw/ 0.3ms sql=0
GET /login/ 0.6ms sql=0
GET /files/htmlpdf/ 342.6ms sql=946
GET /files/htmlpdf/ 339.7ms sql=944
GET /files/htmlpdf/ 337.2ms sql=944
GET /files/task-management/ 43.5ms sql=42
GET /files/task-management/ 50.5ms sql=42
GET /files/task-management/ 135.3ms sql=42
GET /files/htmlpdf/ 348.1ms sql=963
GET /files/htmlpdf/editor/2032/ 4.3ms sql=7
GET /files/htmlpdf/editor/2032/ 4.7ms sql=7
GET /files/htmlpdf/api/template-jsons/ 21.6ms sql=42
GET /files/htmlpdf/template/2032/ 1.8ms sql=4
GET /files/task-management/ 44.0ms sql=42
GET /files/task-management/ 54.8ms sql=59
GET /files/2032/download/ 1.8ms sql=4
GET /files/2032/download/ 1.8ms sql=4
GET /files/task-management/ 59.8ms sql=59
GET /files/htmlpdf/ 350.2ms sql=963
GET /files/htmlpdf/editor/2032/ 6.7ms sql=7
GET /files/htmlpdf/editor/2032/ 7.3ms sql=7
GET /files/htmlpdf/api/template-jsons/ 24.3ms sql=42
GET /files/htmlpdf/template/2032/ 1.8ms sql=4
GET /files/3303/preview/ 0.4ms sql=0
GET /login/ 0.6ms sql=0
GET /files/task-management/ 52.9ms sql=56
GET /files/task-management/ 63.1ms sql=56
GET /files/task-management/ 51.1ms sql=58
GET /files/task-management/ 78.9ms sql=58
GET /api/v2/inspections/projects/260001/tasks/18/export-frontend-json 2.8ms sql=0
GET /files/task-management/ 146.1ms sql=56
GET /files/task-management/ 57.5ms sql=58
GET /files/task-management/ 45.4ms sql=43
GET /files/task-management/ 64.6ms sql=60
GET /files/task-management/ 43.7ms sql=44
GET /files/task-management/ 64.0ms sql=58
GET /files/ 17.0ms sql=32
GET /files/ 26.5ms sql=32
GET /files/ 19.1ms sql=32
GET /files/ 20.1ms sql=32
GET /files/ 17.9ms sql=32
GET /files/ 653.6ms sql=1360
GET /files/ 760.5ms sql=1385
GET /files/ 668.0ms sql=1385
GET /files/ 633.7ms sql=1385
GET /files/ 664.6ms sql=1385
GET /files/ 754.8ms sql=1385
GET /files/ 629.1ms sql=1385
GET /files/ 16.1ms sql=32
GET /files/ 25.2ms sql=32
GET /files/ 622.8ms sql=1632
GET /files/ 618.8ms sql=1632
GET /files/task-management/ 49.9ms sql=43
GET /files/task-management/ 49.6ms sql=43
GET /files/task-management/ 211.4ms sql=60
GET /files/3075/download/ 1.8ms sql=4
GET /files/3075/download/ 2.3ms sql=4
GET /files/task-management/ 45.7ms sql=43
GET /files/task-management/ 62.1ms sql=60
GET /files/task-management/ 75.0ms sql=60
GET /files/htmlpdf/ 383.8ms sql=980
GET /files/htmlpdf/editor/3305/ 3.4ms sql=6
GET /files/htmlpdf/editor/3305/ 3.4ms sql=6
GET /files/htmlpdf/api/template-jsons/ 42.7ms sql=15
GET /files/htmlpdf/template/3305/ 1.8ms sql=4
GET /files/task-management/ 117.9ms sql=60
GET /files/task-management/ 62.5ms sql=58
GET /files/htmlpdf/ 378.8ms sql=985
GET /files/htmlpdf/editor/3304/ 5.1ms sql=6
GET /files/htmlpdf/editor/3304/ 3.5ms sql=6
GET /files/htmlpdf/api/template-jsons/ 9.1ms sql=11
GET /files/htmlpdf/template/3304/ 2.6ms sql=4
GET /files/3075/download/ 0.3ms sql=0
GET /login/ 0.6ms sql=0
GET /files/htmlpdf/editor/3304/ 3.6ms sql=6
GET /files/htmlpdf/editor/3304/ 3.4ms sql=6
GET /files/htmlpdf/api/template-jsons/ 6.2ms sql=11
GET /files/htmlpdf/template/3304/ 2.8ms sql=4
GET /files/htmlpdf/editor/3304/ 0.3ms sql=0
GET /login/ 0.6ms sql=0
GET /files/htmlpdf/template/3304/ 0.3ms sql=0
GET /files/htmlpdf/editor/3305/ 0.3ms sql=0
GET /login/ 0.6ms sql=0
GET /files/htmlpdf/ 0.3ms sql=0
GET /login/ 0.6ms sql=0
GET /files/htmlpdf/api/template-jsons/ 27.3ms sql=57
GET /files/htmlpdf/template/2915/ 2.0ms sql=4
GET /files/task-management/ 54.2ms sql=60
GET /files/task-management/ 124.2ms sql=56
GET /files/task-management/ 50.4ms sql=56
GET /files/task-management/ 66.2ms sql=58
GET /files/htmlpdf/ 353.1ms sql=985
GET /files/htmlpdf/editor/3308/ 4.5ms sql=6
GET /files/htmlpdf/editor/3308/ 3.4ms sql=6
GET /files/htmlpdf/api/template-jsons/ 6.6ms sql=11
GET /files/htmlpdf/template/3308/ 1.8ms sql=4
GET /files/htmlpdf/editor/3308/ 0.3ms sql=0
GET /login/ 0.6ms sql=0
GET /files/htmlpdf/template/3308/ 0.3ms sql=0
GET /login/ 0.6ms sql=0
GET /files/htmlpdf/template/3305/ 2.7ms sql=4
GET /files/htmlpdf/api/template-jsons/ 0.3ms sql=0
GET /files/htmlpdf/template/3305/ 2.6ms sql=4
GET /files/htmlpdf/template/3305/ 2.5ms sql=4
GET /files/htmlpdf/template/3305/ 2.6ms sql=4
GET /files/htmlpdf/template/3305/ 2.6ms sql=4
GET /files/htmlpdf/template/3305/ 2.7ms sql=4
GET /files/htmlpdf/template/3305/ 2.0ms sql=4
GET /files/htmlpdf/template/3305/ 2.5ms sql=4
GET /files/task-management/ 0.3ms sql=0
GET /api/v2/inspections/projects/260001/tasks/47/files/site_record 3.2ms sql=0
GET /login/ 0.9ms sql=0
GET /files/htmlpdf/template/3305/ 2.5ms sql=4
GET /files/htmlpdf/template/3305/ 1.8ms sql=4
GET /files/htmlpdf/template/3305/ 1.9ms sql=4
GET /files/htmlpdf/template/3305/ 2.7ms sql=4
GET /files/htmlpdf/template/3305/ 2.5ms sql=4
GET /files/htmlpdf/template/3305/ 1.8ms sql=4
GET /files/htmlpdf/template/3305/ 1.8ms sql=4
GET /files/ 792.5ms sql=1666
GET /files/task-management/ 43.8ms sql=43
GET /files/task-management/ 86.4ms sql=60
GET /files/htmlpdf/ 355.7ms sql=986
GET /files/htmlpdf/editor/3305/ 3.4ms sql=6
GET /files/htmlpdf/editor/3305/ 3.4ms sql=6
GET /files/htmlpdf/template/3305/ 5.0ms sql=4
GET /files/htmlpdf/api/template-jsons/ 154.2ms sql=29
GET /files/task-management/ 76.2ms sql=60
GET /files/task-management/ 121.4ms sql=60
GET /files/htmlpdf/ 362.4ms sql=993
GET /files/htmlpdf/editor/3308/ 3.4ms sql=6
GET /files/htmlpdf/editor/3308/ 3.4ms sql=6
GET /files/htmlpdf/api/template-jsons/ 9.8ms sql=14
GET /files/htmlpdf/template/3308/ 2.7ms sql=4
GET /files/task-management/ 71.2ms sql=60
GET /files/task-management/ 49.7ms sql=44
GET /files/task-management/ 55.8ms sql=60
GET /files/htmlpdf/ 365.8ms sql=993
GET /files/htmlpdf/ 360.6ms sql=993
GET /files/htmlpdf/ 386.5ms sql=993
GET /files/htmlpdf/editor/1790/ 6.3ms sql=7
GET /files/htmlpdf/editor/1790/ 6.2ms sql=7
GET /files/htmlpdf/template/1790/ 5.0ms sql=4
GET /files/htmlpdf/api/template-jsons/ 110.6ms sql=223
GET /files/htmlpdf/template/1762/ 1.8ms sql=4
GET /files/task-management/ 61.5ms sql=60
GET /files/task-management/ 45.2ms sql=44
GET /files/task-management/ 52.6ms sql=46
GET /api/v2/library/files/1762/download/ 2.6ms sql=0
GET /files/task-management/ 115.7ms sql=43
GET /files/task-management/ 45.6ms sql=43
GET /files/task-management/ 71.8ms sql=43
GET /files/task-management/ 52.1ms sql=44
GET /files/task-management/ 52.9ms sql=60
GET /files/task-management/ 121.7ms sql=61
GET /files/htmlpdf/ 358.4ms sql=987
GET /files/htmlpdf/editor/3305/ 4.5ms sql=6
GET /files/htmlpdf/editor/3305/ 3.5ms sql=6
GET /files/htmlpdf/template/3305/ 4.5ms sql=4
GET /files/htmlpdf/api/template-jsons/ 216.2ms sql=29
GET /files/htmlpdf/api/template-jsons/ 0.3ms sql=0
GET /login/ 0.6ms sql=0
GET /files/htmlpdf/template/2333/ 0.3ms sql=0
GET /login/ 0.7ms sql=0
GET /files/task-management/ 0.3ms sql=0
GET /login/ 0.8ms sql=0
GET /files/task-management/ 0.3ms sql=0
GET /login/ 0.7ms sql=0
GET / 0.4ms sql=0
GET / 0.3ms sql=0
GET /login/ 0.8ms sql=0
GET /favicon.ico 3.3ms sql=0
GET / 0.2ms sql=0
GET / 0.2ms sql=0
GET /login/ 0.6ms sql=0
GET / 0.2ms sql=0
GET /login/ 0.6ms sql=0
GET / 0.2ms sql=0
GET /login/ 0.8ms sql=0
GET / 0.2ms sql=0
GET /login/ 0.7ms sql=0
GET / 0.3ms sql=0
GET /login/ 0.6ms sql=0
GET / 5.8ms sql=8
GET /files/ 13.0ms sql=18
GET /files/ 522.2ms sql=630
GET /files/ 478.0ms sql=630
GET /files/ 444.2ms sql=630
GET /files/ 435.6ms sql=630
GET /files/ 488.0ms sql=630
GET /files/ 471.3ms sql=630
GET /files/ 481.1ms sql=630
GET /files/ 551.9ms sql=630
GET /files/ 439.8ms sql=630
GET /files/ 496.6ms sql=630
GET /files/ 939.2ms sql=1266
GET /files/ 1009.9ms sql=1266
GET /files/ 941.2ms sql=1266
GET /files/ 942.3ms sql=1266
GET /files/ 1049.2ms sql=1266
GET /files/ 958.4ms sql=1266
GET /files/ 460.7ms sql=630
GET /files/ 1028.5ms sql=1266
GET /files/ 942.9ms sql=1266
GET /files/ 604.9ms sql=634
GET /files/ 485.3ms sql=634
GET /files/ 501.3ms sql=634
GET /files/ 471.0ms sql=634
GET /files/ 454.4ms sql=634
GET /files/ 442.0ms sql=634
GET /files/ 447.3ms sql=634
GET /files/ 449.1ms sql=634
GET /files/ 440.8ms sql=634
GET /files/ 453.4ms sql=634
GET /files/3311/preview/ 3.4ms sql=4
GET /files/3311/raw/ 1.4ms sql=2
GET /files/ 559.0ms sql=634
GET /files/ 458.0ms sql=634
GET /files/ 526.1ms sql=634
GET /files/ 489.2ms sql=634
GET /files/ 477.7ms sql=634
GET /files/ 446.5ms sql=634
GET /files/3296/preview/ 3.6ms sql=4
GET /files/3296/raw/ 1.5ms sql=2
GET /files/ 401.5ms sql=537
GET /files/ 400.4ms sql=537
GET /files/ 522.4ms sql=537
GET /files/ 404.1ms sql=537
GET /files/ 410.4ms sql=537
GET /files/3312/preview/ 5.0ms sql=4
GET /files/3312/raw/ 1.0ms sql=2
GET /files/ 456.1ms sql=537
GET /files/ 445.8ms sql=537
GET /files/3313/preview/ 3.2ms sql=4
GET /files/3313/raw/ 1.1ms sql=2
GET /files/ 413.7ms sql=537
GET /files/projects/ 11.4ms sql=6
GET /files/projects/ 8.6ms sql=6
GET /files/projects/ 8.3ms sql=6
GET /files/projects/ 7.8ms sql=6
GET /files/projects/ 667.4ms sql=1560
GET /files/projects/ 528.2ms sql=1560
GET /files/projects/ 631.0ms sql=1565
GET /files/ 21.4ms sql=18
GET /files/ 460.0ms sql=642
GET /files/ 479.6ms sql=642
GET /files/ 513.3ms sql=642
GET /files/ 475.9ms sql=642
GET /files/3317/preview/ 3.9ms sql=4
GET /files/3317/raw/ 1.0ms sql=2
GET /files/ 469.4ms sql=642
GET /files/ 434.9ms sql=540
GET /files/ 514.1ms sql=540
GET /files/ 398.3ms sql=540
GET /files/3318/preview/ 3.2ms sql=4
GET /files/3318/raw/ 1.3ms sql=2
GET /files/ 421.2ms sql=540
GET /files/ 416.3ms sql=540
GET /files/ 447.6ms sql=642
GET /files/ 450.9ms sql=642
GET /files/ 537.2ms sql=642
GET /files/ 488.5ms sql=642
GET /files/ 441.7ms sql=642
GET /files/ 441.5ms sql=642
GET /files/ 452.2ms sql=642
GET /files/ 443.0ms sql=642
GET /files/ 569.8ms sql=642
GET /files/3315/preview/ 6.0ms sql=4
GET /files/3315/raw/ 165.5ms sql=2
GET /files/ 484.1ms sql=642
GET /files/ 453.2ms sql=543
GET /files/ 402.4ms sql=543
GET /files/ 539.3ms sql=543
GET /files/3319/preview/ 3.4ms sql=4
GET /files/3319/raw/ 1.0ms sql=2
GET /files/ 440.4ms sql=642
GET /files/ 475.7ms sql=642
GET /files/ 440.4ms sql=642
GET /files/ 470.8ms sql=642
GET /files/ 454.1ms sql=642
GET /files/ 573.4ms sql=642
GET /files/ 478.3ms sql=642
GET /files/ 443.5ms sql=642
GET /files/ 902.9ms sql=1274
GET /files/ 1015.0ms sql=1274
GET /files/ 943.5ms sql=1274
GET /files/ 1032.1ms sql=1274
GET /files/ 938.4ms sql=1274
GET /files/2628/preview/ 4.3ms sql=4
GET /files/ 16.5ms sql=18
GET /files/ 901.6ms sql=1274
GET /files/ 998.2ms sql=1274
GET /files/ 909.1ms sql=1274
GET /files/ 896.2ms sql=1274
GET /files/ 1076.2ms sql=1274
GET /files/ 911.6ms sql=1274
GET /files/ 990.5ms sql=1274
GET /files/ 911.1ms sql=1274
GET /files/ 995.6ms sql=1274
GET /files/ 14.8ms sql=18
GET /files/ 447.6ms sql=642
GET /files/ 436.4ms sql=642
GET /files/ 449.7ms sql=642
GET /files/ 445.0ms sql=642
GET /files/ 442.9ms sql=642
GET /files/ 563.3ms sql=642
GET /files/ 479.2ms sql=642
GET /files/ 489.7ms sql=642
GET /files/ 464.6ms sql=642
GET /files/ 686.0ms sql=642
GET /files/ 677.4ms sql=642
GET /files/ 494.4ms sql=642
GET /files/ 543.1ms sql=642
GET /files/ 489.3ms sql=642
GET /files/ 446.1ms sql=642
GET /files/ 454.2ms sql=642
GET /files/ 468.3ms sql=642
GET /files/ 509.4ms sql=642
GET /files/ 472.3ms sql=642
GET /files/ 464.0ms sql=642
GET /files/ 513.6ms sql=642
GET /files/ 18.9ms sql=18
GET /files/ 406.8ms sql=546
GET /files/ 416.4ms sql=546
GET /files/ 410.1ms sql=546
GET /files/3320/preview/ 5.9ms sql=4
GET /files/3320/raw/ 1.5ms sql=2
GET /files/htmlpdf/ 158.1ms sql=226
GET /files/ 74.3ms sql=18
GET /files/ 478.0ms sql=642
GET /files/ 475.2ms sql=642
GET /files/ 467.3ms sql=642
GET /files/ 476.4ms sql=642
GET /api/v2/inspections/projects 4.9ms sql=0
GET /api/v2/library/files/2915/download/ 2.6ms sql=0
GET /api/v2/library/files/2927/download/ 2.6ms sql=0
GET /api/v2/inspections/projects/260001/tasks/34/export-frontend-json 3.5ms sql=0
GET /files/htmlpdf/ 133.6ms sql=225
GET /files/htmlpdf/ 187.1ms sql=225
GET /files/htmlpdf/ 131.6ms sql=226
GET /files/htmlpdf/ 143.1ms sql=230
GET /files/htmlpdf/editor/1762/ 4.1ms sql=5
GET /files/htmlpdf/editor/1762/ 5.6ms sql=5
GET /files/htmlpdf/template/1762/ 1.4ms sql=2
GET /files/htmlpdf/api/template-jsons/ 634.9ms sql=13
GET /files/task-management/ 141.5ms sql=47
GET / 0.8ms sql=0
GET / 0.3ms sql=0
GET /login/ 0.9ms sql=0
GET /api/Event/Products/Average 7.8ms sql=0
GET /index/index/info 5.4ms sql=0
GET / 1.1ms sql=0
GET /jw 5.2ms sql=0
GET /index/index/info 5.0ms sql=0
GET /index.php/user/login 5.2ms sql=0
GET / 0.2ms sql=0
GET /login/ 3.9ms sql=0
GET /index/index/info 3.5ms sql=0
GET /files/htmlpdf/ 144.2ms sql=226
GET /files/htmlpdf/ 130.6ms sql=225
GET /files/htmlpdf/ 130.1ms sql=226
GET /files/htmlpdf/ 148.3ms sql=230
GET /files/htmlpdf/editor/1790/ 3.9ms sql=5
GET /files/htmlpdf/editor/1790/ 4.9ms sql=5
GET /files/htmlpdf/template/1790/ 3.5ms sql=2
GET /files/htmlpdf/api/template-jsons/ 68.1ms sql=12
GET /api/v2/inspections/projects/260001/tasks/23/export-frontend-json 5.4ms sql=0
GET /files/htmlpdf/ 131.6ms sql=225
GET /files/htmlpdf/ 139.5ms sql=225
GET /files/htmlpdf/ 133.7ms sql=226
GET /files/htmlpdf/ 132.6ms sql=230
GET /files/htmlpdf/editor/3308/ 4.0ms sql=4
GET /files/htmlpdf/editor/3308/ 2.8ms sql=4
GET /files/htmlpdf/api/template-jsons/ 13.8ms sql=12
GET /files/htmlpdf/template/3308/ 1.1ms sql=2
GET /files/ 25.5ms sql=18
GET /files/task-management/ 49.1ms sql=36
GET /files/task-management/ 41.9ms sql=36
GET /files/task-management/ 41.1ms sql=37
GET /files/task-management/ 58.2ms sql=47
GET /files/task-management/ 144.2ms sql=48
GET /files/3305/preview/ 5.4ms sql=4
GET /files/3305/raw/ 1.5ms sql=2
GET /favicon.ico 3.5ms sql=0
GET /files/htmlpdf/template/3305/ 1.0ms sql=2
GET /files/htmlpdf/template/3305/ 1.0ms sql=2
GET /files/htmlpdf/template/3305/ 1.4ms sql=2
GET /files/task-management/ 124.6ms sql=47
GET / 9.4ms sql=9
GET / 3.7ms sql=7
GET /files/htmlpdf/ 354.2ms sql=980
GET /files/htmlpdf/ 358.3ms sql=993
GET /files/htmlpdf/editor/3308/ 5.2ms sql=6
GET /files/htmlpdf/editor/3308/ 3.4ms sql=6
GET /files/htmlpdf/api/template-jsons/ 9.8ms sql=14
GET /files/htmlpdf/template/3308/ 1.8ms sql=4
GET /files/htmlpdf/template/3305/ 1.8ms sql=4
GET /files/htmlpdf/template/3305/ 2.5ms sql=4
GET /files/htmlpdf/template/3305/ 1.8ms sql=4
GET /login/ 0.9ms sql=0
GET /files/task-management/ 64.0ms sql=60
GET /files/task-management/ 46.7ms sql=43
GET /files/task-management/ 96.9ms sql=60
GET /files/htmlpdf/editor/1790/ 6.6ms sql=7
GET /files/htmlpdf/editor/1790/ 5.7ms sql=7
GET /files/htmlpdf/api/template-jsons/ 100.6ms sql=223
GET /files/htmlpdf/template/1790/ 2.6ms sql=4
GET /files/htmlpdf/template/1762/ 1.8ms sql=4
GET /files/htmlpdf/template/1762/ 1.8ms sql=4
GET /files/task-management/ 66.6ms sql=60
GET /files/task-management/ 59.9ms sql=60
GET /files/htmlpdf/editor/2925/ 4.4ms sql=7
GET /files/htmlpdf/editor/2925/ 4.3ms sql=7
GET /files/htmlpdf/api/template-jsons/ 46.4ms sql=112
GET /files/htmlpdf/template/2925/ 1.8ms sql=4
GET /files/htmlpdf/editor/3308/ 3.0ms sql=4
GET /files/htmlpdf/editor/3308/ 2.7ms sql=4
GET /files/htmlpdf/api/template-jsons/ 9.8ms sql=12
GET /files/htmlpdf/template/3308/ 1.0ms sql=2
GET /files/htmlpdf/template/3305/ 2.5ms sql=2
GET /files/task-management/ 89.9ms sql=62
GET /files/task-management/ 51.5ms sql=47
GET /files/ 15.1ms sql=18
GET /files/ 567.7ms sql=662
GET /files/task-management/ 57.3ms sql=60
GET /files/htmlpdf/editor/2219/ 5.4ms sql=7
GET /files/htmlpdf/editor/2219/ 4.3ms sql=7
GET /files/htmlpdf/api/template-jsons/ 56.9ms sql=140
GET /files/htmlpdf/template/2219/ 1.8ms sql=4
GET /files/htmlpdf/template/2223/ 1.8ms sql=4
GET /files/htmlpdf/editor/2925/ 0.3ms sql=0
GET /files/htmlpdf/api/import-json-from-library/ 0.3ms sql=0
GET /login/ 0.6ms sql=0
GET /files/task-management/ 0.3ms sql=0
GET /login/ 0.7ms sql=0
GET /files/htmlpdf/template/2223/ 2.6ms sql=4
GET /files/htmlpdf/api/report-task-context/ 0.3ms sql=0
GET /files/task-management/ 57.4ms sql=60
GET /files/task-management/ 69.3ms sql=60
GET /files/htmlpdf/editor/1790/ 0.3ms sql=0
GET /files/htmlpdf/editor/2223/ 4.4ms sql=7
GET /files/htmlpdf/editor/2223/ 4.3ms sql=7
GET /files/htmlpdf/template/2223/ 3.6ms sql=4
GET /files/htmlpdf/api/template-jsons/ 320.5ms sql=256
GET /files/htmlpdf/ 140.0ms sql=225
GET /files/htmlpdf/ 131.9ms sql=225
GET /files/htmlpdf/ 127.9ms sql=226
GET /files/htmlpdf/ 132.2ms sql=230
GET /files/htmlpdf/editor/3308/ 2.7ms sql=4
GET /files/htmlpdf/editor/3308/ 3.6ms sql=4
GET /files/htmlpdf/api/template-jsons/ 8.9ms sql=12
GET /files/htmlpdf/template/3308/ 1.2ms sql=2
GET /files/htmlpdf/template/3305/ 1.0ms sql=2
GET /files/task-management/ 142.8ms sql=60
GET /files/task-management/ 46.7ms sql=45
GET /files/htmlpdf/template/1762/ 0.3ms sql=0
GET /files/htmlpdf/template/2223/ 0.3ms sql=0
GET /login/ 1.1ms sql=0
GET /files/task-management/ 156.2ms sql=60
GET /files/task-management/ 61.3ms sql=60
GET /files/htmlpdf/ 354.9ms sql=993
GET /files/htmlpdf/editor/2282/ 6.8ms sql=7
GET /files/htmlpdf/editor/2282/ 8.7ms sql=7
GET /files/htmlpdf/api/template-jsons/ 49.9ms sql=56
GET /files/htmlpdf/template/2282/ 2.3ms sql=4
GET /files/task-management/ 56.9ms sql=62
GET /files/htmlpdf/template/2333/ 2.5ms sql=4
GET /files/ 16.6ms sql=32
GET /files/ 689.3ms sql=1475
GET /files/ 664.1ms sql=1475
GET /files/task-management/ 49.5ms sql=47
GET /files/ 13.8ms sql=18
GET /files/ 757.0ms sql=1475
GET /files/ 678.8ms sql=1475
GET /files/ 768.2ms sql=1475
GET /files/htmlpdf/template/2333/ 2.0ms sql=4
GET /files/ 785.5ms sql=1475
GET /files/htmlpdf/template/2333/ 2.1ms sql=4
GET /files/htmlpdf/template/2333/ 1.8ms sql=4
GET /files/htmlpdf/template/2333/ 1.9ms sql=4
GET /files/htmlpdf/template/2333/ 1.8ms sql=4
GET /files/projects/ 10.6ms sql=6
GET /files/htmlpdf/ 130.9ms sql=225
GET /files/htmlpdf/ 133.8ms sql=225
GET /files/htmlpdf/ 135.7ms sql=226
GET /files/htmlpdf/ 131.7ms sql=230
GET /files/ 12.4ms sql=18
GET /files/ 473.4ms sql=305
GET /files/ 373.6ms sql=305
GET /files/htmlpdf/template/2333/ 1.8ms sql=4
GET /files/htmlpdf/template/2333/ 2.6ms sql=4
GET /files/htmlpdf/ 0.3ms sql=0
GET /files/htmlpdf/template/2333/ 9.6ms sql=4
GET /files/htmlpdf/ 141.8ms sql=225
GET /api/v2/library/files/2024/download/ 2.7ms sql=0
GET /files/htmlpdf/ 132.9ms sql=225
GET /files/htmlpdf/ 130.8ms sql=226
GET /files/htmlpdf/ 197.9ms sql=230
GET /files/htmlpdf/template/2333/ 1.8ms sql=4
GET /files/ 15.4ms sql=18
GET /files/ 497.1ms sql=670
GET /files/ 488.7ms sql=670
GET /files/ 489.9ms sql=670
GET /files/ 455.8ms sql=670
GET /files/htmlpdf/template/2333/ 1.9ms sql=4
GET /files/htmlpdf/template/2282/ 0.3ms sql=0
GET /files/3351/preview/ 5.0ms sql=4
GET /files/3351/raw/ 1.6ms sql=2
GET /files/htmlpdf/api/site-template-bundle/ 0.3ms sql=0
GET /files/htmlpdf/template/2333/ 0.3ms sql=0
GET /login/ 0.7ms sql=0
GET /files/ 481.6ms sql=670
GET /files/ 455.7ms sql=670
GET /files/ 461.7ms sql=670
GET /files/task-management/ 43.2ms sql=43
GET /files/htmlpdf/ 356.8ms sql=980
GET /files/htmlpdf/ 375.3ms sql=986
GET /files/htmlpdf/ 354.5ms sql=993
GET /files/htmlpdf/editor/2063/ 6.7ms sql=7
GET /files/htmlpdf/editor/2063/ 7.5ms sql=7
GET /files/htmlpdf/api/template-jsons/ 101.5ms sql=224
GET /files/htmlpdf/template/2063/ 5.2ms sql=4
GET /files/htmlpdf/template/1765/ 1.8ms sql=4
GET /files/htmlpdf/template/2333/ 1.8ms sql=4
GET /files/htmlpdf/template/2333/ 1.8ms sql=4
GET /files/ 473.6ms sql=670
GET /files/ 501.7ms sql=670
GET /files/ 538.6ms sql=670
GET /files/htmlpdf/template/2333/ 1.8ms sql=4
GET /files/ 15.1ms sql=18
GET /files/ 482.6ms sql=670
GET /files/ 480.2ms sql=305
GET /files/ 376.5ms sql=305
GET /files/ 502.6ms sql=305
GET /files/ 401.6ms sql=305
GET /files/3310/preview/ 71.6ms sql=4
GET /files/htmlpdf/template/2333/ 1.8ms sql=4
GET /files/htmlpdf/ 148.2ms sql=225
GET /files/htmlpdf/ 143.5ms sql=225
GET /files/htmlpdf/ 130.4ms sql=226
GET /files/htmlpdf/ 134.1ms sql=230
GET /files/htmlpdf/editor/3305/ 2.7ms sql=4
GET /files/htmlpdf/editor/3305/ 2.7ms sql=4
GET /files/htmlpdf/template/3305/ 1.6ms sql=2
GET /files/htmlpdf/api/template-jsons/ 86.2ms sql=13
GET /files/htmlpdf/template/2333/ 1.8ms sql=4
GET /files/task-management/ 71.5ms sql=47
GET /files/ 12.4ms sql=18
GET /files/ 488.2ms sql=670
GET /files/ 442.4ms sql=305
GET /files/ 363.5ms sql=305
GET /files/ 496.4ms sql=305
GET /files/ 445.7ms sql=305
GET /files/ 371.3ms sql=305
GET /files/3310/preview/ 57.1ms sql=4
GET / 0.3ms sql=0
GET /files/ 0.3ms sql=0
GET /files/htmlpdf/template/2333/ 1.8ms sql=4
GET /files/task-management/ 0.3ms sql=0
GET /login/ 0.9ms sql=0
GET / 0.3ms sql=0
GET /login/ 0.6ms sql=0
GET /files/htmlpdf/template/2333/ 1.8ms sql=4
GET /files/htmlpdf/template/2333/ 2.5ms sql=4
GET /files/htmlpdf/template/2333/ 2.5ms sql=4
GET /files/htmlpdf/template/2333/ 1.8ms sql=4
GET /files/ 108.1ms sql=18
GET /files/ 459.5ms sql=670
GET /files/ 527.8ms sql=670
GET /files/ 507.2ms sql=670
GET /files/ 468.3ms sql=670
GET /files/ 464.1ms sql=670
GET /files/ 516.2ms sql=549
GET /files/ 407.0ms sql=549
GET /files/ 441.9ms sql=549
GET /files/3352/preview/ 3.5ms sql=4
GET /files/3352/raw/ 1.0ms sql=2
GET /api/v2/inspections/projects/260001/tasks/33/submit 3.7ms sql=0
GET /api/v2/inspections/projects/260001/tasks/19/submit 2.9ms sql=0
GET /files/htmlpdf/template/1765/ 2.5ms sql=4
GET /files/htmlpdf/template/2063/ 0.3ms sql=0
GET /login/ 0.6ms sql=0
GET /files/htmlpdf/ 134.3ms sql=225
GET /files/htmlpdf/ 141.3ms sql=225
GET /files/htmlpdf/ 129.2ms sql=226
GET /files/htmlpdf/ 133.0ms sql=230
GET /files/htmlpdf/ 152.2ms sql=225
GET /files/htmlpdf/template/1765/ 5.1ms sql=4
GET /files/htmlpdf/ 140.0ms sql=226
GET /files/htmlpdf/template/2333/ 2.2ms sql=4
GET /files/htmlpdf/ 138.7ms sql=226
GET /files/htmlpdf/ 156.5ms sql=230
GET /files/htmlpdf/editor/3308/ 2.7ms sql=4
GET /files/htmlpdf/editor/3308/ 4.3ms sql=4
GET /files/htmlpdf/api/template-jsons/ 11.1ms sql=12
GET /files/htmlpdf/template/3308/ 1.0ms sql=2
GET /files/htmlpdf/template/1765/ 1.9ms sql=4
GET /files/htmlpdf/template/3305/ 1.3ms sql=2
GET /files/htmlpdf/template/1765/ 1.8ms sql=4
GET /files/htmlpdf/template/3305/ 1.5ms sql=2
GET /files/task-management/ 99.2ms sql=62
GET /files/task-management/ 115.4ms sql=47
GET /files/task-management/ 105.6ms sql=60
GET /files/task-management/ 133.5ms sql=60
GET /files/ 25.2ms sql=18
GET /files/ 464.7ms sql=670
GET /files/ 471.2ms sql=670
GET /files/ 467.6ms sql=670
GET /files/ 509.6ms sql=670
GET /files/htmlpdf/template/1765/ 1.8ms sql=4
GET /files/htmlpdf/template/1765/ 1.8ms sql=4
GET /files/ 471.1ms sql=670
GET /files/htmlpdf/template/1765/ 4.7ms sql=4
GET /files/ 461.3ms sql=555
GET /files/ 1374.2ms sql=555
GET /files/ 453.0ms sql=555
GET /files/3354/preview/ 5.6ms sql=4
GET /files/3354/raw/ 1.9ms sql=2
GET /files/htmlpdf/template/1765/ 2.4ms sql=4
GET /files/htmlpdf/template/1765/ 2.5ms sql=4
GET /files/htmlpdf/template/1765/ 1.8ms sql=4
GET /files/htmlpdf/template/1765/ 1.8ms sql=4
GET /files/task-management/ 60.2ms sql=62
GET /files/htmlpdf/ 383.6ms sql=993
GET /files/htmlpdf/editor/2063/ 4.4ms sql=7
GET /files/htmlpdf/editor/2063/ 4.8ms sql=7
GET /files/htmlpdf/template/2063/ 4.5ms sql=4
GET /files/htmlpdf/api/template-jsons/ 198.4ms sql=224
GET /files/htmlpdf/template/1765/ 1.8ms sql=4
GET /files/task-management/ 0.8ms sql=0
GET /login/ 1.2ms sql=0
GET /files/task-management/ 84.4ms sql=62
GET /files/task-management/ 86.6ms sql=60
GET /files/task-management/ 61.8ms sql=60
GET /files/ 17.4ms sql=32
GET /files/ 660.6ms sql=1424
GET /files/ 754.3ms sql=1424
GET /files/ 679.1ms sql=1424
GET /files/task-management/ 89.5ms sql=63
GET /files/ 884.4ms sql=1477
GET /files/htmlpdf/editor/3179/ 23.2ms sql=7
GET /files/htmlpdf/api/template-jsons/ 30.8ms sql=14
GET /files/htmlpdf/template/3179/ 4.6ms sql=4
GET /files/task-management/ 88.7ms sql=63
GET /files/ 624.3ms sql=555
GET /files/ 491.9ms sql=670
GET /files/ 903.4ms sql=670
GET /files/ 465.3ms sql=670
GET /files/ 564.9ms sql=670
GET /files/ 459.0ms sql=558
GET /files/3356/preview/ 3.9ms sql=4
GET /files/3356/raw/ 1.0ms sql=2
GET /files/3318/preview/ 3.4ms sql=4
GET /files/3318/raw/ 1.0ms sql=2
GET /files/htmlpdf/api/template-jsons/ 0.9ms sql=0
GET /login/ 1.6ms sql=0
GET /files/ 497.4ms sql=670
GET /files/ 545.2ms sql=670
GET /files/htmlpdf/ 0.9ms sql=0
GET /login/ 3.6ms sql=0
GET /files/ 505.7ms sql=670
GET /files/ 585.2ms sql=670
GET /files/ 426.0ms sql=561
GET /files/ 775.3ms sql=1477
GET /files/ 724.0ms sql=1475
GET /files/htmlpdf/editor/3179/ 7.9ms sql=7
GET /files/htmlpdf/editor/3179/ 6.4ms sql=7
GET /files/htmlpdf/api/template-jsons/ 10.9ms sql=14
GET /files/htmlpdf/template/3179/ 3.6ms sql=4
GET /files/ 710.1ms sql=1475
GET /files/ 890.5ms sql=1475
GET /files/task-management/ 65.2ms sql=63
GET /files/ 678.1ms sql=1440
GET /files/ 554.9ms sql=670
GET /files/htmlpdf/template/3179/ 20.4ms sql=0
GET /login/ 9.7ms sql=0
GET /files/ 732.1ms sql=1442
GET /files/ 718.8ms sql=1475
GET /files/ 700.6ms sql=1475
GET /files/ 762.0ms sql=1477
GET /files/ 713.0ms sql=1475
GET /files/task-management/ 65.8ms sql=63
GET /files/ 714.3ms sql=1475
GET /files/ 762.3ms sql=1475
GET /files/ 674.9ms sql=1475
GET /files/ 774.4ms sql=1456
GET /files/ 1681.1ms sql=1456
GET /files/ 782.2ms sql=1456
GET /files/ 701.3ms sql=1467
GET /files/ 668.3ms sql=1467
GET /files/ 695.8ms sql=1467
GET /files/3360/preview/ 5.3ms sql=7
GET /files/3360/raw/ 2.6ms sql=6
GET /files/htmlpdf/editor/2856/ 6.1ms sql=7
GET /files/htmlpdf/editor/2856/ 4.3ms sql=7
GET /files/htmlpdf/api/template-jsons/ 72.1ms sql=140
GET /files/htmlpdf/template/2856/ 3.5ms sql=4
GET /files/task-management/ 135.1ms sql=60
GET /files/task-management/ 0.9ms sql=0
GET /login/ 1.0ms sql=0
GET /files/task-management/ 57.8ms sql=60
GET /files/ 541.0ms sql=670
GET /files/htmlpdf/api/template-jsons/ 0.3ms sql=0
GET /login/ 0.7ms sql=0
GET /files/task-management/ 61.1ms sql=62
GET /files/htmlpdf/editor/3179/ 4.4ms sql=7
GET /files/htmlpdf/editor/3179/ 4.5ms sql=7
GET /files/htmlpdf/api/template-jsons/ 13.0ms sql=16
GET /files/htmlpdf/template/3179/ 1.8ms sql=4
GET /files/htmlpdf/template/2792/ 2.6ms sql=4
GET /files/task-management/ 68.3ms sql=64
GET /files/htmlpdf/editor/3179/ 6.7ms sql=7
GET /files/htmlpdf/editor/3179/ 4.4ms sql=7
GET /files/htmlpdf/api/template-jsons/ 13.5ms sql=16
GET /files/htmlpdf/template/3179/ 1.9ms sql=4
GET /files/htmlpdf/template/2792/ 1.8ms sql=4
GET /files/task-management/ 116.5ms sql=62
GET /files/htmlpdf/template/2792/ 0.4ms sql=0
GET /files/task-management/ 77.9ms sql=60
GET /files/htmlpdf/editor/2792/ 6.7ms sql=7
GET /files/htmlpdf/editor/2792/ 7.1ms sql=7
GET /files/htmlpdf/template/2792/ 3.6ms sql=4
GET /files/htmlpdf/api/template-jsons/ 234.4ms sql=86
GET /files/ 466.9ms sql=670
GET /files/task-management/ 146.2ms sql=60
GET /files/ 532.6ms sql=670
GET /files/task-management/ 66.9ms sql=62
GET /files/task-management/ 166.3ms sql=60
GET /files/task-management/ 92.8ms sql=63
GET /files/ 481.6ms sql=670
GET /files/task-management/ 72.0ms sql=62
GET /files/htmlpdf/editor/2219/ 5.4ms sql=7
GET /files/htmlpdf/editor/2219/ 4.3ms sql=7
GET /files/htmlpdf/api/template-jsons/ 73.3ms sql=142
GET /files/htmlpdf/template/2219/ 3.6ms sql=4
GET /api/v2/library/files/2927/download 6.5ms sql=0
GET /api/v2/library/files/2927/download/ 5.5ms sql=0
GET /files/task-management/ 0.9ms sql=0
GET /files/ 12.5ms sql=18
GET /files/task-management/ 70.8ms sql=64
GET /files/task-management/ 57.5ms sql=60
GET /files/htmlpdf/editor/2219/ 4.8ms sql=7
GET /files/htmlpdf/editor/2219/ 4.5ms sql=7
GET /files/htmlpdf/api/template-jsons/ 61.7ms sql=140
GET /files/htmlpdf/template/2219/ 2.0ms sql=4
GET /files/task-management/ 63.6ms sql=60
GET /files/task-management/ 63.9ms sql=60
GET /files/task-management/ 49.9ms sql=45
GET /files/htmlpdf/editor/2282/ 7.1ms sql=7
GET /files/htmlpdf/editor/2282/ 4.5ms sql=7
GET /files/htmlpdf/api/template-jsons/ 58.8ms sql=56
GET /files/htmlpdf/template/2282/ 2.0ms sql=4
GET / 0.3ms sql=0
GET /login/ 1.0ms sql=0
GET /files/task-management/ 50.5ms sql=45
GET /files/ 16.1ms sql=32
GET /files/projects/ 10.3ms sql=7
GET /files/commission-manage/ 288.3ms sql=727
GET /files/task-management/ 113.9ms sql=43
GET /files/task-management/ 47.5ms sql=43
GET /files/task-management/ 47.5ms sql=44
GET /files/task-management/ 54.7ms sql=60
GET /files/htmlpdf/ 380.1ms sql=993
GET /files/htmlpdf/editor/3308/ 3.6ms sql=6
GET /files/htmlpdf/editor/3308/ 3.5ms sql=6
GET /files/htmlpdf/api/template-jsons/ 10.1ms sql=14
GET /files/htmlpdf/template/3308/ 1.8ms sql=4
GET /files/task-management/ 0.3ms sql=0
GET /login/ 0.9ms sql=0
GET /files/projects/ 0.3ms sql=0
GET /login/ 0.9ms sql=0
GET /files/htmlpdf/template/3305/ 2.7ms sql=4
GET /files/htmlpdf/template/3305/ 2.7ms sql=4
GET /files/htmlpdf/template/3305/ 2.5ms sql=4
GET /files/ 1245.2ms sql=1695
GET /files/task-management/ 47.5ms sql=43
GET /files/task-management/ 45.1ms sql=43
GET /files/task-management/ 46.0ms sql=44
GET /files/task-management/ 56.4ms sql=60
GET /files/htmlpdf/ 358.8ms sql=993
GET /files/htmlpdf/editor/3308/ 5.5ms sql=6
GET /files/htmlpdf/editor/3308/ 4.4ms sql=6
GET /files/htmlpdf/api/template-jsons/ 15.8ms sql=28
GET /files/htmlpdf/template/3308/ 1.8ms sql=4
GET /files/htmlpdf/template/3305/ 1.8ms sql=4
GET /files/htmlpdf/api/auto-red-text-boxes/ 0.3ms sql=0
GET /files/htmlpdf/template/3305/ 1.8ms sql=4
GET /files/ 863.5ms sql=1706
GET /files/task-management/ 49.4ms sql=43
GET /files/task-management/ 45.6ms sql=43
GET /files/task-management/ 46.3ms sql=43
GET /files/task-management/ 55.6ms sql=43
GET /files/task-management/ 45.1ms sql=44
GET /files/task-management/ 56.0ms sql=60
GET / 0.3ms sql=0
GET /login/ 0.6ms sql=0
GET /files/task-management/ 151.7ms sql=58
GET /files/task-management/ 135.3ms sql=60
GET /files/htmlpdf/api/template-jsons/ 0.3ms sql=0
GET /login/ 0.7ms sql=0
GET /files/htmlpdf/ 400.3ms sql=995
GET /files/htmlpdf/editor/3368/ 4.6ms sql=6
GET /files/htmlpdf/editor/3368/ 5.2ms sql=6
GET /files/htmlpdf/api/template-jsons/ 24.2ms sql=42
GET /files/htmlpdf/template/3368/ 2.7ms sql=4
GET /files/htmlpdf/template/3305/ 1.8ms sql=4
GET /files/htmlpdf/ 0.3ms sql=0
GET /files/htmlpdf/template/3305/ 2.8ms sql=4
GET /files/htmlpdf/template/3368/ 0.3ms sql=0
GET /login/ 0.7ms sql=0
GET /files/htmlpdf/editor/3368/ 0.3ms sql=0
GET /login/ 0.6ms sql=0
GET /api/v2/library/files/2024/download 5.3ms sql=0
GET /api/v2/library/files/2024/download/ 2.6ms sql=0
GET /files/task-management/ 0.6ms sql=0
GET /login/ 0.7ms sql=0
GET /files/htmlpdf/api/table-cell-at-point/ 0.3ms sql=0
GET / 0.2ms sql=0
GET /login/ 0.7ms sql=0
GET /files/task-management 3.5ms sql=0
GET /files/task-management/ 0.3ms sql=0
GET /login/ 0.6ms sql=0
GET /files/task-management/ 55.8ms sql=62
GET /files/task-management/ 0.3ms sql=0
GET /login/ 0.6ms sql=0
GET /files/htmlpdf/ 374.8ms sql=993
GET /files/task-management/ 57.2ms sql=62
GET /files/task-management/ 110.5ms sql=44
GET /files/task-management/ 57.8ms sql=60
GET /files/htmlpdf/ 370.0ms sql=993
GET /files/htmlpdf/editor/3368/ 5.3ms sql=6
GET /files/htmlpdf/editor/3368/ 5.5ms sql=6
GET /files/htmlpdf/api/template-jsons/ 27.5ms sql=56
GET /files/htmlpdf/template/3368/ 2.7ms sql=4
GET /files/htmlpdf/template/3305/ 2.7ms sql=4
GET /files/htmlpdf/template/3305/ 2.6ms sql=4
GET /files/htmlpdf/template/3305/ 2.7ms sql=4
GET /files/ 845.7ms sql=1748
GET /files/task-management/ 45.8ms sql=43
GET /files/task-management/ 46.1ms sql=43
GET /files/task-management/ 44.0ms sql=43
GET /files/task-management/ 44.6ms sql=44
GET /files/task-management/ 60.7ms sql=60
GET /files/htmlpdf/ 365.4ms sql=993
GET /files/htmlpdf/editor/1790/ 4.5ms sql=7
GET /files/htmlpdf/editor/1790/ 4.7ms sql=7
GET /files/htmlpdf/template/1790/ 3.2ms sql=4
GET /files/htmlpdf/api/template-jsons/ 105.7ms sql=223
GET /files/htmlpdf/template/1762/ 2.2ms sql=4
GET /files/htmlpdf/template/1762/ 1.8ms sql=4
GET /files/htmlpdf/template/1762/ 2.7ms sql=4
GET /files/htmlpdf/template/1762/ 1.8ms sql=4
GET /files/htmlpdf/template/1762/ 1.8ms sql=4
GET /files/task-management/ 68.7ms sql=62
GET /files/htmlpdf/ 365.5ms sql=993
GET /files/htmlpdf/editor/1790/ 5.6ms sql=7
GET /files/htmlpdf/editor/1790/ 4.6ms sql=7
GET /files/htmlpdf/template/1790/ 3.9ms sql=4
GET /files/htmlpdf/api/template-jsons/ 113.9ms sql=223
GET /files/htmlpdf/template/1762/ 2.6ms sql=4
GET /files/htmlpdf/template/1762/ 1.8ms sql=4
GET /files/htmlpdf/ 351.1ms sql=982
GET /files/htmlpdf/api/template-jsons/ 0.4ms sql=0
GET /files/htmlpdf/ 358.1ms sql=993
GET /files/htmlpdf/editor/2063/ 4.4ms sql=7
GET /files/htmlpdf/editor/2063/ 8.2ms sql=7
GET /files/htmlpdf/api/template-jsons/ 99.7ms sql=224
GET /files/htmlpdf/template/2063/ 2.1ms sql=4
GET /files/htmlpdf/template/1765/ 2.6ms sql=4
GET /files/htmlpdf/template/1765/ 1.9ms sql=4
GET /files/htmlpdf/template/1765/ 2.6ms sql=4
GET /files/htmlpdf/ 357.5ms sql=980
GET /files/htmlpdf/ 354.2ms sql=986
GET /files/htmlpdf/editor/1765/ 4.4ms sql=7
GET /files/htmlpdf/editor/1765/ 4.5ms sql=7
GET /files/htmlpdf/template/1765/ 3.7ms sql=4
GET /files/htmlpdf/api/template-jsons/ 1633.3ms sql=1066
GET /files/task-management/ 156.9ms sql=60
GET /files/task-management/ 57.0ms sql=60
GET /files/htmlpdf/ 368.4ms sql=993
GET /files/htmlpdf/editor/2063/ 4.5ms sql=7
GET /files/htmlpdf/editor/2063/ 4.6ms sql=7
GET /files/htmlpdf/api/template-jsons/ 98.0ms sql=224
GET /files/htmlpdf/template/2063/ 2.0ms sql=4
GET /files/htmlpdf/template/1765/ 2.5ms sql=4
GET /files/htmlpdf/template/1765/ 2.6ms sql=4
GET /files/htmlpdf/ 132.4ms sql=225
GET /files/htmlpdf/ 130.8ms sql=225
GET /files/htmlpdf/ 165.1ms sql=226
GET /files/htmlpdf/ 138.7ms sql=230
GET /files/htmlpdf/editor/3368/ 2.7ms sql=4
GET /files/htmlpdf/editor/3368/ 3.1ms sql=4
GET /files/htmlpdf/api/template-jsons/ 15.3ms sql=12
GET /files/htmlpdf/template/3368/ 1.5ms sql=2
GET /files/htmlpdf/template/3305/ 1.4ms sql=2
GET /files/htmlpdf/template/3305/ 1.0ms sql=2
GET /files/htmlpdf/template/3305/ 1.0ms sql=2
GET /files/task-management/ 52.3ms sql=47
GET /files/htmlpdf/editor/2063/ 0.3ms sql=0
GET /login/ 0.7ms sql=0
GET /files/htmlpdf/editor/1765/ 0.3ms sql=0
GET /files/task-management/ 0.3ms sql=0
GET /files/htmlpdf/template/1762/ 2.8ms sql=4
GET /files/htmlpdf/template/1762/ 2.6ms sql=4
GET /files/htmlpdf/editor/1790/ 5.0ms sql=7
GET /files/htmlpdf/template/1790/ 7.0ms sql=4
GET /files/htmlpdf/api/template-jsons/ 143.0ms sql=223
GET /files/htmlpdf/template/1762/ 1.9ms sql=4
GET /files/htmlpdf/template/1762/ 1.9ms sql=4
GET /files/htmlpdf/template/1762/ 1.9ms sql=4
GET /files/htmlpdf/template/1762/ 2.5ms sql=4
GET /files/htmlpdf/template/1762/ 2.5ms sql=4
GET /files/htmlpdf/template/1762/ 1.8ms sql=4
GET /files/htmlpdf/template/1762/ 2.5ms sql=4
GET /files/htmlpdf/template/1762/ 2.6ms sql=4
GET /files/htmlpdf/template/1762/ 1.8ms sql=4
GET /files/htmlpdf/template/1762/ 2.7ms sql=4
GET /files/htmlpdf/template/1762/ 2.6ms sql=4
GET /files/htmlpdf/template/1762/ 2.1ms sql=4
GET /files/htmlpdf/template/1762/ 1.8ms sql=4
GET /files/htmlpdf/template/1762/ 2.7ms sql=4
GET /files/htmlpdf/editor/3368/ 4.1ms sql=4
GET /files/htmlpdf/editor/3368/ 3.0ms sql=4
GET /files/htmlpdf/api/template-jsons/ 14.4ms sql=12
GET /files/htmlpdf/template/3368/ 1.0ms sql=2
GET /files/htmlpdf/template/1762/ 1.9ms sql=4
GET /files/htmlpdf/template/3305/ 1.5ms sql=2
GET /files/htmlpdf/template/1762/ 1.8ms sql=4
GET /files/htmlpdf/template/1762/ 1.8ms sql=4
GET /files/htmlpdf/template/1762/ 1.8ms sql=4
GET /files/htmlpdf/template/1762/ 1.8ms sql=4
GET /files/htmlpdf/template/1762/ 1.8ms sql=4
GET /files/htmlpdf/template/1762/ 2.6ms sql=4
GET /files/htmlpdf/template/1762/ 1.9ms sql=4
GET /files/htmlpdf/template/1762/ 1.8ms sql=4
GET /files/htmlpdf/template/1762/ 1.8ms sql=4
GET /files/htmlpdf/template/1762/ 2.7ms sql=4
GET /files/htmlpdf/template/1762/ 2.1ms sql=4
GET /files/htmlpdf/template/1762/ 2.7ms sql=4
GET /files/htmlpdf/template/1762/ 1.9ms sql=4
GET /files/htmlpdf/template/1762/ 2.5ms sql=4
GET /files/htmlpdf/template/1762/ 2.5ms sql=4
GET /files/htmlpdf/template/1762/ 2.6ms sql=4
GET /files/htmlpdf/template/1762/ 1.8ms sql=4
GET /files/htmlpdf/template/1762/ 1.8ms sql=4
GET /files/htmlpdf/template/1762/ 1.8ms sql=4
GET /files/htmlpdf/template/1762/ 2.6ms sql=4
GET /files/htmlpdf/template/1762/ 1.8ms sql=4
GET /files/ 811.9ms sql=1750
GET /files/task-management/ 48.9ms sql=43
GET /files/task-management/ 44.7ms sql=43
GET /files/task-management/ 179.5ms sql=44
GET /files/task-management/ 129.3ms sql=60
GET /files/htmlpdf/ 363.5ms sql=993
GET /files/htmlpdf/editor/1790/ 6.2ms sql=7
GET /files/htmlpdf/editor/1790/ 6.2ms sql=7
GET /files/htmlpdf/template/1790/ 3.6ms sql=4
GET /files/htmlpdf/api/template-jsons/ 111.9ms sql=238
GET /files/htmlpdf/template/1762/ 2.2ms sql=4
GET /files/htmlpdf/template/1762/ 1.8ms sql=4
GET /files/htmlpdf/template/1762/ 2.1ms sql=4
GET /files/htmlpdf/template/1762/ 1.8ms sql=4
GET /files/htmlpdf/template/1762/ 2.6ms sql=4
GET /files/htmlpdf/template/1762/ 2.0ms sql=4
GET /files/htmlpdf/template/1762/ 1.8ms sql=4
GET /files/htmlpdf/template/1762/ 2.6ms sql=4
GET /files/htmlpdf/template/1762/ 1.8ms sql=4
GET /files/htmlpdf/template/1762/ 2.5ms sql=4
GET /files/htmlpdf/template/1762/ 3.0ms sql=4
GET /files/htmlpdf/template/1762/ 1.8ms sql=4
GET /files/htmlpdf/template/1762/ 1.8ms sql=4
GET /files/htmlpdf/template/1762/ 2.1ms sql=4
GET /files/htmlpdf/template/1762/ 2.7ms sql=4
GET /files/htmlpdf/template/1762/ 2.3ms sql=4
GET /files/htmlpdf/template/1762/ 2.0ms sql=4
GET /files/htmlpdf/template/1762/ 2.7ms sql=4
GET /files/htmlpdf/template/1762/ 2.6ms sql=4
GET /files/htmlpdf/template/1762/ 1.8ms sql=4
GET /files/htmlpdf/template/1762/ 2.2ms sql=4
GET /files/htmlpdf/template/1762/ 1.9ms sql=4
GET /files/htmlpdf/template/1762/ 1.8ms sql=4
GET /files/task-management/ 123.2ms sql=47
GET /files/htmlpdf/template/1762/ 2.2ms sql=4
GET /files/htmlpdf/template/1762/ 1.9ms sql=4
GET /files/htmlpdf/template/1762/ 3.8ms sql=4
GET /files/htmlpdf/template/1762/ 2.3ms sql=4
GET /files/htmlpdf/template/1762/ 1.8ms sql=4
GET /files/htmlpdf/template/1762/ 1.8ms sql=4
GET /files/htmlpdf/template/1762/ 1.7ms sql=4
GET /files/htmlpdf/template/1762/ 1.9ms sql=4
GET /files/htmlpdf/template/1762/ 2.7ms sql=4
GET /files/htmlpdf/template/1762/ 1.8ms sql=4
GET /files/htmlpdf/editor/3368/ 4.6ms sql=4
GET /files/htmlpdf/editor/3368/ 2.9ms sql=4
GET /files/htmlpdf/api/template-jsons/ 22.6ms sql=12
GET /files/htmlpdf/template/3368/ 1.3ms sql=2
GET /files/htmlpdf/template/3305/ 1.4ms sql=2
GET /files/htmlpdf/editor/1790/ 15.9ms sql=7
GET /files/htmlpdf/template/1790/ 9.4ms sql=4
GET /files/htmlpdf/api/template-jsons/ 562.3ms sql=473
GET /files/ 1291.3ms sql=1994
GET /files/task-management/ 56.4ms sql=44
GET /files/htmlpdf/template/3305/ 1.0ms sql=2
GET /files/task-management/ 50.7ms sql=43
GET /files/task-management/ 47.8ms sql=44
GET /files/task-management/ 153.0ms sql=60
GET /files/htmlpdf/ 369.6ms sql=993
GET /files/task-management/ 88.1ms sql=47
GET /files/htmlpdf/editor/1790/ 6.5ms sql=7
GET /files/htmlpdf/editor/1790/ 7.2ms sql=7
GET /files/htmlpdf/template/1790/ 4.6ms sql=4
GET /files/htmlpdf/api/template-jsons/ 218.0ms sql=473
GET /files/htmlpdf/editor/3368/ 4.1ms sql=4
GET /files/htmlpdf/editor/3368/ 4.6ms sql=4
GET /files/htmlpdf/template/3368/ 33.7ms sql=2
GET /files/htmlpdf/api/template-jsons/ 120.3ms sql=12
GET /files/htmlpdf/template/3305/ 1.0ms sql=2
GET /files/task-management/ 59.9ms sql=47
GET /files/htmlpdf/ 351.4ms sql=980
GET /files/htmlpdf/ 436.3ms sql=980
GET /files/htmlpdf/ 358.6ms sql=981
GET /files/htmlpdf/ 443.6ms sql=993
GET /files/htmlpdf/editor/1790/ 5.9ms sql=7
GET /files/htmlpdf/editor/1790/ 4.3ms sql=7
GET /files/htmlpdf/template/1790/ 5.4ms sql=4
GET /files/htmlpdf/api/template-jsons/ 219.7ms sql=473
GET /files/htmlpdf/template/1762/ 2.7ms sql=4
GET /files/task-management/ 80.6ms sql=62
GET /files/htmlpdf/ 377.5ms sql=993
GET /files/htmlpdf/editor/1790/ 4.4ms sql=7
GET /files/htmlpdf/editor/1790/ 6.9ms sql=7
GET /files/htmlpdf/editor/3368/ 4.6ms sql=4
GET /files/htmlpdf/editor/3368/ 4.4ms sql=4
GET /files/htmlpdf/editor/1790/ 4.5ms sql=7
GET /files/htmlpdf/template/1790/ 5.1ms sql=4
GET /files/htmlpdf/api/template-jsons/ 266.2ms sql=487
GET /files/task-management/ 55.4ms sql=47
GET /files/htmlpdf/editor/3368/ 2.6ms sql=4
GET /files/htmlpdf/editor/3368/ 3.9ms sql=4
GET /files/htmlpdf/api/template-jsons/ 14.4ms sql=12
GET /files/htmlpdf/template/3368/ 1.0ms sql=2
GET /files/task-management/ 50.2ms sql=47
GET /files/htmlpdf/editor/3368/ 3.0ms sql=4
GET /files/htmlpdf/editor/3368/ 3.1ms sql=4
GET /files/task-management/ 50.7ms sql=47
GET /files/htmlpdf/editor/3368/ 2.7ms sql=4
GET /files/htmlpdf/editor/3368/ 2.7ms sql=4
GET /files/htmlpdf/api/template-jsons/ 14.0ms sql=12
GET /files/htmlpdf/template/3368/ 1.4ms sql=2
GET /files/task-management/ 57.1ms sql=47
GET /files/task-management/ 126.7ms sql=47
GET /files/task-management/ 50.3ms sql=47
GET /files/htmlpdf/editor/3368/ 3.1ms sql=4
GET /files/htmlpdf/editor/3368/ 2.7ms sql=4
GET /files/htmlpdf/api/template-jsons/ 14.9ms sql=12
GET /files/htmlpdf/template/3368/ 1.0ms sql=2
GET /files/htmlpdf/template/3305/ 1.0ms sql=2
GET /files/htmlpdf/template/3305/ 1.0ms sql=2
GET /files/task-management/ 57.6ms sql=47
GET /files/htmlpdf/editor/3368/ 4.8ms sql=4
GET /files/htmlpdf/editor/3368/ 4.4ms sql=4
GET /files/htmlpdf/api/template-jsons/ 22.2ms sql=12
GET /files/htmlpdf/template/3368/ 1.0ms sql=2
GET /files/htmlpdf/template/3305/ 1.0ms sql=2
GET /files/task-management/ 53.1ms sql=47
GET /files/task-management/ 51.6ms sql=47
GET /files/ 12.6ms sql=18
GET /files/ 496.3ms sql=670
GET /files/ 12.5ms sql=18
GET /files/ 487.4ms sql=314
GET /files/ 389.0ms sql=314
GET /files/ 520.8ms sql=314
GET /files/ 416.2ms sql=314
GET /files/ 121.7ms sql=29
GET /files/ 108.8ms sql=29
GET /files/ 709.0ms sql=29
GET /files/ 102.0ms sql=29
GET /files/ 104.1ms sql=29
GET /files/ 114.2ms sql=29
GET /files/3389/preview/ 9.4ms sql=4
GET /files/ 103.1ms sql=29
GET /files/ 150.8ms sql=29
GET /files/task-management/ 41.7ms sql=36
GET /files/task-management/ 42.7ms sql=36
GET /files/task-management/ 47.9ms sql=37
GET /files/task-management/ 64.3ms sql=47
GET /files/htmlpdf/editor/1790/ 5.0ms sql=5
GET /files/htmlpdf/editor/1790/ 81.7ms sql=5
GET /files/htmlpdf/template/1790/ 4.1ms sql=2
GET /files/htmlpdf/api/template-jsons/ 99.2ms sql=12
GET /files/task-management/ 68.6ms sql=47
GET /files/htmlpdf/editor/1790/ 6.1ms sql=5
GET /files/htmlpdf/editor/1790/ 4.0ms sql=5
GET /files/htmlpdf/template/1790/ 3.0ms sql=2
GET /files/htmlpdf/api/template-jsons/ 97.4ms sql=12
GET /files/htmlpdf/template/1762/ 1.4ms sql=2
GET /files/task-management/ 193.3ms sql=47
GET /files/projects/ 10.5ms sql=6
GET /files/ 12.6ms sql=18
GET /files/htmlpdf/editor/1790/ 7.2ms sql=7
GET /files/htmlpdf/template/1790/ 6.0ms sql=4
GET /files/htmlpdf/api/template-jsons/ 234.2ms sql=487
GET /files/htmlpdf/template/1762/ 1.8ms sql=4
GET /files/htmlpdf/template/1762/ 1.9ms sql=4
GET /files/task-management/ 0.9ms sql=0
GET /login/ 1.5ms sql=0
GET /files/htmlpdf/api/template-jsons/ 0.3ms sql=0
GET /login/ 0.7ms sql=0
GET /files/task-management/ 65.2ms sql=62
GET /files/ 17.9ms sql=32
GET /files/ 709.4ms sql=1475
GET /files/ 712.1ms sql=1475
GET /files/ 774.6ms sql=1475
GET /files/ 820.6ms sql=1475
GET /files/ 948.3ms sql=1491
GET /files/3391/preview/ 6.5ms sql=7
GET /files/3391/raw/ 3.9ms sql=6
GET / 0.3ms sql=0
GET / 0.2ms sql=0
GET / 0.2ms sql=0
GET /login/ 0.9ms sql=0
GET / 0.2ms sql=0
GET /login/ 0.6ms sql=0
GET / 0.2ms sql=0
GET /login/ 0.6ms sql=0
GET /favicon.ico 3.3ms sql=0
GET /files/htmlpdf/ 376.3ms sql=982
GET /files/htmlpdf/ 357.9ms sql=993
GET /files/htmlpdf/editor/2063/ 4.6ms sql=7
GET /files/htmlpdf/editor/2063/ 4.4ms sql=7
GET /files/htmlpdf/api/template-jsons/ 98.7ms sql=224
GET /files/htmlpdf/template/2063/ 1.7ms sql=4
GET /files/task-management/ 57.1ms sql=60
GET /files/htmlpdf/ 374.3ms sql=993
GET /files/htmlpdf/editor/2063/ 6.7ms sql=7
GET /files/htmlpdf/editor/2063/ 4.7ms sql=7
GET /files/htmlpdf/api/template-jsons/ 101.3ms sql=224
GET /files/htmlpdf/template/2063/ 2.5ms sql=4
GET /files/task-management/ 57.0ms sql=60
GET /files/ 16.8ms sql=32
GET /files/ 763.2ms sql=1475
GET /files/ 685.5ms sql=1475
GET /files/ 767.8ms sql=1475
GET /files/ 675.2ms sql=1475
GET /files/htmlpdf/ 384.3ms sql=980
GET /files/htmlpdf/ 360.0ms sql=986
GET /files/task-management/ 82.0ms sql=60
GET /files/task-management/ 58.5ms sql=60
GET /files/task-management/ 80.5ms sql=61
GET /files/htmlpdf/ 382.4ms sql=987
GET /files/htmlpdf/ 370.7ms sql=993
GET /files/htmlpdf/ 358.1ms sql=993
GET /files/htmlpdf/editor/2063/ 4.5ms sql=7
GET /files/htmlpdf/editor/2063/ 6.1ms sql=7
GET /files/htmlpdf/template/2063/ 3.7ms sql=4
GET /files/htmlpdf/api/template-jsons/ 195.7ms sql=224
GET /files/htmlpdf/template/1765/ 1.8ms sql=4
GET /files/htmlpdf/template/1765/ 1.8ms sql=4
GET /files/ 16.1ms sql=32
GET /files/ 672.4ms sql=1491
GET /files/ 710.7ms sql=1491
GET /files/ 779.9ms sql=1491
GET /files/3391/preview/ 5.8ms sql=7
GET /files/3391/raw/ 3.8ms sql=6
GET /api/v2/library/files/1954/download/ 8.3ms sql=0
GET / 0.2ms sql=0
GET /login/ 1.1ms sql=0
GET /api/v2/inspections/projects/260001/tasks/18/export-frontend-json 2.8ms sql=0
GET /files/ 17.8ms sql=34
GET /files/ 675.5ms sql=1491
GET /files/ 701.8ms sql=1491
GET /files/ 680.0ms sql=1491
GET /files/3300/preview/ 6.2ms sql=7
GET /files/3300/raw/ 3.4ms sql=6
GET /files/ 16.5ms sql=32
GET /api/v2/library/files/1991/download/ 2.6ms sql=0
GET /api/v2/inspections/projects/260001/tasks/27/export-frontend-json 3.7ms sql=0
GET /files/ 705.6ms sql=1493
GET /api/v2/library/files/2026/download/ 2.6ms sql=0
GET /files/ 669.8ms sql=1491
GET /files/ 788.8ms sql=1491
GET /files/3391/preview/ 4.4ms sql=7
GET /files/3391/raw/ 2.7ms sql=6
GET /files/ 0.3ms sql=0
GET /login/ 0.7ms sql=0
GET / 6.3ms sql=9
GET /files/htmlpdf/ 357.2ms sql=980
GET /files/htmlpdf/ 361.8ms sql=993
GET /files/htmlpdf/editor/2063/ 4.4ms sql=7
GET /files/htmlpdf/editor/2063/ 5.3ms sql=7
GET /files/htmlpdf/api/template-jsons/ 100.7ms sql=224
GET /files/htmlpdf/template/2063/ 2.2ms sql=4
GET /files/htmlpdf/template/1765/ 1.9ms sql=4
GET /files/htmlpdf/template/1765/ 1.9ms sql=4
GET /api/v2/library/files/1991/download 5.3ms sql=0
GET /api/v2/library/files/1991/download/ 2.9ms sql=0
GET /files/htmlpdf/editor/1790/ 8.6ms sql=7
GET /files/htmlpdf/template/1790/ 4.9ms sql=4
GET /files/htmlpdf/api/template-jsons/ 267.4ms sql=501
GET /files/task-management/ 90.4ms sql=62
GET /files/task-management/ 72.7ms sql=60
GET /files/task-management/ 53.9ms sql=43
GET /files/task-management/ 49.3ms sql=44
GET /files/task-management/ 140.9ms sql=60
GET /files/htmlpdf/ 367.1ms sql=993
GET /files/htmlpdf/editor/3368/ 3.5ms sql=6
GET /files/htmlpdf/editor/3368/ 3.4ms sql=6
GET /files/htmlpdf/api/template-jsons/ 31.1ms sql=70
GET /files/htmlpdf/template/3368/ 2.6ms sql=4
GET /files/task-management/ 59.0ms sql=60
GET /files/task-management/ 64.0ms sql=43
GET /files/task-management/ 128.5ms sql=44
GET /files/task-management/ 75.1ms sql=60
GET /files/htmlpdf/ 415.6ms sql=993
GET /files/htmlpdf/editor/1790/ 6.2ms sql=7
GET /files/htmlpdf/editor/1790/ 7.4ms sql=7
GET /files/htmlpdf/template/1790/ 5.2ms sql=4
GET /files/htmlpdf/api/template-jsons/ 242.0ms sql=501
GET /files/task-management/ 73.8ms sql=60
GET / 7.9ms sql=9
GET /files/htmlpdf/ 454.4ms sql=980
GET /files/htmlpdf/ 358.5ms sql=993
GET /files/htmlpdf/ 354.0ms sql=993
GET /files/htmlpdf/editor/2282/ 4.9ms sql=7
GET /files/htmlpdf/editor/2282/ 8.1ms sql=7
GET /files/htmlpdf/api/template-jsons/ 54.9ms sql=56
GET /files/htmlpdf/template/2282/ 2.0ms sql=4
GET /files/htmlpdf/template/2333/ 2.6ms sql=4
GET /files/task-management/ 64.2ms sql=60
GET /files/task-management/ 178.9ms sql=60
GET /files/task-management/ 62.7ms sql=60
GET /files/htmlpdf/editor/2343/ 3.7ms sql=6
GET /files/htmlpdf/editor/2343/ 3.5ms sql=6
GET /files/htmlpdf/api/template-jsons/ 40.1ms sql=56
GET /files/htmlpdf/template/2343/ 1.8ms sql=4
GET /files/htmlpdf/template/2334/ 2.7ms sql=4
GET /files/htmlpdf/template/2343/ 0.4ms sql=0
GET /login/ 0.9ms sql=0
GET / 0.2ms sql=0
GET /login/ 0.8ms sql=0
GET /login/ 0.6ms sql=0
GET /files/htmlpdf/template/2334/ 0.3ms sql=0
GET / 0.3ms sql=0
GET /login/ 0.9ms sql=0
GET / 0.3ms sql=0
GET /login/ 0.8ms sql=0
GET /shell 3.4ms sql=0
GET / 0.2ms sql=0
GET / 0.3ms sql=0
GET / 0.3ms sql=0
GET / 0.2ms sql=0
GET / 28.1ms sql=8
GET /files/htmlpdf/ 139.8ms sql=226
GET /files/htmlpdf/ 189.1ms sql=225
GET /files/htmlpdf/ 134.9ms sql=226
GET /files/htmlpdf/ 136.9ms sql=232
GET /files/htmlpdf/editor/1922/ 6.2ms sql=5
GET /files/htmlpdf/editor/1922/ 3.8ms sql=5
GET /files/htmlpdf/api/template-jsons/ 19.6ms sql=12
GET /files/htmlpdf/template/1922/ 2.8ms sql=2
GET /files/htmlpdf/template/1991/ 2.5ms sql=2
GET /files/htmlpdf/template/1991/ 2.9ms sql=2
GET /files/task-management/ 56.8ms sql=47
GET /files/task-management/ 97.0ms sql=37
GET /files/task-management/ 55.0ms sql=47
GET /files/htmlpdf/editor/2063/ 3.9ms sql=5
GET /files/htmlpdf/editor/2063/ 3.6ms sql=5
GET /files/htmlpdf/api/template-jsons/ 41.6ms sql=12
GET /files/htmlpdf/template/2063/ 0.9ms sql=2
GET /files/htmlpdf/template/1765/ 1.1ms sql=2
GET /files/htmlpdf/template/1765/ 1.1ms sql=2
GET /files/htmlpdf/template/1765/ 1.0ms sql=2
GET /files/htmlpdf/template/1765/ 1.0ms sql=2
GET /files/htmlpdf/template/1765/ 1.5ms sql=2
GET /files/htmlpdf/template/1765/ 1.4ms sql=2
GET /files/htmlpdf/template/1765/ 1.0ms sql=2
GET /files/htmlpdf/template/1765/ 1.0ms sql=2
GET /files/htmlpdf/editor/2063/ 4.2ms sql=5
GET /files/htmlpdf/api/template-jsons/ 38.3ms sql=12
GET /files/htmlpdf/template/2063/ 1.4ms sql=2
GET /files/htmlpdf/template/1765/ 1.4ms sql=2
GET /files/htmlpdf/template/1765/ 1.1ms sql=2
GET /files/htmlpdf/template/1765/ 1.4ms sql=2
GET /files/htmlpdf/editor/2063/ 6.3ms sql=5
GET /files/htmlpdf/api/template-jsons/ 38.0ms sql=12
GET /files/htmlpdf/template/2063/ 1.8ms sql=2
GET /files/htmlpdf/template/1765/ 1.0ms sql=2
GET /files/htmlpdf/template/1765/ 0.9ms sql=2
GET /files/htmlpdf/template/1765/ 1.5ms sql=2
GET /files/htmlpdf/template/1765/ 1.0ms sql=2
GET /files/ 778.2ms sql=314
GET /files/task-management/ 62.5ms sql=47
GET /files/ 499.6ms sql=314
GET /files/ 479.2ms sql=670
GET /files/ 493.1ms sql=670
GET /files/ 461.3ms sql=670
GET /files/ 457.4ms sql=670
GET /files/3244/preview/ 4.2ms sql=4
GET /files/3244/raw/ 1.6ms sql=2
GET /files/ 469.2ms sql=670
GET /files/ 441.3ms sql=585
GET /files/ 549.6ms sql=585
GET /files/ 480.4ms sql=585
GET /files/3393/preview/ 3.3ms sql=4
GET /files/3393/raw/ 1.0ms sql=2
GET /files/ 486.0ms sql=670
GET /files/ 473.6ms sql=670
GET /files/3244/preview/ 3.9ms sql=4
GET /files/3244/raw/ 1.4ms sql=2
GET /files/projects/ 10.5ms sql=6
GET /files/projects/ 11.9ms sql=6
GET /files/projects/ 9.6ms sql=6
GET /files/projects/ 9.6ms sql=6
GET /files/projects/ 646.6ms sql=1613
GET /files/projects/ 533.3ms sql=1613
GET /files/projects/ 567.4ms sql=1615
GET /files/ 13.4ms sql=18
GET /files/ 567.2ms sql=674
GET /files/ 467.2ms sql=674
GET /files/ 483.9ms sql=674
GET /files/ 492.9ms sql=674
GET /files/3395/preview/ 3.3ms sql=4
GET /files/3395/raw/ 1.1ms sql=2
GET /files/ 461.3ms sql=678
GET /files/ 1076.2ms sql=678
GET /files/ 439.6ms sql=588
GET /files/ 531.0ms sql=588
GET /files/ 460.7ms sql=588
GET /files/3398/preview/ 3.5ms sql=4
GET /files/3398/raw/ 1.4ms sql=2
GET /files/htmlpdf/editor/2063/ 3.6ms sql=5
GET /files/htmlpdf/editor/2063/ 3.5ms sql=5
GET /files/htmlpdf/api/template-jsons/ 39.8ms sql=12
GET /files/htmlpdf/template/2063/ 1.0ms sql=2
GET /files/htmlpdf/template/1765/ 1.0ms sql=2
GET /api/v2/auth/token/refresh/ 18.2ms sql=0
GET /api/v2/library/files/1765/download/ 2.8ms sql=0
GET /api/v2/inspections/projects/260001/tasks 7.2ms sql=0
GET /files/ 86.6ms sql=34
GET /files/ 18.3ms sql=32
GET /files/ 723.3ms sql=2020
GET /files/task-management/ 49.2ms sql=46
GET /files/task-management/ 45.5ms sql=43
GET /files/task-management/ 44.7ms sql=44
GET /files/task-management/ 57.2ms sql=60
GET /files/task-management/ 152.0ms sql=61
GET /files/htmlpdf/ 401.4ms sql=987
GET /files/htmlpdf/editor/3305/ 3.4ms sql=6
GET /files/htmlpdf/editor/3305/ 3.5ms sql=6
GET /files/htmlpdf/template/3305/ 8.9ms sql=4
GET /files/htmlpdf/api/template-jsons/ 138.9ms sql=43
GET /files/task-management/ 104.5ms sql=60
GET /files/htmlpdf/ 351.3ms sql=986
GET /files/htmlpdf/editor/3305/ 3.4ms sql=6
GET /files/htmlpdf/editor/3305/ 3.4ms sql=6
GET /files/htmlpdf/template/3305/ 4.5ms sql=4
GET /files/htmlpdf/api/template-jsons/ 139.5ms sql=43
GET /api/v2/inspections/projects/260001/tasks/22/export-frontend-json 5.5ms sql=0
GET /api/v2/library/files/1762/download/ 2.8ms sql=0
GET /files/task-management/ 0.8ms sql=0
GET /files/htmlpdf/api/report-task-context/ 0.3ms sql=0
GET /files/ 0.3ms sql=0
GET /login/ 1.0ms sql=0
GET /files/htmlpdf/api/template-jsons/ 0.3ms sql=0
GET /api/v2/inspections/projects/260001/tasks/21/export-frontend-json 3.0ms sql=0
GET /files/htmlpdf/ 0.3ms sql=0
GET /files/htmlpdf/editor/3305/ 0.3ms sql=0
GET /files/task-management/ 156.4ms sql=62
GET /files/ 16.1ms sql=32
GET /files/ 16.0ms sql=32
GET /files/ 16.5ms sql=32
GET /files/ 744.5ms sql=2020
GET /files/ 725.4ms sql=1493
GET /files/ 681.9ms sql=1493
GET /files/ 879.2ms sql=1493
GET /files/ 745.3ms sql=1493
GET /files/ 726.8ms sql=1493
GET /files/ 701.6ms sql=1493
GET /files/ 43750.5ms sql=1515
GET /files/ 726.6ms sql=1493
GET /files/ 681.8ms sql=1493
GET /files/task-management/ 0.3ms sql=0
GET /login/ 0.8ms sql=0
GET /files/ 726.4ms sql=1531
GET /files/ 751.7ms sql=1531
GET /files/3401/download/ 4.1ms sql=6
GET /files/3401/download/ 2.7ms sql=6
GET /files/3401/download/ 0.3ms sql=0
GET /files/task-management/ 59.3ms sql=47
GET /files/ 466.9ms sql=678
GET /files/ 467.6ms sql=678
GET /files/ 480.9ms sql=678
GET /files/ 474.5ms sql=600
GET /files/ 440.4ms sql=600
GET /files/ 523.2ms sql=600
GET /files/3402/preview/ 5.8ms sql=4
GET /files/3402/raw/ 1.1ms sql=2
GET /files/3400/download/ 2.3ms sql=6
GET /files/ 496.6ms sql=678
GET /files/ 472.5ms sql=678
GET /files/3397/preview/ 3.4ms sql=4
GET /files/3397/raw/ 1.0ms sql=2
GET /files/3400/download/ 2.4ms sql=6
GET /files/ 459.2ms sql=600
GET /files/ 541.7ms sql=600
GET /files/ 478.8ms sql=600
GET /files/3402/preview/ 3.4ms sql=4
GET /files/3402/raw/ 1.5ms sql=2
GET /files/ 483.2ms sql=600
GET /files/ 477.1ms sql=600
GET /files/3391/preview/ 4.7ms sql=4
GET /files/3391/raw/ 1.4ms sql=2
GET /files/htmlpdf/ 129.3ms sql=225
GET /files/htmlpdf/ 129.7ms sql=225
GET /files/htmlpdf/ 147.0ms sql=226
GET /files/htmlpdf/ 134.6ms sql=232
GET /files/htmlpdf/editor/1922/ 4.1ms sql=5
GET /files/htmlpdf/editor/1922/ 6.0ms sql=5
GET /files/htmlpdf/api/template-jsons/ 26.8ms sql=12
GET /files/htmlpdf/template/1922/ 1.0ms sql=2
GET /files/3400/download/ 2.3ms sql=6
GET /files/htmlpdf/ 130.4ms sql=225
GET /files/htmlpdf/ 139.2ms sql=225
GET /files/htmlpdf/ 195.1ms sql=226
GET /files/htmlpdf/ 144.7ms sql=232
GET /files/htmlpdf/editor/2032/ 5.4ms sql=5
GET /files/htmlpdf/editor/2032/ 3.9ms sql=5
GET /files/htmlpdf/api/template-jsons/ 14.5ms sql=12
GET /files/htmlpdf/template/2032/ 1.0ms sql=2
GET /files/htmlpdf/template/2024/ 3.3ms sql=2
GET /files/3400/download/ 3.4ms sql=6
GET /files/ 715.1ms sql=1541
GET /files/ 2109.7ms sql=1539
GET /files/ 1190.8ms sql=314
GET /files/ 1215.5ms sql=1539
GET /files/ 712.8ms sql=1539
GET /files/ 499.9ms sql=678
GET /files/ 463.6ms sql=678
GET /files/ 461.1ms sql=678
GET /files/3400/download/ 3.2ms sql=6
GET /files/ 488.4ms sql=678
GET /files/ 450.3ms sql=603
GET /files/3404/preview/ 3.1ms sql=4
GET /files/3404/raw/ 1.2ms sql=2
GET /files/htmlpdf/ 138.2ms sql=225
GET /files/htmlpdf/ 129.8ms sql=225
GET /files/htmlpdf/ 130.3ms sql=226
GET /files/htmlpdf/ 137.9ms sql=232
GET /files/htmlpdf/editor/2024/ 5.6ms sql=5
GET /files/htmlpdf/editor/2024/ 5.7ms sql=5
GET /files/htmlpdf/template/2024/ 5.1ms sql=2
GET /files/htmlpdf/api/template-jsons/ 142.4ms sql=13
GET /files/3400/download/ 2.4ms sql=6
GET /files/ 0.3ms sql=0
GET /login/ 0.7ms sql=0
GET /files/htmlpdf/editor/2024/ 3.8ms sql=5
GET /files/htmlpdf/template/2024/ 3.3ms sql=2
GET /files/htmlpdf/api/template-jsons/ 122.1ms sql=13
GET / 1.1ms sql=0
GET /login/ 5.2ms sql=0
GET / 0.3ms sql=0
GET / 0.2ms sql=0
GET /login/ 0.6ms sql=0
GET /login/ 0.6ms sql=0
GET /wiki 3.5ms sql=0
GET /files/htmlpdf/editor/2024/ 3.8ms sql=5
GET /files/htmlpdf/template/2024/ 7.8ms sql=2
GET /files/htmlpdf/api/template-jsons/ 145.9ms sql=13
GET /files/ 658.3ms sql=314
GET /api/v2/library/files/2261/download 5.3ms sql=0
GET /api/v2/library/files/2261/download/ 5.2ms sql=0
GET /files/task-management 4.0ms sql=0
GET /files/task-management/ 0.3ms sql=0
GET /login/ 0.6ms sql=0
GET /files/ 489.5ms sql=678
GET /files/ 464.7ms sql=678
GET /files/ 485.9ms sql=678
GET /files/commission-manage/ 181.3ms sql=333
GET /files/projects/ 9.8ms sql=7
GET /files/projects/ 8.4ms sql=6
GET /files/projects/ 7.3ms sql=6
GET /files/projects/ 7.9ms sql=6
GET /files/projects/ 536.0ms sql=1623
GET /files/projects/ 635.4ms sql=1623
GET /files/projects/ 541.9ms sql=1625
GET /files/ 12.4ms sql=18
GET /files/ 539.9ms sql=682
GET /files/ 470.7ms sql=682
GET /files/ 470.6ms sql=682
GET /files/ 516.7ms sql=682
GET /files/3407/preview/ 4.0ms sql=4
GET /files/3407/raw/ 0.9ms sql=2
GET /files/ 481.6ms sql=682
GET /files/ 549.0ms sql=606
GET /files/ 456.8ms sql=606
GET /files/ 460.3ms sql=606
GET /files/2656/preview/ 4.2ms sql=4
GET /files/2656/raw/ 2.9ms sql=2
GET /files/3408/preview/ 3.7ms sql=4
GET /files/3408/raw/ 1.1ms sql=2
GET /files/task-management/ 59.0ms sql=46
GET /files/task-management/ 51.6ms sql=43
GET /files/task-management/ 44.5ms sql=43
GET /files/task-management/ 71.1ms sql=44
GET /files/task-management/ 62.5ms sql=60
GET /files/htmlpdf/ 374.1ms sql=993
GET /files/htmlpdf/editor/3368/ 5.0ms sql=6
GET /files/htmlpdf/editor/3368/ 3.5ms sql=6
GET /files/htmlpdf/api/template-jsons/ 31.2ms sql=70
GET /files/htmlpdf/template/3368/ 5.2ms sql=4
GET /files/htmlpdf/editor/3368/ 3.5ms sql=6
GET /files/htmlpdf/api/template-jsons/ 31.5ms sql=70
GET /files/htmlpdf/template/3368/ 1.9ms sql=4
GET /files/htmlpdf/editor/3368/ 3.5ms sql=6
GET /files/htmlpdf/api/template-jsons/ 30.4ms sql=70
GET /files/htmlpdf/template/3368/ 1.6ms sql=4
GET /files/htmlpdf/editor/3368/ 3.6ms sql=6
GET /files/htmlpdf/api/template-jsons/ 30.8ms sql=70
GET /files/htmlpdf/template/3368/ 1.7ms sql=4
GET /files/htmlpdf/editor/3368/ 3.4ms sql=6
GET /files/htmlpdf/api/template-jsons/ 32.2ms sql=70
GET /files/htmlpdf/template/3368/ 1.7ms sql=4
GET /files/htmlpdf/editor/3368/ 3.8ms sql=6
GET /files/htmlpdf/api/template-jsons/ 31.8ms sql=70
GET /files/htmlpdf/template/3368/ 1.9ms sql=4
GET /files/htmlpdf/editor/3368/ 3.9ms sql=6
GET /files/htmlpdf/api/template-jsons/ 33.6ms sql=70
GET /files/htmlpdf/template/3368/ 1.8ms sql=4
GET /files/htmlpdf/editor/3368/ 3.3ms sql=6
GET /files/htmlpdf/editor/3368/ 6.3ms sql=6
GET /files/htmlpdf/api/template-jsons/ 42.2ms sql=70
GET /files/htmlpdf/template/3368/ 1.8ms sql=4
GET /files/htmlpdf/api/template-jsons/ 31.5ms sql=70
GET /files/htmlpdf/editor/3368/ 3.6ms sql=6
GET /files/htmlpdf/template/3368/ 1.9ms sql=4
GET /files/htmlpdf/api/template-jsons/ 30.5ms sql=70
GET /files/htmlpdf/editor/3368/ 3.1ms sql=6
GET /files/htmlpdf/template/3368/ 1.6ms sql=4
GET /files/htmlpdf/api/template-jsons/ 31.5ms sql=70
GET /files/htmlpdf/editor/3368/ 3.2ms sql=6
GET /files/htmlpdf/template/3368/ 1.8ms sql=4
GET /files/htmlpdf/api/template-jsons/ 31.6ms sql=70
GET /files/htmlpdf/editor/3368/ 4.1ms sql=6
GET /files/htmlpdf/template/3368/ 1.8ms sql=4
GET /files/htmlpdf/api/template-jsons/ 31.0ms sql=70
GET /files/htmlpdf/template/3368/ 1.8ms sql=4
GET /files/htmlpdf/editor/3368/ 4.1ms sql=6
GET /files/htmlpdf/api/template-jsons/ 31.1ms sql=70
GET /files/htmlpdf/template/3368/ 1.8ms sql=4
GET /files/htmlpdf/editor/3368/ 3.4ms sql=6
GET /files/htmlpdf/editor/3368/ 5.4ms sql=6
GET /files/htmlpdf/api/template-jsons/ 37.3ms sql=70
GET /files/htmlpdf/template/3368/ 1.9ms sql=4
GET /files/htmlpdf/api/template-jsons/ 33.0ms sql=70
GET /files/htmlpdf/editor/3368/ 7.6ms sql=6
GET /files/htmlpdf/template/3368/ 2.5ms sql=4
GET /files/htmlpdf/editor/3368/ 6.2ms sql=6
GET /files/htmlpdf/api/template-jsons/ 41.1ms sql=70
GET /files/htmlpdf/template/3368/ 3.1ms sql=4
GET /files/htmlpdf/api/template-jsons/ 31.6ms sql=70
GET /files/htmlpdf/template/3368/ 1.8ms sql=4
GET /files/htmlpdf/editor/3368/ 3.7ms sql=6
GET /files/htmlpdf/editor/3368/ 3.4ms sql=6
GET /files/htmlpdf/api/template-jsons/ 33.6ms sql=70
GET /files/htmlpdf/template/3368/ 2.3ms sql=4
GET /files/htmlpdf/api/template-jsons/ 0.9ms sql=0
GET /files/htmlpdf/template/3305/ 0.3ms sql=0
GET /login/ 1.0ms sql=0
GET / 9.5ms sql=9
GET /files/htmlpdf/ 366.9ms sql=982
GET /files/htmlpdf/ 353.0ms sql=981
GET /files/ 25.8ms sql=32
GET /files/ 726.3ms sql=1502
GET /files/ 693.4ms sql=1502
GET /files/ 689.0ms sql=1502
GET /files/ 803.3ms sql=1502
GET /files/ 1574.7ms sql=1502
GET /files/ 806.8ms sql=1563
GET /files/ 753.4ms sql=1563
GET /files/ 710.0ms sql=1563
GET /files/3409/preview/ 9.0ms sql=9
GET /files/3409/raw/ 3.1ms sql=6
GET /files/ 692.3ms sql=1502
GET /files/ 698.0ms sql=1502
GET /files/3397/preview/ 6.1ms sql=7
GET /files/3397/raw/ 2.5ms sql=6
GET /files/htmlpdf/ 0.3ms sql=0
GET /files/ 0.3ms sql=0
GET /login/ 0.7ms sql=0
GET /files/3409/raw/ 0.2ms sql=0
GET /files/ 17.4ms sql=34
GET /files/ 725.4ms sql=1502
GET /files/ 722.5ms sql=1502
GET /files/ 698.3ms sql=1502
GET /files/ 24.5ms sql=32
GET /files/ 711.2ms sql=1502
GET /files/ 864.7ms sql=1502
GET /files/ 696.0ms sql=1502
GET /files/ 736.4ms sql=1502
GET /files/3283/preview/ 4.4ms sql=7
GET /files/3283/raw/ 2.9ms sql=6
GET /files/ 880.1ms sql=1563
GET /files/htmlpdf/editor/3368/ 0.3ms sql=0
GET /login/ 0.6ms sql=0
GET /files/htmlpdf/ 440.6ms sql=982
GET /files/htmlpdf/ 363.6ms sql=993
GET /files/ 23.1ms sql=32
GET /files/ 771.1ms sql=1502
GET /files/ 712.3ms sql=1502
GET /files/ 727.7ms sql=1502
GET /files/ 772.5ms sql=1502
GET /files/ 729.4ms sql=1502
GET /files/ 740.2ms sql=1502
GET /files/3283/preview/ 4.5ms sql=7
GET /files/3283/raw/ 2.5ms sql=6
GET / 0.3ms sql=0
GET /login/ 0.6ms sql=0
GET /files/ 16.3ms sql=32
GET /files/ 707.9ms sql=1502
GET /files/ 793.3ms sql=1502
GET /files/ 715.0ms sql=1502
GET /files/ 745.4ms sql=1563
GET /files/3404/preview/ 6.7ms sql=7
GET /files/3404/raw/ 2.6ms sql=6
GET /files/ 19.9ms sql=32
GET /files/ 710.4ms sql=1502
GET /files/ 818.1ms sql=1502
GET /files/ 731.2ms sql=1502
GET /files/ 2270.1ms sql=1502
GET /files/ 812.0ms sql=1571
GET /files/3410/preview/ 4.8ms sql=7
GET /files/3410/raw/ 2.5ms sql=6
GET /files/htmlpdf/ 1201.3ms sql=980
GET /files/htmlpdf/ 381.6ms sql=999
GET /files/htmlpdf/editor/2032/ 4.4ms sql=7
GET /files/htmlpdf/editor/2032/ 4.6ms sql=7
GET /files/htmlpdf/api/template-jsons/ 28.0ms sql=56
GET /files/htmlpdf/template/2032/ 1.8ms sql=4
GET /files/htmlpdf/template/2024/ 1.8ms sql=4
GET /files/3410/preview/ 4.2ms sql=7
GET /files/3410/raw/ 2.4ms sql=6
GET /files/task-management/ 60.5ms sql=62
GET /files/task-management/ 65.7ms sql=60
GET /files/htmlpdf/editor/2032/ 0.4ms sql=0
GET /login/ 0.8ms sql=0
GET /files/task-management/ 55.1ms sql=60
GET /files/task-management/ 152.6ms sql=60
GET /files/htmlpdf/ 357.9ms sql=986
GET /files/htmlpdf/ 358.2ms sql=993
GET /files/htmlpdf/editor/1978/ 18.4ms sql=7
GET /files/htmlpdf/editor/1978/ 12.0ms sql=7
GET /files/htmlpdf/api/template-jsons/ 24.0ms sql=42
GET /files/htmlpdf/template/1978/ 1.9ms sql=4
GET /files/task-management/ 54.4ms sql=60
GET /files/task-management/ 70.6ms sql=60
GET /files/task-management/ 55.5ms sql=60
GET /files/htmlpdf/ 374.5ms sql=999
GET /files/htmlpdf/editor/1922/ 4.4ms sql=7
GET /files/htmlpdf/editor/1922/ 7.0ms sql=7
GET /files/htmlpdf/api/template-jsons/ 45.4ms sql=98
GET /files/htmlpdf/template/1922/ 1.8ms sql=4
GET /files/task-management/ 77.6ms sql=60
GET /files/task-management/ 91.3ms sql=60
GET /files/htmlpdf/ 365.6ms sql=993
GET /files/htmlpdf/editor/2063/ 4.4ms sql=7
GET /files/htmlpdf/editor/2063/ 4.6ms sql=7
GET /files/htmlpdf/template/2063/ 4.3ms sql=4
GET /files/htmlpdf/api/template-jsons/ 114.1ms sql=238
GET /files/htmlpdf/template/1765/ 1.9ms sql=4
GET /files/htmlpdf/template/1765/ 2.7ms sql=4
GET /files/3404/raw/ 0.3ms sql=0
GET /files/ 559.3ms sql=682
GET /files/ 504.0ms sql=682
GET /files/htmlpdf/template/1978/ 0.4ms sql=0
GET /files/task-management/ 0.3ms sql=0
GET /files/ 591.4ms sql=32
GET /files/htmlpdf/ 5035.8ms sql=980
GET /files/ 698.0ms sql=682
GET /files/ 17.8ms sql=32
GET /files/ 458.1ms sql=615
GET /files/ 1307.1ms sql=615
GET /files/ 1446.2ms sql=1502
GET /files/ 484.7ms sql=615
GET /files/3411/preview/ 4.6ms sql=4
GET /files/3411/raw/ 1.5ms sql=2
GET /files/ 695.8ms sql=1502
GET /files/htmlpdf/editor/1922/ 0.3ms sql=0
GET /login/ 0.7ms sql=0
GET /files/ 886.9ms sql=1502
GET /files/htmlpdf/template/1922/ 0.3ms sql=0
GET /login/ 76.0ms sql=0
GET /files/htmlpdf/template/2024/ 0.4ms sql=0
GET /login/ 20.0ms sql=0
GET /files/ 11629.1ms sql=682
GET /files/ 2131.3ms sql=1502
GET /files/htmlpdf/ 133.5ms sql=225
GET /files/ 882.0ms sql=1587
GET /files/htmlpdf/ 187.0ms sql=225
GET /files/htmlpdf/ 148.3ms sql=227
GET /files/3412/preview/ 4.6ms sql=7
GET /files/3412/raw/ 2.5ms sql=6
GET /files/htmlpdf/ 147.5ms sql=230
GET /files/htmlpdf/ 138.8ms sql=230
GET /files/htmlpdf/ 134.5ms sql=227
GET /files/projects/ 12.2ms sql=6
GET /files/projects/ 7.6ms sql=6
GET /files/projects/ 8.4ms sql=6
GET /files/projects/ 9.5ms sql=6
GET /files/projects/ 547.9ms sql=1630
GET /files/projects/ 685.8ms sql=1630
GET /files/3412/raw/ 0.3ms sql=0
GET /login/ 0.6ms sql=0
GET /files/ 40.1ms sql=34
GET /files/projects/ 608.4ms sql=1632
GET /files/ 29.2ms sql=18
GET /files/ 837.8ms sql=1511
GET /files/ 748.4ms sql=1587
GET /files/ 502.5ms sql=686
GET /files/ 507.2ms sql=686
GET /files/ 1393.4ms sql=686
GET /files/ 1676.8ms sql=1587
GET /files/ 503.6ms sql=686
GET /files/3414/preview/ 5.1ms sql=4
GET /files/3414/raw/ 1.6ms sql=2
GET /api/v2/library/files/1954/download/ 5.2ms sql=0
GET /files/ 835.7ms sql=1587
GET /files/3409/preview/ 6.3ms sql=7
GET /files/3409/raw/ 3.8ms sql=6
GET /api/v2/inspections/projects/260001/tasks/19/export-frontend-json 3.0ms sql=0
GET /files/ 18.2ms sql=32
GET /files/ 726.3ms sql=1511
GET /files/ 703.3ms sql=1511
GET /files/ 837.7ms sql=1511
GET /files/ 697.8ms sql=1511
GET /files/ 5544.4ms sql=1587
GET /files/ 1757.0ms sql=1511
GET /files/ 753.7ms sql=1595
GET /files/ 765.5ms sql=1595
GET /files/ 878.6ms sql=1595
GET /files/3415/preview/ 4.2ms sql=7
GET /files/3415/raw/ 2.8ms sql=6
GET /files/3412/preview/ 0.3ms sql=0
GET /login/ 0.6ms sql=0
GET /files/htmlpdf/ 136.6ms sql=225
GET /files/htmlpdf/ 141.6ms sql=225
GET /files/htmlpdf/ 142.9ms sql=226
GET /files/htmlpdf/ 135.0ms sql=230
GET /files/htmlpdf/ 0.3ms sql=0
GET /login/ 0.7ms sql=0
GET /files/htmlpdf/template/1765/ 0.3ms sql=0
GET /login/ 0.7ms sql=0
GET /files/3410/preview/ 0.3ms sql=0
GET /login/ 0.7ms sql=0
GET /files/ 16.2ms sql=32
GET /files/ 763.1ms sql=1595
GET /files/ 773.7ms sql=1595
GET /files/ 759.5ms sql=1595
GET /files/3300/preview/ 5.9ms sql=7
GET /files/3300/raw/ 3.7ms sql=6
GET /files/projects/ 8.1ms sql=6
GET /files/ 13.4ms sql=18
GET /files/htmlpdf/ 135.0ms sql=225
GET /files/htmlpdf/ 149.3ms sql=225
GET /files/htmlpdf/ 146.1ms sql=226
GET /files/htmlpdf/ 143.1ms sql=232
GET /files/htmlpdf/editor/1922/ 5.4ms sql=5
GET /files/htmlpdf/editor/1922/ 5.6ms sql=5
GET /files/htmlpdf/api/template-jsons/ 24.9ms sql=12
GET /files/htmlpdf/template/1922/ 1.1ms sql=2
GET /files/htmlpdf/template/1991/ 2.3ms sql=2
GET /files/htmlpdf/template/1991/ 2.3ms sql=2
GET /files/htmlpdf/template/1991/ 3.4ms sql=2
GET /files/ 69.8ms sql=34
GET /files/htmlpdf/ 379.3ms sql=980
GET /files/htmlpdf/ 358.3ms sql=986
GET /files/htmlpdf/ 389.5ms sql=999
GET /files/htmlpdf/editor/2032/ 4.7ms sql=7
GET /files/htmlpdf/editor/2032/ 4.6ms sql=7
GET /files/htmlpdf/api/template-jsons/ 38.5ms sql=56
GET /files/htmlpdf/template/2032/ 1.8ms sql=4
GET /files/htmlpdf/template/2024/ 3.2ms sql=4
GET /files/htmlpdf/template/2024/ 1.8ms sql=4
GET /files/htmlpdf/ 130.9ms sql=225
GET /files/htmlpdf/ 138.2ms sql=225
GET /files/htmlpdf/ 134.3ms sql=226
GET /files/htmlpdf/ 136.1ms sql=232
GET /files/htmlpdf/editor/1922/ 4.0ms sql=5
GET /files/htmlpdf/editor/1922/ 5.3ms sql=5
GET /files/htmlpdf/api/template-jsons/ 19.2ms sql=12
GET /files/htmlpdf/template/1922/ 1.0ms sql=2
GET /files/htmlpdf/template/1991/ 1.0ms sql=2
GET /files/htmlpdf/template/1991/ 2.3ms sql=2
GET /files/task-management/ 52.2ms sql=47
GET /files/task-management/ 44.2ms sql=37
GET /files/task-management/ 65.0ms sql=36
GET /files/task-management/ 41.3ms sql=37
GET /files/task-management/ 59.6ms sql=47
GET /files/htmlpdf/editor/2032/ 5.2ms sql=5
GET /files/htmlpdf/editor/2032/ 3.7ms sql=5
GET /files/htmlpdf/api/template-jsons/ 17.6ms sql=12
GET /files/htmlpdf/template/2032/ 1.1ms sql=2
GET /files/htmlpdf/template/2024/ 2.3ms sql=2
GET /files/htmlpdf/template/2024/ 1.0ms sql=2
GET /files/htmlpdf/template/2024/ 1.0ms sql=2
GET /files/htmlpdf/template/2024/ 1.0ms sql=2
GET /files/3300/raw/ 0.4ms sql=0
GET /files/task-management/ 54.0ms sql=47
GET /files/projects/ 8.0ms sql=6
GET /files/projects/ 8.5ms sql=6
GET /files/projects/ 10.9ms sql=6
GET /files/projects/ 10.9ms sql=6
GET /files/projects/ 567.0ms sql=1628
GET /files/projects/ 667.1ms sql=1628
GET /files/projects/ 682.4ms sql=1632
GET /files/ 22.5ms sql=18
GET /files/ 488.6ms sql=694
GET /files/ 523.4ms sql=694
GET /files/ 509.1ms sql=694
GET /files/ 1137.8ms sql=694
GET /files/ 477.0ms sql=624
GET /files/ 545.5ms sql=624
GET /files/ 488.7ms sql=624
GET /files/3420/preview/ 5.6ms sql=4
GET /files/3420/raw/ 1.1ms sql=2
GET /files/ 494.0ms sql=624
GET /files/ 479.1ms sql=694
GET /files/ 509.4ms sql=694
GET /files/ 599.4ms sql=694
GET /files/3347/preview/ 5.0ms sql=4
GET /files/3347/raw/ 1.2ms sql=2
GET /files/ 482.6ms sql=694
GET /files/ 484.9ms sql=694
GET /files/ 578.5ms sql=694
GET /files/3351/preview/ 3.6ms sql=4
GET /files/3351/raw/ 1.1ms sql=2
GET /files/3415/preview/ 0.4ms sql=0
GET /login/ 0.6ms sql=0
GET /files/htmlpdf/ 141.3ms sql=226
GET /files/htmlpdf/ 138.2ms sql=225
GET /files/htmlpdf/ 134.4ms sql=226
GET /files/htmlpdf/ 140.1ms sql=230
GET /files/htmlpdf/editor/3305/ 2.9ms sql=4
GET /files/htmlpdf/editor/3305/ 4.2ms sql=4
GET /files/htmlpdf/template/3305/ 11.7ms sql=2
GET /files/htmlpdf/api/template-jsons/ 145.7ms sql=13
GET /api/v2/inspections/projects/260001/tasks/33/export-frontend-json 5.5ms sql=0
GET /api/v2/inspections/projects/260001/tasks/18/export-frontend-json 24.2ms sql=0
GET /files/htmlpdf/editor/3368/ 0.8ms sql=0
GET /login/ 2.4ms sql=0
GET /api/v2/inspections/projects/260001/tasks/21/submit 3.1ms sql=0
GET /files/htmlpdf/ 140.3ms sql=226
GET /files/htmlpdf/ 138.4ms sql=225
GET /files/htmlpdf/ 135.5ms sql=226
GET /files/htmlpdf/ 133.8ms sql=230
GET /files/htmlpdf/editor/3305/ 2.9ms sql=4
GET /files/htmlpdf/editor/3305/ 4.2ms sql=4
GET /files/htmlpdf/template/3305/ 18.3ms sql=2
GET /files/htmlpdf/api/template-jsons/ 182.7ms sql=13
GET /api/v2/inspections/projects/260001/tasks/21/export-frontend-json 1903.9ms sql=163
GET /files/task-management/ 80.0ms sql=47
GET /files/task-management/ 108.2ms sql=36
GET /files/task-management/ 41.7ms sql=36
GET /files/task-management/ 54.9ms sql=37
GET /files/task-management/ 56.3ms sql=47
GET /files/task-management/ 66.2ms sql=48
GET /files/htmlpdf/editor/3305/ 3.9ms sql=4
GET /files/htmlpdf/editor/3305/ 2.7ms sql=4
GET /files/htmlpdf/template/3305/ 22.2ms sql=2
GET /files/htmlpdf/api/template-jsons/ 163.7ms sql=13
GET /files/task-management/ 70.7ms sql=48
GET /files/htmlpdf/ 132.3ms sql=225
GET /files/htmlpdf/ 130.2ms sql=225
GET /files/htmlpdf/ 132.4ms sql=226
GET /files/htmlpdf/ 139.9ms sql=230
GET /files/htmlpdf/editor/3305/ 3.9ms sql=4
GET /files/htmlpdf/editor/3305/ 2.8ms sql=4
GET /files/htmlpdf/template/3305/ 10.6ms sql=2
GET /files/htmlpdf/api/template-jsons/ 90.0ms sql=13
GET /files/task-management/ 73.0ms sql=47
GET /files/task-management/ 116.4ms sql=36
GET /files/task-management/ 43.4ms sql=37
GET /files/task-management/ 54.9ms sql=37
GET /files/task-management/ 61.7ms sql=37
GET /files/task-management/ 65.1ms sql=47
GET /files/task-management/ 85.2ms sql=48
GET /files/htmlpdf/editor/1762/ 4.0ms sql=5
GET /files/htmlpdf/editor/1762/ 5.3ms sql=5
GET /files/htmlpdf/template/1762/ 6.7ms sql=2
GET /files/htmlpdf/api/template-jsons/ 604.1ms sql=13
GET /files/task-management/ 169.6ms sql=48
GET /files/task-management/ 42.9ms sql=38
GET /files/task-management/ 53.7ms sql=47
GET /files/task-management/ 78.7ms sql=47
GET /files/task-management/ 63.2ms sql=47
GET /files/task-management/ 155.0ms sql=47
GET /files/task-management/ 55.9ms sql=47
GET /files/task-management/ 87.8ms sql=47
GET /files/task-management/ 57.4ms sql=47
GET /files/task-management/ 70.9ms sql=47
GET /files/htmlpdf/editor/2334/ 3.9ms sql=4
GET /files/htmlpdf/editor/2334/ 3.9ms sql=4
GET /files/htmlpdf/template/2334/ 11.9ms sql=2
GET /files/htmlpdf/api/template-jsons/ 179.0ms sql=13
GET /files/task-management/ 134.9ms sql=47
GET /files/task-management/ 60.0ms sql=47
GET /files/task-management/ 80.1ms sql=47
GET /files/task-management/ 50.3ms sql=47
GET /files/task-management/ 70.6ms sql=47
GET /files/task-management/ 54.4ms sql=47
GET /api/v2/inspections/projects/260001/tasks/44/export-frontend-json 39.0ms sql=0
GET /api/v2/library/files/2333/download/ 2.6ms sql=0
GET /files/htmlpdf/ 140.6ms sql=225
GET /files/htmlpdf/ 133.1ms sql=225
GET /files/htmlpdf/ 134.4ms sql=226
GET /files/htmlpdf/ 144.0ms sql=230
GET /files/htmlpdf/editor/2223/ 5.8ms sql=5
GET /files/htmlpdf/editor/2223/ 4.3ms sql=5
GET /files/htmlpdf/template/2223/ 7.9ms sql=2
GET /files/htmlpdf/api/template-jsons/ 248.2ms sql=13
GET /api/v2/library/files/1769/download/ 2.8ms sql=0
GET /files/ 540.8ms sql=299
GET /files/projects/ 10.5ms sql=6
GET /files/projects/ 9.7ms sql=6
GET /files/projects/ 8.6ms sql=6
GET /files/projects/ 7.7ms sql=6
GET /files/projects/ 629.4ms sql=1645
GET /files/projects/ 593.2ms sql=1645
GET /api/v2/inspections/projects/260001/tasks/17/export-frontend-json 6.3ms sql=0
GET /files/projects/ 564.6ms sql=1647
GET /files/ 18.4ms sql=18
GET /files/ 493.6ms sql=722
GET /files/ 579.9ms sql=722
GET /files/ 494.4ms sql=722
GET /files/ 512.1ms sql=722
GET /files/3435/preview/ 4.2ms sql=4
GET /files/3435/raw/ 1.0ms sql=2
GET /files/ 505.3ms sql=722
GET /files/ 478.3ms sql=627
GET /files/ 501.3ms sql=627
GET /files/ 484.0ms sql=627
GET /files/3436/preview/ 3.4ms sql=4
GET /files/3436/raw/ 1.0ms sql=2
GET /files/projects/ 7.9ms sql=6
GET /files/projects/ 11.0ms sql=6
GET /files/projects/ 10.1ms sql=6
GET /files/projects/ 7.7ms sql=6
GET /files/projects/ 658.9ms sql=1648
GET /files/projects/ 556.2ms sql=1648
GET /files/projects/ 573.6ms sql=1650
GET /files/ 18.8ms sql=18
GET /files/ 585.5ms sql=726
GET /files/ 512.7ms sql=726
GET /files/ 504.2ms sql=726
GET /files/ 504.0ms sql=726
GET /files/3438/preview/ 4.7ms sql=4
GET /files/3438/raw/ 1.9ms sql=2
GET /files/htmlpdf/ 141.0ms sql=225
GET /files/htmlpdf/ 132.5ms sql=225
GET /files/htmlpdf/ 131.6ms sql=226
GET /files/htmlpdf/ 147.5ms sql=230
GET /files/htmlpdf/editor/2090/ 5.1ms sql=5
GET /files/htmlpdf/editor/2090/ 4.3ms sql=5
GET /files/htmlpdf/template/2090/ 1.1ms sql=2
GET /files/htmlpdf/api/template-jsons/ 263.1ms sql=13
GET /files/task-management/ 0.3ms sql=0
GET /login/ 0.9ms sql=0
GET /api/v2/library/files/2024/download 10.1ms sql=0
GET /api/v2/library/files/2024/download/ 4.2ms sql=0
GET /files/ 571.2ms sql=299
GET /files/ 512.3ms sql=726
GET /files/ 531.1ms sql=726
GET /files/ 499.1ms sql=726
GET /files/commission-manage/ 201.5ms sql=333
GET /files/projects/ 10.0ms sql=7
GET /files/projects/ 10.9ms sql=6
GET /files/projects/ 10.4ms sql=6
GET /files/projects/ 10.9ms sql=6
GET /files/projects/ 625.1ms sql=1650
GET /files/projects/ 591.5ms sql=1650
GET /files/projects/ 596.3ms sql=1652
GET /files/ 18.8ms sql=18
GET /files/ 501.6ms sql=730
GET /files/ 508.3ms sql=730
GET /files/ 627.5ms sql=730
GET /files/ 537.5ms sql=730
GET /files/ 504.2ms sql=730
GET /files/ 474.0ms sql=630
GET /files/ 460.4ms sql=630
GET /files/ 548.7ms sql=630
GET /files/3442/preview/ 3.9ms sql=4
GET /files/3442/raw/ 1.1ms sql=2
GET /files/htmlpdf/ 132.9ms sql=225
GET /files/htmlpdf/ 129.3ms sql=225
GET /files/htmlpdf/ 128.8ms sql=226
GET /files/htmlpdf/ 139.1ms sql=230
GET /files/htmlpdf/editor/2237/ 3.7ms sql=5
GET /files/htmlpdf/editor/2237/ 4.9ms sql=5
GET /files/htmlpdf/api/template-jsons/ 16.4ms sql=12
GET /files/htmlpdf/template/2237/ 2.8ms sql=2
GET /files/htmlpdf/template/2090/ 1.0ms sql=2
GET /files/htmlpdf/template/2090/ 1.4ms sql=2
GET /files/htmlpdf/template/2090/ 1.0ms sql=2
GET /files/htmlpdf/template/2090/ 1.4ms sql=2
GET /files/htmlpdf/template/2090/ 1.3ms sql=2
GET /files/task-management/ 55.2ms sql=47
GET /files/htmlpdf/editor/2237/ 4.0ms sql=5
GET /files/htmlpdf/editor/2237/ 5.9ms sql=5
GET /files/htmlpdf/api/template-jsons/ 16.1ms sql=12
GET /files/htmlpdf/template/2237/ 1.0ms sql=2
GET /files/task-management/ 52.5ms sql=47
GET /files/task-management/ 145.7ms sql=47
GET /files/task-management/ 45.4ms sql=36
GET /files/task-management/ 41.7ms sql=37
GET /files/task-management/ 41.7ms sql=37
GET /files/task-management/ 64.7ms sql=47
GET /files/task-management/ 50.0ms sql=47
GET /files/task-management/ 94.3ms sql=47
GET /files/task-management/ 141.0ms sql=47
GET /files/task-management/ 79.7ms sql=47
GET /files/task-management/ 54.9ms sql=47
GET /files/task-management/ 65.9ms sql=38
GET /files/htmlpdf/ 129.3ms sql=225
GET /files/htmlpdf/ 132.0ms sql=225
GET /files/htmlpdf/ 141.6ms sql=227
GET /files/ 14.7ms sql=18
GET /files/ 12.7ms sql=18
GET /files/htmlpdf/ 129.2ms sql=225
GET /files/htmlpdf/ 130.9ms sql=225
GET /files/htmlpdf/ 142.5ms sql=227
GET /files/htmlpdf/ 134.5ms sql=230
GET /files/htmlpdf/editor/2333/ 5.7ms sql=5
GET /files/htmlpdf/editor/2333/ 6.3ms sql=5
GET /files/htmlpdf/template/2333/ 71.6ms sql=2
GET /files/htmlpdf/api/template-jsons/ 1125.0ms sql=13
GET /files/ 618.8ms sql=299
GET /files/projects/ 11.4ms sql=6
GET /files/projects/ 10.9ms sql=6
GET /files/projects/ 11.1ms sql=6
GET /files/projects/ 11.4ms sql=6
GET /files/projects/ 550.2ms sql=1655
GET /files/projects/ 614.8ms sql=1655
GET /files/projects/ 639.4ms sql=1657
GET /files/ 18.4ms sql=18
GET /files/ 537.8ms sql=738
GET /files/ 506.5ms sql=738
GET /files/ 505.8ms sql=738
GET /files/ 514.6ms sql=738
GET /files/3447/preview/ 4.4ms sql=4
GET /files/3447/raw/ 1.8ms sql=2
GET /files/htmlpdf/ 228.0ms sql=225
GET /files/htmlpdf/ 131.7ms sql=225
GET /files/htmlpdf/ 130.0ms sql=227
GET /files/htmlpdf/ 137.9ms sql=230
GET /files/htmlpdf/editor/2333/ 5.8ms sql=5
GET /files/htmlpdf/editor/2333/ 5.7ms sql=5
GET /files/htmlpdf/template/2333/ 11.4ms sql=2
GET /files/htmlpdf/api/template-jsons/ 690.0ms sql=13
GET /files/task-management/ 159.7ms sql=47
GET /files/task-management/ 52.7ms sql=47
GET /files/task-management/ 54.4ms sql=47
GET /files/task-management/ 53.0ms sql=47
GET /api/v2/library/files/2333/download 6.7ms sql=0
GET /api/v2/library/files/2333/download/ 5.1ms sql=0
GET /files/task-management/ 81.8ms sql=48
GET /files/htmlpdf/editor/3179/ 4.9ms sql=5
GET /files/htmlpdf/editor/3179/ 5.3ms sql=5
GET /files/htmlpdf/template/3179/ 7.6ms sql=2
GET /files/htmlpdf/api/template-jsons/ 74.4ms sql=12
GET /files/htmlpdf/template/2792/ 1.0ms sql=2
GET /files/htmlpdf/template/2792/ 1.3ms sql=2
GET /files/htmlpdf/template/2792/ 1.3ms sql=2
GET /files/htmlpdf/template/2792/ 1.0ms sql=2
GET /files/htmlpdf/template/2792/ 1.0ms sql=2
GET /files/htmlpdf/template/2792/ 1.1ms sql=2
GET /files/task-management/ 50.1ms sql=47
GET /files/projects/ 19.5ms sql=6
GET /files/projects/ 13.4ms sql=6
GET /files/projects/ 12.2ms sql=6
GET /files/projects/ 9.8ms sql=6
GET /files/projects/ 611.2ms sql=1657
GET /files/projects/ 582.5ms sql=1657
GET /files/projects/ 648.1ms sql=1659
GET /files/ 23.7ms sql=18
GET /files/ 508.9ms sql=742
GET /files/ 512.3ms sql=742
GET /files/ 598.0ms sql=742
GET /files/ 535.5ms sql=742
GET /files/3449/preview/ 5.5ms sql=4
GET /files/3449/raw/ 2.0ms sql=2
GET /files/task-management/ 117.0ms sql=37
GET /files/task-management/ 64.8ms sql=36
GET /files/task-management/ 42.2ms sql=38
GET /files/task-management/ 58.3ms sql=47
GET /api/v2/inspections/projects/260001/tasks/29/submit 5.5ms sql=0
GET /files/task-management/ 111.0ms sql=47
GET /files/htmlpdf/editor/2333/ 5.6ms sql=5
GET /files/htmlpdf/editor/2333/ 5.6ms sql=5
GET /files/htmlpdf/template/2333/ 18.4ms sql=2
GET /files/htmlpdf/api/template-jsons/ 815.6ms sql=13
GET /files/task-management/ 43.6ms sql=36
GET /files/task-management/ 57.5ms sql=36
GET /files/task-management/ 45.4ms sql=38
GET /files/task-management/ 61.6ms sql=47
GET /files/task-management/ 50.2ms sql=47
GET /files/task-management/ 66.1ms sql=47
GET /files/htmlpdf/ 135.7ms sql=225
GET /files/htmlpdf/ 139.1ms sql=225
GET /files/htmlpdf/ 139.7ms sql=226
GET /files/htmlpdf/ 403.4ms sql=230
GET /files/htmlpdf/editor/2792/ 4.8ms sql=5
GET /files/htmlpdf/editor/2792/ 5.1ms sql=5
GET /files/htmlpdf/template/2792/ 1.4ms sql=2
GET /files/htmlpdf/api/template-jsons/ 103.1ms sql=13
GET /files/ 548.6ms sql=299
GET /api/v2/library/files/2910/download/ 90.0ms sql=0
GET /files/htmlpdf/ 135.9ms sql=225
GET /files/htmlpdf/ 132.1ms sql=225
GET /files/htmlpdf/ 131.2ms sql=227
GET /files/htmlpdf/ 133.3ms sql=230
GET /files/htmlpdf/editor/2334/ 4.1ms sql=4
GET /files/htmlpdf/editor/2334/ 2.7ms sql=4
GET /files/htmlpdf/template/2334/ 15.0ms sql=2
GET /files/htmlpdf/api/template-jsons/ 90.5ms sql=13
GET /files/ 564.9ms sql=299
GET /api/v2/inspections/projects/260001/tasks/37/export-frontend-json 3.0ms sql=0
GET /files/task-management/ 70.0ms sql=47
GET /files/task-management/ 41.3ms sql=36
GET /files/task-management/ 42.5ms sql=36
GET /files/task-management/ 49.1ms sql=37
GET /files/task-management/ 57.9ms sql=47
GET /files/task-management/ 150.1ms sql=47
GET /files/htmlpdf/editor/2261/ 5.3ms sql=5
GET /files/htmlpdf/editor/2261/ 5.5ms sql=5
GET /files/htmlpdf/template/2261/ 10.1ms sql=2
GET /files/htmlpdf/api/template-jsons/ 77.6ms sql=13
GET /files/task-management/ 87.6ms sql=48
GET /files/htmlpdf/editor/2261/ 5.7ms sql=5
GET /files/htmlpdf/editor/2261/ 6.1ms sql=5
GET /files/htmlpdf/template/2261/ 9.4ms sql=2
GET /files/htmlpdf/api/template-jsons/ 79.4ms sql=13
GET /files/htmlpdf/editor/2261/ 3.8ms sql=5
GET /files/htmlpdf/template/2261/ 3.7ms sql=2
GET /files/htmlpdf/api/template-jsons/ 69.7ms sql=13
GET /files/task-management/ 141.1ms sql=48
GET /files/ 26.7ms sql=18
GET /files/ 509.8ms sql=746
GET /files/ 557.6ms sql=746
GET /files/ 541.1ms sql=746
GET /files/ 597.3ms sql=746
GET /files/ 478.0ms sql=630
GET /files/ 541.5ms sql=746
GET /files/ 528.3ms sql=746
GET /api/v2/library/files/2090/download/ 5.2ms sql=0
GET /api/v2/library/files/1935/download/ 2.7ms sql=0
GET /api/v2/library/files/2223/download/ 2.8ms sql=0
GET /api/v2/library/files/2910/download 6.7ms sql=0
GET /api/v2/library/files/2910/download/ 2.9ms sql=0
GET /api/v2/library/files/2223/download 5.4ms sql=0
GET /api/v2/library/files/2223/download/ 2.5ms sql=0
GET / 1.2ms sql=0
GET /login/ 0.9ms sql=0
GET /favicon.ico 3.3ms sql=0
GET /robots.txt 3.9ms sql=0
GET /sitemap.xml 3.2ms sql=0
GET /config.json 3.4ms sql=0
GET /favicon.ico 4.9ms sql=0
GET / 0.2ms sql=0
GET /login/ 0.9ms sql=0
GET / 0.2ms sql=0
GET /login/ 0.8ms sql=0
GET / 0.3ms sql=0
GET / 0.3ms sql=0
GET / 0.3ms sql=0
GET /login/ 0.8ms sql=0
GET /login/ 0.9ms sql=0
GET / 0.2ms sql=0
GET /login/ 0.9ms sql=0
GET / 0.3ms sql=0
GET /login/ 0.9ms sql=0
GET / 9.3ms sql=9
GET /files/htmlpdf/ 384.5ms sql=980
GET /files/htmlpdf/ 371.0ms sql=993
GET /files/htmlpdf/ 558.9ms sql=993
GET /files/htmlpdf/editor/2282/ 6.7ms sql=7
GET /files/htmlpdf/editor/2282/ 7.2ms sql=7
GET /files/htmlpdf/template/2282/ 5.2ms sql=4
GET /files/htmlpdf/api/template-jsons/ 79.2ms sql=56
GET /files/htmlpdf/ 0.3ms sql=0
GET /login/ 0.6ms sql=0
GET /files/htmlpdf/template/2333/ 1.8ms sql=4
GET /files/htmlpdf/template/2333/ 2.6ms sql=4
GET /files/htmlpdf/template/2333/ 4.1ms sql=4
GET /files/htmlpdf/template/2333/ 2.5ms sql=4
GET /files/htmlpdf/template/2333/ 2.5ms sql=4
GET /files/htmlpdf/editor/2282/ 0.5ms sql=0
GET /login/ 0.8ms sql=0
GET /files/htmlpdf/template/2333/ 2.5ms sql=4
GET /files/htmlpdf/template/2333/ 2.6ms sql=4
GET /files/htmlpdf/template/2333/ 2.6ms sql=4
GET /files/htmlpdf/template/2333/ 2.6ms sql=4
GET /files/htmlpdf/template/2333/ 1.9ms sql=4
GET /files/htmlpdf/template/2333/ 2.7ms sql=4
GET /files/htmlpdf/template/2333/ 2.6ms sql=4
GET /files/htmlpdf/template/2333/ 2.7ms sql=4
GET /files/htmlpdf/api/import-json-from-library/ 0.4ms sql=0
GET /login/ 0.9ms sql=0
GET /files/htmlpdf/api/report-task-context/ 0.3ms sql=0
GET /login/ 0.6ms sql=0
GET /files/htmlpdf/template/2333/ 2.5ms sql=4
GET /files/htmlpdf/template/2333/ 2.6ms sql=4
GET /files/htmlpdf/template/2333/ 3.0ms sql=4
GET /files/htmlpdf/template/2333/ 2.7ms sql=4
GET /files/htmlpdf/api/template-jsons/ 0.3ms sql=0
GET /login/ 0.6ms sql=0
GET /files/htmlpdf/template/2333/ 2.7ms sql=4
GET /files/htmlpdf/template/2333/ 2.6ms sql=4
GET /files/task-management/ 64.0ms sql=62
GET /files/task-management/ 62.3ms sql=60
GET /files/htmlpdf/editor/2343/ 5.0ms sql=6
GET /files/htmlpdf/editor/2343/ 5.2ms sql=6
GET /files/htmlpdf/api/template-jsons/ 44.6ms sql=56
GET /files/htmlpdf/template/2343/ 2.4ms sql=4
GET / 0.3ms sql=0
GET / 0.3ms sql=0
GET /login/ 0.9ms sql=0
GET /files/htmlpdf/api/site-template-bundle/ 0.4ms sql=0
GET /login/ 2.5ms sql=0
GET /favicon.ico 5.4ms sql=0
GET / 0.3ms sql=0
GET /login/ 0.8ms sql=0
GET /files/htmlpdf/template/2333/ 0.3ms sql=0
GET /login/ 0.7ms sql=0
GET /files/htmlpdf/template/2334/ 2.1ms sql=4
GET /files/htmlpdf/template/2334/ 2.6ms sql=4
GET /files/htmlpdf/template/2334/ 1.9ms sql=4
GET /files/htmlpdf/template/2334/ 2.6ms sql=4
GET /files/htmlpdf/template/2334/ 2.5ms sql=4
GET /files/htmlpdf/template/2334/ 2.5ms sql=4
GET /files/htmlpdf/template/2334/ 2.8ms sql=4
GET /files/htmlpdf/template/2334/ 1.8ms sql=4
GET /files/htmlpdf/template/2334/ 2.5ms sql=4
GET /files/htmlpdf/template/2334/ 2.3ms sql=4
GET /index/index/info 5.5ms sql=0
GET /api/Event/Products/Average 3.5ms sql=0
GET / 0.3ms sql=0
GET /jw 5.7ms sql=0
GET /index/index/info 5.6ms sql=0
GET /index.php/user/login 4.0ms sql=0
GET /files/htmlpdf/template/2334/ 1.8ms sql=4
GET /files/htmlpdf/template/2334/ 2.5ms sql=4
GET /files/htmlpdf/template/2334/ 2.5ms sql=4
GET /files/htmlpdf/template/2334/ 4.9ms sql=4
GET /files/htmlpdf/template/2334/ 2.5ms sql=4
GET /files/htmlpdf/template/2334/ 2.5ms sql=4
GET /files/htmlpdf/editor/2343/ 0.4ms sql=0
GET /login/ 0.7ms sql=0
GET /files/htmlpdf/template/2334/ 2.5ms sql=4
GET /files/htmlpdf/template/2334/ 2.7ms sql=4
GET /files/htmlpdf/template/2334/ 2.7ms sql=4
GET /files/htmlpdf/template/2334/ 1.8ms sql=4
GET /files/htmlpdf/template/2334/ 2.7ms sql=4
GET /files/htmlpdf/template/2334/ 2.7ms sql=4
GET /files/htmlpdf/template/2334/ 2.6ms sql=4
GET /files/htmlpdf/template/2334/ 2.3ms sql=4
GET /files/htmlpdf/template/2334/ 1.8ms sql=4
GET /files/htmlpdf/template/2334/ 2.5ms sql=4
GET /files/htmlpdf/template/2334/ 2.6ms sql=4
GET /files/htmlpdf/template/2334/ 2.6ms sql=4
GET /files/htmlpdf/template/2334/ 1.8ms sql=4
GET /files/htmlpdf/template/2334/ 2.5ms sql=4
GET /files/htmlpdf/template/2334/ 1.8ms sql=4
GET /files/htmlpdf/template/2334/ 2.6ms sql=4
GET /files/htmlpdf/api/export-json/ 0.3ms sql=0
GET /files/htmlpdf/template/2334/ 2.7ms sql=4
GET /files/htmlpdf/template/2334/ 2.6ms sql=4
GET /files/htmlpdf/template/2334/ 2.5ms sql=4
GET /files/htmlpdf/template/2334/ 2.9ms sql=4
GET /files/htmlpdf/template/2334/ 0.4ms sql=0
GET /login/ 0.8ms sql=0
GET /api/Event/Products/Average 5.7ms sql=0
GET /files/htmlpdf/template/2334/ 2.7ms sql=4
GET /files/htmlpdf/template/2334/ 2.5ms sql=4
GET /files/htmlpdf/template/2334/ 2.7ms sql=4
GET /files/task-management/ 64.4ms sql=62
GET /files/task-management/ 62.5ms sql=60
GET /files/htmlpdf/editor/3179/ 13.9ms sql=7
GET /files/htmlpdf/editor/3179/ 6.4ms sql=7
GET /files/htmlpdf/api/template-jsons/ 10.6ms sql=14
GET /files/htmlpdf/template/3179/ 2.7ms sql=4
GET /files/htmlpdf/template/2792/ 2.5ms sql=4
GET /files/htmlpdf/template/2792/ 2.0ms sql=4
GET /files/htmlpdf/template/2792/ 2.7ms sql=4
GET /files/task-management/ 60.8ms sql=60
GET /files/task-management/ 122.7ms sql=60
GET /files/htmlpdf/editor/2792/ 7.0ms sql=7
GET /files/htmlpdf/editor/2792/ 6.6ms sql=7
GET /files/htmlpdf/template/2792/ 19.1ms sql=4
GET /files/htmlpdf/api/template-jsons/ 282.5ms sql=101
GET /files/htmlpdf/template/2792/ 0.4ms sql=0
GET /files/task-management/ 94.1ms sql=60
GET /files/task-management/ 74.7ms sql=60
GET /files/htmlpdf/editor/3179/ 6.4ms sql=7
GET /files/htmlpdf/editor/3179/ 6.6ms sql=7
GET /files/htmlpdf/api/template-jsons/ 12.8ms sql=14
GET /files/htmlpdf/template/3179/ 2.6ms sql=4
GET /files/htmlpdf/template/2792/ 2.7ms sql=4
GET /files/htmlpdf/template/2792/ 3.2ms sql=4
GET /files/htmlpdf/template/3179/ 0.3ms sql=0
GET /files/htmlpdf/api/auto-red-text-boxes/ 0.3ms sql=0
GET /files/htmlpdf/template/2792/ 2.7ms sql=4
GET /files/htmlpdf/template/2792/ 2.4ms sql=4
GET /files/htmlpdf/template/2792/ 2.5ms sql=4
GET /files/htmlpdf/template/2792/ 2.7ms sql=4
GET /files/htmlpdf/template/2792/ 2.7ms sql=4
GET /files/htmlpdf/template/2792/ 2.7ms sql=4
GET /files/htmlpdf/template/2792/ 2.7ms sql=4
GET /files/htmlpdf/template/2792/ 2.6ms sql=4
GET /files/htmlpdf/template/2792/ 2.7ms sql=4
GET /files/htmlpdf/template/2792/ 2.5ms sql=4
GET /files/htmlpdf/template/2792/ 2.8ms sql=4
GET /files/htmlpdf/template/2792/ 2.6ms sql=4
GET /files/htmlpdf/template/2792/ 2.1ms sql=4
GET /files/htmlpdf/editor/2792/ 0.4ms sql=0
GET /login/ 0.9ms sql=0
GET /files/htmlpdf/template/2792/ 2.6ms sql=4
GET /files/htmlpdf/template/2792/ 2.8ms sql=4
GET /files/htmlpdf/template/2792/ 2.7ms sql=4
GET /files/htmlpdf/template/2792/ 2.5ms sql=4
GET /files/htmlpdf/template/2792/ 2.8ms sql=4
GET /files/htmlpdf/template/2792/ 2.7ms sql=4
GET /files/htmlpdf/template/2792/ 3.2ms sql=4
GET /files/htmlpdf/template/2792/ 2.7ms sql=4
GET /files/htmlpdf/template/2792/ 1.8ms sql=4
GET /files/htmlpdf/template/2792/ 2.5ms sql=4
GET /files/htmlpdf/template/2792/ 2.4ms sql=4
GET /jw 5.6ms sql=0
GET /files/htmlpdf/template/2792/ 2.5ms sql=4
GET /files/htmlpdf/template/2792/ 1.9ms sql=4
GET /files/htmlpdf/template/2792/ 1.8ms sql=4
GET /files/htmlpdf/template/2792/ 2.6ms sql=4
GET /files/htmlpdf/template/2792/ 2.6ms sql=4
GET /files/htmlpdf/template/2792/ 2.5ms sql=4
GET /files/htmlpdf/template/2792/ 2.6ms sql=4
GET /files/htmlpdf/template/2792/ 2.7ms sql=4
GET /files/task-management/ 62.2ms sql=62
GET /files/task-management/ 125.5ms sql=60
GET /files/htmlpdf/editor/2343/ 3.7ms sql=6
GET /files/htmlpdf/editor/2343/ 4.6ms sql=6
GET /files/htmlpdf/api/template-jsons/ 39.7ms sql=70
GET /files/htmlpdf/template/2343/ 2.3ms sql=4
GET /files/htmlpdf/template/2334/ 1.9ms sql=4
GET /files/task-management/ 89.3ms sql=60
GET /files/task-management/ 69.0ms sql=60
GET /files/htmlpdf/editor/2282/ 6.8ms sql=7
GET /files/htmlpdf/editor/2282/ 7.1ms sql=7
GET /files/htmlpdf/template/2282/ 15.7ms sql=4
GET /files/htmlpdf/api/template-jsons/ 86.7ms sql=84
GET /files/htmlpdf/template/2333/ 2.7ms sql=4
GET /files/task-management/ 139.2ms sql=60
GET /files/task-management/ 80.0ms sql=60
GET /files/htmlpdf/editor/2237/ 4.4ms sql=7
GET /files/htmlpdf/editor/2237/ 6.7ms sql=7
GET /files/htmlpdf/template/2237/ 7.4ms sql=4
GET /files/htmlpdf/api/template-jsons/ 67.1ms sql=70
GET /files/htmlpdf/template/2343 5.5ms sql=0
GET /files/htmlpdf/template/2343/ 0.4ms sql=0
GET /login/ 0.9ms sql=0
GET /files/htmlpdf/template/2237/ 0.4ms sql=0
GET /login/ 0.6ms sql=0
GET /files/task-management/ 0.3ms sql=0
GET /login/ 0.7ms sql=0
GET /files/task-management/ 0.3ms sql=0
GET /login/ 0.7ms sql=0
GET / 0.3ms sql=0
GET /sse 3.4ms sql=0
GET / 0.2ms sql=0
GET /login/ 0.8ms sql=0
GET / 0.3ms sql=0
GET /login/ 0.8ms sql=0
GET /files/htmlpdf/template/2090/ 1.8ms sql=4
GET /files/htmlpdf/template/2090/ 2.5ms sql=4
GET /files/htmlpdf/template/2090/ 1.8ms sql=4
GET /files/htmlpdf/template/2090/ 1.8ms sql=4
GET /files/htmlpdf/template/2090/ 1.8ms sql=4
GET /files/htmlpdf/template/2090/ 2.6ms sql=4
GET /files/htmlpdf/template/2090/ 1.8ms sql=4
GET /files/htmlpdf/template/2090/ 1.8ms sql=4
GET /files/htmlpdf/template/2090/ 0.4ms sql=0
GET /login/ 0.8ms sql=0
GET /files/htmlpdf/template/2090/ 1.8ms sql=4
GET /files/htmlpdf/template/2090/ 1.8ms sql=4
GET /files/htmlpdf/template/2090/ 1.9ms sql=4
GET /files/htmlpdf/template/2090/ 1.9ms sql=4
GET /files/htmlpdf/template/2090/ 1.8ms sql=4
GET /files/htmlpdf/template/2090/ 2.6ms sql=4
GET /files/htmlpdf/template/2090/ 1.9ms sql=4
GET /files/htmlpdf/template/2090/ 1.8ms sql=4
GET /files/htmlpdf/template/2090/ 2.3ms sql=4
GET /files/htmlpdf/template/2090/ 1.8ms sql=4
GET /files/htmlpdf/template/2090/ 1.8ms sql=4
GET /files/htmlpdf/template/2090/ 1.8ms sql=4
GET /files/htmlpdf/template/2090/ 1.8ms sql=4
GET /files/htmlpdf/template/2090/ 1.8ms sql=4
GET /files/htmlpdf/template/2090/ 1.8ms sql=4
GET /files/htmlpdf/template/2090/ 1.8ms sql=4
GET /files/htmlpdf/template/2090/ 1.8ms sql=4
GET /files/htmlpdf/template/2090/ 3.0ms sql=4
GET /files/htmlpdf/template/2090/ 1.9ms sql=4
GET /files/htmlpdf/template/2090/ 2.5ms sql=4
GET /files/htmlpdf/template/2090/ 1.8ms sql=4
GET /files/htmlpdf/template/2090/ 2.7ms sql=4
GET /files/htmlpdf/template/2090/ 1.8ms sql=4
GET /files/htmlpdf/template/2090/ 1.8ms sql=4
GET /files/htmlpdf/template/2090/ 1.8ms sql=4
GET /files/htmlpdf/template/2090/ 2.5ms sql=4
GET /files/htmlpdf/template/2090/ 3.0ms sql=4
GET /files/htmlpdf/template/2090/ 1.8ms sql=4
GET /files/htmlpdf/template/2090/ 1.8ms sql=4
GET /files/htmlpdf/template/2090/ 1.9ms sql=4
GET /files/htmlpdf/template/2090/ 1.8ms sql=4
GET /files/htmlpdf/template/2090/ 2.7ms sql=4
GET /files/htmlpdf/template/2090/ 1.8ms sql=4
GET /files/htmlpdf/template/2090/ 1.8ms sql=4
GET /files/htmlpdf/template/2090/ 1.9ms sql=4
GET /files/htmlpdf/template/2090/ 1.8ms sql=4
GET /files/htmlpdf/template/2090/ 1.8ms sql=4
GET /files/htmlpdf/template/2090/ 2.7ms sql=4
GET /files/htmlpdf/template/2090/ 1.8ms sql=4
GET /files/htmlpdf/template/2090/ 1.8ms sql=4
GET /files/htmlpdf/template/2090/ 2.6ms sql=4
GET /files/htmlpdf/template/2090/ 2.6ms sql=4
GET /files/htmlpdf/template/2090/ 2.6ms sql=4
GET /files/htmlpdf/template/2090/ 1.8ms sql=4
GET /files/task-management/ 61.4ms sql=62
GET /files/task-management/ 45.4ms sql=44
GET /files/task-management/ 151.9ms sql=60
GET /files/task-management/ 66.4ms sql=44
GET /files/task-management/ 67.2ms sql=60
GET /files/htmlpdf/editor/2319/ 5.8ms sql=7
GET /files/htmlpdf/editor/2319/ 7.1ms sql=7
GET /files/htmlpdf/template/2319/ 3.7ms sql=4
GET /files/htmlpdf/api/template-jsons/ 164.3ms sql=364
GET /files/htmlpdf/template/2261/ 1.8ms sql=4
GET /files/htmlpdf/template/2910/ 1.8ms sql=4
GET /files/htmlpdf/template/2910/ 1.8ms sql=4
GET /files/htmlpdf/template/2910/ 2.5ms sql=4
GET /files/htmlpdf/template/2910/ 1.8ms sql=4
GET /files/htmlpdf/template/2910/ 2.6ms sql=4
GET /files/htmlpdf/template/2261/ 1.8ms sql=4
GET /files/htmlpdf/template/2261/ 1.8ms sql=4
GET /files/htmlpdf/template/2261/ 2.5ms sql=4
GET /files/htmlpdf/template/2910/ 0.3ms sql=0
GET /files/htmlpdf/template/2261/ 1.8ms sql=4
GET /files/htmlpdf/template/2319/ 0.4ms sql=0
GET /files/htmlpdf/template/2261/ 1.8ms sql=4
GET /files/htmlpdf/template/2261/ 1.9ms sql=4
GET /files/htmlpdf/template/2261/ 1.8ms sql=4
GET /files/htmlpdf/template/2261/ 1.8ms sql=4
GET /files/htmlpdf/template/2261/ 1.8ms sql=4
GET /files/htmlpdf/template/2261/ 1.8ms sql=4
GET /files/htmlpdf/api/template-jsons/ 0.4ms sql=0
GET /login/ 0.6ms sql=0
GET /files/htmlpdf/template/2261/ 2.5ms sql=4
GET /files/task-management/ 101.3ms sql=62
GET /files/task-management/ 68.6ms sql=60
GET /files/htmlpdf/editor/2856/ 4.4ms sql=7
GET /files/htmlpdf/editor/2856/ 4.4ms sql=7
GET /files/htmlpdf/template/2856/ 3.3ms sql=4
GET /files/htmlpdf/api/template-jsons/ 61.6ms sql=140
GET /files/htmlpdf/template/2824/ 1.8ms sql=4
GET /files/htmlpdf/template/2824/ 1.8ms sql=4
GET /files/htmlpdf/template/2824/ 1.8ms sql=4
GET /files/htmlpdf/editor/2856/ 0.3ms sql=0
GET /files/htmlpdf/template/2824/ 2.7ms sql=4
GET /files/htmlpdf/template/2824/ 1.8ms sql=4
GET /files/htmlpdf/template/2824/ 1.8ms sql=4
GET /files/htmlpdf/template/2824/ 1.8ms sql=4
GET /files/htmlpdf/template/2824/ 1.8ms sql=4
GET /files/htmlpdf/template/2824/ 1.8ms sql=4
GET /files/htmlpdf/template/2824/ 2.7ms sql=4
GET /files/htmlpdf/template/2824/ 1.8ms sql=4
GET /files/htmlpdf/template/2824/ 1.8ms sql=4
GET /files/htmlpdf/template/2824/ 1.8ms sql=4
GET /files/htmlpdf/template/2824/ 1.8ms sql=4
GET /files/htmlpdf/template/2824/ 2.7ms sql=4
GET /files/htmlpdf/template/2824/ 1.8ms sql=4
GET /files/htmlpdf/template/2824/ 1.8ms sql=4
GET /files/htmlpdf/template/2824/ 1.8ms sql=4
GET /files/htmlpdf/template/2824/ 2.6ms sql=4
GET /files/htmlpdf/template/2824/ 1.8ms sql=4
GET /files/htmlpdf/template/2910 3.5ms sql=0
GET /files/htmlpdf/template/2910/ 0.3ms sql=0
GET /login/ 0.6ms sql=0
GET /files/htmlpdf/template/2824/ 1.8ms sql=4
GET /files/htmlpdf/template/2824/ 2.6ms sql=4
GET /files/htmlpdf/template/2824/ 1.8ms sql=4
GET /files/htmlpdf/template/2824/ 1.8ms sql=4
GET /files/task-management/ 61.6ms sql=62
GET /files/task-management/ 0.3ms sql=0
GET /login/ 0.6ms sql=0
GET / 0.2ms sql=0
GET /login/ 0.6ms sql=0
GET / 0.2ms sql=0
GET /login/ 0.9ms sql=0
GET / 0.2ms sql=0
GET /login/ 0.6ms sql=0
GET /files/htmlpdf/api/auto-red-text-boxes/ 0.3ms sql=0
GET / 0.2ms sql=0
GET /login/ 0.6ms sql=0
GET /login/ 0.7ms sql=0
GET / 0.3ms sql=0
GET /login/ 0.7ms sql=0
GET / 0.2ms sql=0
GET / 0.3ms sql=0
GET /login/ 0.8ms sql=0
GET /favicon.ico 5.2ms sql=0
GET / 0.2ms sql=0
GET /login/ 0.6ms sql=0
GET / 0.3ms sql=0
GET /login/ 0.8ms sql=0
GET / 0.2ms sql=0
GET /login/ 0.8ms sql=0
GET / 0.2ms sql=0
GET /login/ 0.9ms sql=0
GET /sse 4.1ms sql=0
GET /api/v2/library/files/2223/download/ 2.5ms sql=0
GET /api/v2/inspections/projects/260001/tasks/46/export-frontend-json 2.7ms sql=0
GET /api/v2/inspections/projects 2.2ms sql=0
GET /api/v2/inspections/projects/260001/tasks/39/export-frontend-json 2.6ms sql=0
GET /api/v2/library/files/2090/download/ 3.0ms sql=0
GET /api/v2/inspections/projects/260001/tasks/46/files/report 3.7ms sql=0
GET / 0.3ms sql=0
GET /login/ 0.7ms sql=0
GET / 5.4ms sql=9
GET /database/devices/ 18.0ms sql=10
GET /files/htmlpdf/ 330.4ms sql=980
GET /files/htmlpdf/ 355.6ms sql=980
GET /files/htmlpdf/ 332.9ms sql=981
GET /files/htmlpdf/ 344.9ms sql=993
GET /files/htmlpdf/editor/2237/ 4.0ms sql=7
GET /files/htmlpdf/editor/2237/ 4.8ms sql=7
GET /files/htmlpdf/api/template-jsons/ 41.1ms sql=98
GET /files/htmlpdf/template/2237/ 2.3ms sql=4
GET / 0.2ms sql=0
GET /login/ 1.0ms sql=0
GET /files/htmlpdf/api/template-jsons/ 0.3ms sql=0
GET /login/ 0.6ms sql=0
GET /api/v2/inspections/projects/260001/tasks/01/export-frontend-json 2.9ms sql=0
GET /files/task-management/ 123.6ms sql=60
GET /files/ 15.5ms sql=32
GET /files/ 1547.3ms sql=5382
GET /api/v2/inspections/projects/260001/tasks/39/files/report 3.1ms sql=0
GET /files/ 1642.9ms sql=5382
GET /files/ 1400.7ms sql=3189
GET /files/ 1479.6ms sql=3189
GET /files/ 1413.1ms sql=3189
GET /database/devices/ 15.3ms sql=10
GET /files/projects/ 8.4ms sql=7
GET /files/projects/ 6.6ms sql=7
GET /files/projects/ 6.7ms sql=7
GET /files/projects/ 510.5ms sql=1666
GET /files/ 17.0ms sql=32
GET /files/ 1463.3ms sql=3189
GET /files/ 1376.6ms sql=3189
GET /files/htmlpdf/ 0.3ms sql=0
GET /login/ 0.7ms sql=0
GET /database/devices/ 0.4ms sql=0
GET /favicon.ico 3.0ms sql=0
GET /favicon.ico 3.3ms sql=0
GET / 0.2ms sql=0
GET /files/ 807.7ms sql=1621
GET /files/ 740.9ms sql=1655
GET /files/ 1526.3ms sql=5382
GET /files/ 14.4ms sql=32
GET /files/ 15.1ms sql=32
GET /files/ 15.2ms sql=32
GET /files/ 16.9ms sql=32
GET /files/ 767.0ms sql=1619
GET /files/projects/ 6.5ms sql=7
GET /files/commission-manage/ 316.5ms sql=745
GET /files/hospital-info/ 4.5ms sql=3
GET /database/devices/ 15.5ms sql=10
GET /database/devices/ 14.2ms sql=10
GET /files/task-management/ 42.6ms sql=43
GET /files/htmlpdf/ 326.5ms sql=980
GET / 0.2ms sql=0
GET /login/ 0.8ms sql=0
GET / 0.2ms sql=0
GET /login/ 0.6ms sql=0
GET /files/projects/ 0.3ms sql=0
GET /files/htmlpdf/api/import-json-from-library/ 0.3ms sql=0
GET /files/ 0.3ms sql=0
GET /login/ 0.6ms sql=0
GET /files/commission-manage/ 275.4ms sql=745
GET /files/hospital-info/ 0.2ms sql=0
GET /login/ 0.6ms sql=0
GET /files/hospital-info/ 3.7ms sql=3
GET /database/devices/ 16.1ms sql=10
GET /files/ 17.5ms sql=32
GET /files/ 18.0ms sql=32
GET /files/ 1654.4ms sql=5382
GET /files/ 786.8ms sql=1657
GET /files/ 755.0ms sql=1619
GET /files/ 1496.2ms sql=3189
GET /files/ 1387.2ms sql=3189
GET /files/htmlpdf/api/use-template-pdf/ 0.3ms sql=0
GET /files/ 1510.4ms sql=3189
GET /login/ 0.5ms sql=0
GET /files/hospital-info/ 4.1ms sql=3
GET /files/projects/ 7.2ms sql=7
GET /files/ 16.6ms sql=32
GET /files/process/ 4.5ms sql=4
GET /files/task-management/ 49.0ms sql=43
GET /files/ 16.2ms sql=32
GET /files/ 16.4ms sql=32
GET /files/ 16.4ms sql=32
GET /files/ 1595.2ms sql=5382
GET /files/ 1517.4ms sql=3189
GET /files/ 1421.6ms sql=3189
GET /files/ 1450.8ms sql=3189
GET /files/ 11.8ms sql=22
GET /files/ 719.4ms sql=1619
GET /files/ 673.1ms sql=1619
GET /files/ 1462.3ms sql=3189
GET /files/ 1369.5ms sql=3189
GET /files/ 1498.6ms sql=3189
GET /files/ 1427.4ms sql=3189
GET /files/ 1444.9ms sql=3189
GET /files/ 1377.0ms sql=3189
GET /files/hospital-info/ 3.7ms sql=3
GET /files/hospital-info/ 57.0ms sql=195
GET /files/commission-manage/ 260.0ms sql=745
GET /files/htmlpdf/ 339.2ms sql=980
GET /files/task-management/ 46.7ms sql=43
GET /database/devices/ 94.2ms sql=10
GET /files/hospital-info/ 3.7ms sql=3
GET /files/commission-manage/ 261.6ms sql=745
GET /files/projects/ 7.3ms sql=7
GET /files/task-management/ 45.5ms sql=45
GET /files/htmlpdf/ 363.9ms sql=980
GET /files/htmlpdf/ 327.6ms sql=981
GET /files/htmlpdf/ 342.5ms sql=993
GET /files/htmlpdf/editor/2219/ 4.4ms sql=7
GET /files/htmlpdf/editor/2219/ 4.4ms sql=7
GET /files/htmlpdf/api/template-jsons/ 59.0ms sql=140
GET /files/htmlpdf/template/2219/ 1.9ms sql=4
GET /files/task-management/ 57.3ms sql=60
GET /files/htmlpdf/ 343.8ms sql=980
GET /files/htmlpdf/ 363.0ms sql=993
GET /files/htmlpdf/editor/2824/ 4.3ms sql=7
GET /files/htmlpdf/editor/2824/ 4.6ms sql=7
GET /files/htmlpdf/template/2824/ 5.1ms sql=4
GET /files/htmlpdf/api/template-jsons/ 339.9ms sql=116
GET /files/task-management/ 71.3ms sql=60
GET /files/task-management/ 55.2ms sql=60
GET /files/task-management/ 140.5ms sql=60
GET /files/htmlpdf/editor/2237/ 4.1ms sql=7
GET /files/htmlpdf/editor/2237/ 3.9ms sql=7
GET /files/htmlpdf/api/template-jsons/ 43.7ms sql=98
GET /files/htmlpdf/template/2237/ 1.6ms sql=4
GET /files/task-management/ 0.5ms sql=0
GET /login/ 0.8ms sql=0
GET /files/htmlpdf/template/2219/ 0.5ms sql=0
GET /files/htmlpdf/editor/2219/ 0.3ms sql=0
GET /api/v2/library/files/2910/download/ 2.5ms sql=0
GET /files/htmlpdf/editor/2824/ 0.3ms sql=0
GET /files/htmlpdf/api/template-jsons/ 0.3ms sql=0
GET /login/ 0.6ms sql=0
GET /api/v2/inspections/projects/260001/tasks/01/submit 3.2ms sql=0
GET /files/htmlpdf/editor/2237/ 0.5ms sql=0
GET /api/v2/library/files/2927/download/ 2.5ms sql=0
GET /api/v2/library/files/2792/download 4.8ms sql=0
GET /api/v2/library/files/2792/download/ 2.6ms sql=0
GET /files/task-management/ 0.3ms sql=0
GET /login/ 0.5ms sql=0
GET / 0.4ms sql=0
GET /login/ 0.7ms sql=0
GET / 4.7ms sql=9
GET /files/htmlpdf/ 327.7ms sql=980
GET /files/htmlpdf/ 348.8ms sql=993
GET /files/htmlpdf/editor/3179/ 4.3ms sql=7
GET /files/htmlpdf/editor/3179/ 4.2ms sql=7
GET /files/htmlpdf/template/3179/ 4.7ms sql=4
GET /files/htmlpdf/api/template-jsons/ 61.1ms sql=127
GET /api/v2/library/files/1762/download/ 2.9ms sql=0
GET /files/htmlpdf/template/2792/ 1.8ms sql=4
GET /api/v2/inspections/projects/260001/tasks/32/files/report 3.3ms sql=0
GET /files/htmlpdf/template/2792/ 1.9ms sql=4
GET /files/ 1539.5ms sql=5398
GET /api/v2/inspections/projects/260001/tasks/01/files/site_record 2.9ms sql=0
GET /files/htmlpdf/api/template-jsons/ 0.3ms sql=0
GET /login/ 0.7ms sql=0
GET /files/ 24.3ms sql=49
GET /files/ 1492.8ms sql=3234
GET /files/htmlpdf/ 357.1ms sql=980
GET /files/htmlpdf/ 342.8ms sql=999
GET /files/htmlpdf/editor/2319/ 4.3ms sql=7
GET /files/htmlpdf/editor/2319/ 4.3ms sql=7
GET /files/htmlpdf/template/2319/ 2.7ms sql=4
GET /files/htmlpdf/api/template-jsons/ 159.0ms sql=378
GET /api/v2/inspections/projects/260001/tasks/41/export-frontend-json 3.2ms sql=0
GET /api/v2/inspections/projects/260001/tasks/01/files/report 2.9ms sql=0
GET /files/htmlpdf/template/2910/ 1.8ms sql=4
GET /files/htmlpdf/api/site-template-bundle/ 0.3ms sql=0
GET /login/ 0.7ms sql=0
GET /files/task-management/ 67.1ms sql=60
GET /files/task-management/ 151.3ms sql=60
GET /files/htmlpdf/editor/2910/ 4.2ms sql=7
GET /files/htmlpdf/editor/2910/ 4.0ms sql=7
GET /files/htmlpdf/template/2910/ 3.8ms sql=4
GET /files/htmlpdf/api/template-jsons/ 598.5ms sql=267
GET /files/htmlpdf/editor/3179/ 0.4ms sql=0
GET /login/ 89.5ms sql=0
GET /files/htmlpdf/editor/2910/ 0.3ms sql=0
GET /login/ 0.7ms sql=0
GET /files/htmlpdf/api/export-json/ 0.2ms sql=0
GET /files/ 0.3ms sql=0
GET /login/ 0.7ms sql=0
GET /files/htmlpdf/template/2319/ 0.3ms sql=0
GET /files/task-management/ 77.9ms sql=62
GET /files/task-management/ 71.9ms sql=60
GET /files/htmlpdf/editor/2261/ 4.3ms sql=7
GET /files/htmlpdf/editor/2261/ 4.5ms sql=7
GET /files/htmlpdf/template/2261/ 14.2ms sql=4
GET /files/htmlpdf/api/template-jsons/ 135.3ms sql=43
GET /files/htmlpdf/api/template-jsons/ 0.3ms sql=0
GET /login/ 0.6ms sql=0
GET /api/v2/library/files/1919/download/ 2.8ms sql=0
GET /api/v2/inspections/projects/260001/tasks/23/export-frontend-json 2.8ms sql=0
GET /files/htmlpdf/editor/2261/ 0.3ms sql=0
GET /login/ 0.5ms sql=0
GET /files/htmlpdf/template/2261/ 0.3ms sql=0
GET /files/task-management/ 0.5ms sql=0
GET /files/task-management/ 67.8ms sql=62
GET /api/v2/inspections/projects/260001/tasks/34/export-frontend-json 124.2ms sql=0
GET /files/task-management/ 0.3ms sql=0
GET /login/ 1.2ms sql=0
GET /api/v2/inspections/projects/260001/tasks/34/submit 3.1ms sql=0
GET /files/htmlpdf/editor/2261/ 4.5ms sql=7
GET /files/htmlpdf/editor/2261/ 4.3ms sql=7
GET /files/htmlpdf/template/2261/ 3.6ms sql=4
GET /files/htmlpdf/api/template-jsons/ 145.4ms sql=43
GET /files/htmlpdf/api/template-jsons/ 0.5ms sql=0
GET /login/ 0.7ms sql=0
GET /files/task-management/ 71.6ms sql=62
GET /files/task-management/ 143.6ms sql=60
GET /files/htmlpdf/template/3179 3.6ms sql=0
GET /files/htmlpdf/template/3179/ 0.3ms sql=0
GET /login/ 0.6ms sql=0
GET /api/v2/library/files/1762/download 5.6ms sql=0
GET /api/v2/library/files/1762/download/ 2.7ms sql=0
GET / 0.3ms sql=0
GET /login/ 0.7ms sql=0
GET / 5.7ms sql=8
GET /files/htmlpdf/ 172.4ms sql=225
GET /files/htmlpdf/ 121.8ms sql=225
GET /files/htmlpdf/ 127.0ms sql=226
GET /files/htmlpdf/ 127.3ms sql=230
GET /files/htmlpdf/editor/2792/ 3.3ms sql=5
GET /files/htmlpdf/editor/2792/ 3.7ms sql=5
GET /files/htmlpdf/api/template-jsons/ 124.1ms sql=13
GET /files/htmlpdf/template/2792/ 1.0ms sql=2
GET / 4.5ms sql=8
GET /files/htmlpdf/ 132.7ms sql=225
GET /files/htmlpdf/ 131.6ms sql=225
GET /files/htmlpdf/ 124.1ms sql=226
GET /files/htmlpdf/editor/2792/ 1.0ms sql=0
GET /login/ 0.6ms sql=0
GET /files/htmlpdf/ 128.9ms sql=230
GET /files/htmlpdf/editor/2792/ 3.7ms sql=5
GET /files/htmlpdf/editor/2792/ 4.0ms sql=5
GET /files/htmlpdf/template/2792/ 6.0ms sql=2
GET /files/htmlpdf/api/template-jsons/ 107.6ms sql=13
GET /files/htmlpdf/api/template-jsons/ 0.3ms sql=0
GET /login/ 0.6ms sql=0
GET /files/task-management/ 69.1ms sql=47
GET /files/task-management/ 39.3ms sql=36
GET /files/task-management/ 37.3ms sql=37
GET /files/task-management/ 49.3ms sql=47
GET /files/task-management/ 63.1ms sql=48
GET /files/htmlpdf/editor/2824/ 3.4ms sql=5
GET /files/htmlpdf/editor/2824/ 4.5ms sql=5
GET /files/htmlpdf/template/2824/ 6.4ms sql=2
GET /files/htmlpdf/api/template-jsons/ 172.1ms sql=13
GET /files/ 518.1ms sql=299
GET /files/htmlpdf/editor/2824/ 0.3ms sql=0
GET /login/ 0.7ms sql=0
GET /files/task-management/ 0.3ms sql=0
GET /login/ 0.7ms sql=0
GET /api/v2/library/files/2915/download 5.6ms sql=0
GET /api/v2/library/files/2915/download/ 2.5ms sql=0
GET /files/task-management/ 0.2ms sql=0
GET /login/ 0.6ms sql=0
GET /api/v2/inspections/projects/260001/tasks/01/files/3476/download/site_record 4.9ms sql=0
GET / 0.3ms sql=0
GET / 0.2ms sql=0
GET /favicon.ico 3.8ms sql=0
GET / 0.2ms sql=0
GET /login/ 0.9ms sql=0
GET / 0.3ms sql=0
GET /login/ 0.8ms sql=0
GET / 0.2ms sql=0
GET /login/ 0.7ms sql=0
GET / 0.2ms sql=0
GET /favicon.ico 3.3ms sql=0
GET /index/index/info 4.7ms sql=0
GET / 0.3ms sql=0
GET /index/index/info 6.3ms sql=0
GET /jw 5.5ms sql=0
GET /api/Event/Products/Average 4.3ms sql=0
GET /index.php/user/login 5.5ms sql=0
GET / 0.2ms sql=0
GET /login/ 0.6ms sql=0
GET /index/index/info 3.3ms sql=0
GET /jw 3.4ms sql=0
GET / 0.2ms sql=0
GET /login/ 1.9ms sql=0
GET /api/Event/Products/Average 3.2ms sql=0
GET /admin/settings.json 10.2ms sql=0
GET /admin/login/ 11.0ms sql=0
GET / 0.3ms sql=0
GET /login/ 0.7ms sql=0
GET / 0.2ms sql=0
GET /login/ 0.7ms sql=0
GET /login/ 0.5ms sql=0
GET / 5.7ms sql=8
GET / 16.8ms sql=0
GET /login/ 3.7ms sql=0
GET /sse 3.6ms sql=0
GET /mcp 3.3ms sql=0
GET / 0.3ms sql=0
GET / 0.1ms sql=0
GET /login/ 0.6ms sql=0
GET / 0.2ms sql=0
GET /login/ 0.6ms sql=0
GET / 0.2ms sql=0
GET /login/ 0.8ms sql=0
GET / 0.2ms sql=0
GET /login/ 0.8ms sql=0
GET / 0.2ms sql=0
GET /login/ 0.7ms sql=0
GET / 0.2ms sql=0
GET /login/ 0.7ms sql=0
GET / 0.2ms sql=0
GET / 0.2ms sql=0
GET /login/ 0.6ms sql=0
GET /login/ 0.9ms sql=0
GET /login/ 0.7ms sql=0
GET / 11.7ms sql=8
GET /logout/ 4.2ms sql=4
GET /login/ 0.8ms sql=0
GET / 3.2ms sql=6
GET /files/ 70.8ms sql=16
GET /files/projects/ 10.3ms sql=5
GET /files/hospital-info/ 3.5ms sql=2
GET /files/hospital-info/ 64.2ms sql=199
GET /files/hospital-info/ 58.7ms sql=196
GET /files/hospital-info/ 52.6ms sql=194
GET /files/commission-manage/ 181.5ms sql=331
GET /files/projects/ 603.5ms sql=1675
GET /files/projects/ 7.9ms sql=4
GET /files/projects/ 6.0ms sql=4
GET /files/projects/ 6.5ms sql=4
GET /files/projects/ 6.0ms sql=4
GET /files/projects/ 6.1ms sql=4
GET /files/commission-manage/ 173.4ms sql=331
GET /files/projects/ 550.8ms sql=1675
GET /files/projects/ 5.8ms sql=4
GET /files/projects/ 554.5ms sql=1675
GET /files/projects/ 11.3ms sql=4
GET /files/projects/ 5.5ms sql=4
GET /files/hospital-info/ 3.1ms sql=2
GET /files/hospital-info/ 52.8ms sql=196
GET /files/hospital-info/ 2.9ms sql=2
GET /users/ 3.4ms sql=2
GET /files/hospital-info/ 3.6ms sql=2
GET /files/hospital-info/ 0.6ms sql=0
GET /files/hospital-info/ 0.1ms sql=0
GET /files/hospital-info/ 0.6ms sql=0
GET /files/hospital-info/ 0.1ms sql=0
GET /files/hospital-info/ 139.5ms sql=233
GET /files/hospital-info/api/equipment/ 33.5ms sql=10
GET /login/ 0.5ms sql=0
GET / 3.1ms sql=6
GET /files/commission-manage/ 172.1ms sql=331
GET /files/hospital-info/ 4.3ms sql=2
GET /files/hospital-info/ 59.3ms sql=199
GET /files/hospital-info/ 74.1ms sql=232
GET /files/hospital-info/ 60.0ms sql=199
GET /files/hospital-info/ 89.8ms sql=200
GET /files/hospital-info/ 86.7ms sql=233
GET /files/hospital-info/ 61.4ms sql=200
GET /files/hospital-info/ 77.3ms sql=232
GET /files/hospital-info/ 118.3ms sql=200
GET /files/ 45.5ms sql=16
GET /files/ 644.4ms sql=764
GET /files/ 538.7ms sql=764
GET /files/ 574.3ms sql=764
GET /files/ 534.1ms sql=764
GET /files/ 494.4ms sql=628
GET /files/ 543.1ms sql=628
GET /files/ 472.9ms sql=628
GET /files/ 495.1ms sql=628
GET /files/ 497.0ms sql=628
GET /files/ 608.3ms sql=764
GET /files/ 562.8ms sql=764
GET /files/ 477.0ms sql=628
GET /files/ 9.0ms sql=10
GET /files/ 1049.9ms sql=1488
GET /files/ 1151.2ms sql=1488
GET /files/hospital-info/ 4.9ms sql=2
GET /files/hospital-info/ 19.0ms sql=13
GET /files/hospital-info/ 25.9ms sql=45
GET /files/hospital-info/ 3.8ms sql=2
GET /files/ 13.5ms sql=16
GET /files/projects/ 9.8ms sql=4
GET /files/commission-manage/ 189.4ms sql=331
GET /files/hospital-info/ 4.6ms sql=2
GET /database/devices/ 16.5ms sql=6
GET /users/ 4.9ms sql=2
GET /files/ 12.5ms sql=16
GET /files/projects/ 6.6ms sql=4
GET /files/projects/ 6.3ms sql=4
GET /files/projects/ 6.6ms sql=4
GET /files/projects/ 7.2ms sql=4
GET /files/projects/ 694.6ms sql=1675
GET /files/projects/ 563.3ms sql=1675
GET /files/projects/ 557.3ms sql=1675
GET /files/projects/ 659.5ms sql=1675
GET /files/projects/ 556.1ms sql=1675
GET /files/projects/ 642.5ms sql=1675
GET /files/projects/ 585.4ms sql=1675
GET /files/projects/ 662.9ms sql=1675
GET /files/commission-manage/ 209.0ms sql=331
GET /files/hospital-info/ 4.5ms sql=2
GET /files/commission-manage/ 197.3ms sql=331
GET /files/ 43.4ms sql=16
GET /files/ 532.0ms sql=628
GET /files/ 512.1ms sql=628
GET /files/ 487.0ms sql=628
GET /files/ 557.1ms sql=764
GET /files/ 637.3ms sql=764
GET /files/ 524.9ms sql=764
GET /files/ 527.9ms sql=764
GET /files/ 640.1ms sql=764
GET /files/ 490.7ms sql=628
GET /files/ 490.0ms sql=628
GET /files/ 488.6ms sql=628
GET /files/ 601.1ms sql=628
GET /files/ 483.2ms sql=628
GET /files/ 513.4ms sql=628
GET /files/ 485.1ms sql=628
GET /files/ 593.5ms sql=628
GET /files/3490/preview/ 2.6ms sql=2
GET /files/3490/raw/ 1.0ms sql=2
GET /files/1760/preview/ 2.1ms sql=2
GET /files/1760/raw/ 1.7ms sql=2
GET /files/ 482.4ms sql=628
GET /files/ 517.7ms sql=628
GET /files/ 506.1ms sql=628
GET /files/3491/preview/ 2.0ms sql=2
GET /files/3491/raw/ 1.0ms sql=2
GET /files/ 507.2ms sql=628
GET /files/ 485.3ms sql=628
GET /files/ 550.0ms sql=628
GET /files/3492/preview/ 2.7ms sql=2
GET /files/3492/raw/ 1.0ms sql=2
GET / 19.2ms sql=0
GET /login/ 6.3ms sql=0
GET /favicon.ico 8.4ms sql=0
GET /login/favicon.ico 3.3ms sql=0
GET /files/ 496.3ms sql=628
GET /files/ 488.3ms sql=628
GET /files/ 598.2ms sql=628
GET /files/3493/preview/ 4.3ms sql=2
GET /files/3493/raw/ 1.6ms sql=2
GET /files/ 497.3ms sql=628
GET /files/ 521.5ms sql=628
GET /files/ 510.1ms sql=628
GET /files/3494/preview/ 2.9ms sql=2
GET /files/3494/raw/ 1.6ms sql=2
GET /users/ 3.8ms sql=2
GET /users/create/ 4.4ms sql=2
GET /files/ 11.3ms sql=16
GET / 0.3ms sql=0
GET / 0.3ms sql=0
GET /login/ 6.8ms sql=0
GET /files/ 44.3ms sql=16
GET /help/coordinator/ 3.8ms sql=1
GET /help/coordinator/overview/ 3.6ms sql=1
GET /help/coordinator/overview/ 1.9ms sql=1
GET /help/coordinator/commission/ 3.2ms sql=1
GET /help/coordinator/project/ 2.6ms sql=1
GET /help/coordinator/hospital/ 2.1ms sql=1
GET /help/coordinator/users/ 2.1ms sql=1
GET /help/coordinator/files/ 2.8ms sql=1
GET /help/coordinator/records/ 2.1ms sql=1
GET /help/coordinator/workflow/ 3.0ms sql=1
GET /help/coordinator/tips/ 53.2ms sql=1
GET /help/coordinator/workflow/ 2.0ms sql=1
GET /help/coordinator/tips/ 1.9ms sql=1
GET /help/coordinator/overview/ 2.0ms sql=1
GET /help/coordinator/ 3.2ms sql=1
GET / 19.8ms sql=0
GET /mcp 3.3ms sql=0
GET /help/coordinator/ 9.1ms sql=1
GET /files/hospital-info/ 11.9ms sql=2
GET /users/ 4.7ms sql=2
GET /files/projects/ 66.0ms sql=5
GET /files/projects/ 10.4ms sql=4
GET /help/coordinator/ 3.6ms sql=1
GET /help/coordinator/ 2.8ms sql=1
GET /help/coordinator/ 3.6ms sql=1
GET /files/hospital-info/ 4.1ms sql=2
GET /users/ 4.8ms sql=2
GET /files/projects/ 6.5ms sql=4
GET /files/projects/ 7.2ms sql=4
GET /help/coordinator/ 3.6ms sql=1
GET /help/coordinator/ 25.8ms sql=1
GET /files/hospital-info/ 7.2ms sql=2
GET /help/coordinator/ 3.2ms sql=1
GET /help/coordinator/ 5.1ms sql=1
GET /files/hospital-info/ 8.3ms sql=2
GET /help/coordinator/ 3.5ms sql=1
GET /files/hospital-info/ 5.8ms sql=2
GET /users/ 7.2ms sql=2
GET /files/projects/ 53.2ms sql=5
GET /files/projects/ 8.7ms sql=4
GET /help/coordinator/ 3.8ms sql=1
GET /users/ 25.9ms sql=2
GET /users/create/ 5.7ms sql=2
GET /users/ 4.5ms sql=2
GET /database/devices/ 20.2ms sql=6
GET /database/devices/ 63.2ms sql=7
GET /database/devices/ 16.4ms sql=6
GET /database/devices/ 48.6ms sql=6
GET /database/devices/ 68.3ms sql=6
GET /database/devices/ 14.7ms sql=6
GET /database/devices/ 19.7ms sql=6
GET /database/devices/ 22.0ms sql=6
GET /database/devices/ 20.4ms sql=6
GET /database/devices/ 14.0ms sql=6
GET /users/ 40.1ms sql=2
GET /users/create/ 3.9ms sql=2
GET /users/ 4.3ms sql=3
GET /logout/ 4.4ms sql=4
GET /login/ 1.0ms sql=0
GET / 5.6ms sql=10
GET /files/hospital-info/ 6.9ms sql=3
GET /database/devices/ 75.2ms sql=7
GET /files/projects/ 13.5ms sql=7
GET /files/ 16.6ms sql=18
GET / 0.8ms sql=0
GET /login/ 3.4ms sql=0
GET / 8.6ms sql=9
GET / 0.2ms sql=0
GET /login/ 1.3ms sql=0
GET / 0.3ms sql=0
GET /login/ 0.6ms sql=0
GET /files/projects/ 14.2ms sql=7
GET /files/projects/ 7.1ms sql=7
GET /files/projects/ 7.0ms sql=7
GET / 5.2ms sql=9
GET /files/projects/create-wizard-options/ 31.0ms sql=83
GET /files/projects/ 65.1ms sql=153
GET /files/ 26.6ms sql=37
GET /files/ 21.8ms sql=37
GET /files/ 10.9ms sql=21
GET /files/ 383.2ms sql=819
GET /files/hospital-info/ 7.3ms sql=3
GET /database/devices/ 25.7ms sql=7
GET /files/ 1218.2ms sql=3015
GET /files/projects/ 6.3ms sql=6
GET /files/ 9.5ms sql=18
GET /files/projects/ 153.1ms sql=427
GET /files/ 22.2ms sql=37
GET /database/devices/ 27.8ms sql=7
GET /files/projects/ 10.4ms sql=6
GET /files/projects/ 7.8ms sql=6
GET /files/projects/ 9.2ms sql=6
GET /files/projects/ 9.1ms sql=6
GET /files/projects/ 144.7ms sql=405
GET /files/projects/ 146.4ms sql=405
GET /files/projects/ 148.2ms sql=405
GET /files/projects/ 145.0ms sql=405
GET /files/projects/ 143.4ms sql=405
GET /files/projects/ 151.0ms sql=427
GET /files/projects/ 142.5ms sql=405
GET /files/hospital-info/ 4.9ms sql=3
GET /database/devices/ 19.1ms sql=10
GET /logout/ 6.9ms sql=4
GET /login/ 0.6ms sql=0
GET / 5.6ms sql=6
GET /files/ 19.0ms sql=39
GET /files/projects/ 0.3ms sql=0
GET /files/commission-manage/ 255.5ms sql=435
GET /files/ 0.3ms sql=0
GET /login/ 0.7ms sql=0
GET /files/projects/ 7.0ms sql=7
GET /files/hospital-info/ 5.0ms sql=3
GET /files/ 24.1ms sql=40
GET /files/ 17.6ms sql=38
GET /files/ 25.2ms sql=38
GET /files/ 3093.1ms sql=9000
GET /files/ 1140.8ms sql=3028
GET /files/ 1139.8ms sql=3140
GET /files/ 17.6ms sql=23
GET /files/ 2215.1ms sql=5520
GET /users/ 4.3ms sql=3
GET /users/15/edit/ 6.0ms sql=7
GET /files/ 2113.9ms sql=5520
GET /files/ 7350.1ms sql=5520
GET /files/ 2328.4ms sql=5520
GET /files/ 2094.0ms sql=5520
GET /files/ 31.3ms sql=73
GET /files/process/ 6.6ms sql=4
GET / 4.3ms sql=7
GET /help/usage/ 5.5ms sql=2
GET /files/projects/ 7.2ms sql=7
GET /database/devices/ 0.2ms sql=0
GET /login/ 0.7ms sql=0
GET /files/ 3120.9ms sql=9000
GET /files/task-management/ 47.1ms sql=43
GET /files/task-management/ 48.8ms sql=43
GET /files/task-management/ 46.0ms sql=43
GET /files/task-management/ 122.8ms sql=44
GET /files/task-management/ 59.5ms sql=60
GET /files/task-management/ 56.2ms sql=60
GET /files/projects/ 9.1ms sql=7
GET /files/htmlpdf/ 399.6ms sql=980
GET /files/projects/ 7.5ms sql=4
GET /files/projects/ 7.2ms sql=4
GET /files/htmlpdf/ 351.0ms sql=980
GET /files/htmlpdf/ 352.4ms sql=981
GET /help/usage/htmlpdf/ 4.7ms sql=4
GET /files/projects/ 6.9ms sql=4
GET /files/projects/ 8.2ms sql=4
GET /files/projects/ 670.5ms sql=1695
GET /help/usage/htmlpdf/ 3.2ms sql=2
GET /files/projects/ 600.2ms sql=1695
GET /files/projects/ 598.8ms sql=1695
GET /help/usage/tasks/ 5.2ms sql=2
GET /files/projects/ 677.2ms sql=1696
GET /help/usage/ 2.9ms sql=2
GET /help/usage/overview/ 29.3ms sql=4
GET /files/ 27.3ms sql=17
GET /api/v2/auth/token/refresh/ 34.8ms sql=0
GET /files/ 1350.6ms sql=1495
GET /files/ 1100.7ms sql=1495
GET /files/ 1206.1ms sql=1495
GET /files/ 1116.5ms sql=1495
GET /files/ 1243.5ms sql=1495
GET /files/ 554.3ms sql=767
GET /files/3500/preview/ 23.8ms sql=2
GET /files/3500/raw/ 1.0ms sql=2
GET /api/v2/library/files/2927/download/ 5.3ms sql=0
GET /files/ 24.1ms sql=17
GET /files/ 1161.0ms sql=1495
GET /files/ 1091.7ms sql=1495
GET /files/ 1259.6ms sql=1495
GET /files/ 1373.9ms sql=1495
GET /files/ 1109.6ms sql=1495
GET /files/3499/preview/ 3.0ms sql=2
GET /help/usage/project/ 5.6ms sql=4
GET /files/ 12.2ms sql=17
GET /files/ 1337.3ms sql=1495
GET /files/ 2330.6ms sql=1495
GET /files/ 1183.8ms sql=1495
GET /help/usage/files/ 5.6ms sql=4
GET /files/ 1125.6ms sql=1495
GET /files/ 1117.1ms sql=1495
GET /files/3496/preview/ 3.2ms sql=2
GET /files/3496/raw/ 1.2ms sql=2
GET /help/usage/ 27.7ms sql=4
GET /files/projects/ 20.3ms sql=8
GET /files/ 29.8ms sql=38
GET /files/ 628.6ms sql=767
GET /files/ 644.3ms sql=767
GET /files/ 573.4ms sql=767
GET /files/ 562.0ms sql=767
GET /files/ 580.7ms sql=767
GET /files/ 670.7ms sql=767
GET /files/3500/preview/ 3.2ms sql=2
GET /files/3500/raw/ 1.8ms sql=2
GET /files/ 1219.0ms sql=3153
GET /files/projects/ 37.2ms sql=10
GET /help/usage/files/ 1.6ms sql=0
GET /login/ 6.4ms sql=0
GET /files/projects/ 0.3ms sql=0
GET /login/ 0.7ms sql=0
GET /help/usage/project/ 18.3ms sql=0
GET /login/ 4.1ms sql=0
GET /files/task-management/ 0.3ms sql=0
GET /login/ 0.7ms sql=0
GET /files/projects/create-wizard-options/ 20.8ms sql=83
GET /files/projects/ 38.6ms sql=18
GET / 9.5ms sql=9
GET /files/ 49.2ms sql=38
GET /files/ 97.9ms sql=38
GET /files/ 48.5ms sql=38
GET /files/ 42.7ms sql=19
GET /files/ 43.4ms sql=19
GET / 6.0ms sql=7
GET /files/htmlpdf/ 360.7ms sql=980
GET /files/task-management/ 47.9ms sql=43
GET /database/devices/ 77.4ms sql=10
GET /files/hospital-info/ 7.6ms sql=3
GET /database/devices/ 20.8ms sql=10
GET /files/ 45.3ms sql=19
GET /files/ 45.1ms sql=19
GET /files/projects/ 16.6ms sql=4
GET /files/ 43.2ms sql=19
GET /files/ 42.7ms sql=19
GET /files/projects/ 24.9ms sql=12
GET /files/projects/ 24.8ms sql=12
GET /files/process/ 0.8ms sql=0
GET /login/ 1.2ms sql=0
GET /api/v2/inspections/projects/260001/tasks/01/submit 5.4ms sql=0
GET /help/usage/tour/start/ 0.3ms sql=0
GET /login/ 0.7ms sql=0
GET /files/ 47.1ms sql=18
GET / 1.1ms sql=0
GET /api/v2/inspections/projects 6.5ms sql=0
GET /help/usage/tasks/ 0.2ms sql=0
GET /login/ 2.4ms sql=0
GET /favicon.ico 4.4ms sql=0
GET / 0.2ms sql=0
GET /login/ 0.9ms sql=0
GET / 0.2ms sql=0
GET /login/ 0.7ms sql=0
GET /files/task-management/ 0.8ms sql=0
GET /login/ 5.0ms sql=0
GET /database/devices/ 46.5ms sql=12
GET /files/task-management/ 78.7ms sql=46
GET /database/devices/ 23.2ms sql=10
GET /files/hospital-info/ 6.5ms sql=3
GET /files/commission-manage/ 295.3ms sql=751
GET /files/hospital-info/ 12.2ms sql=5
GET /database/devices/ 30.8ms sql=10
GET /files/task-management/ 102.4ms sql=44
GET /files/htmlpdf/ 364.1ms sql=980
GET /help/usage/ 3.8ms sql=2
GET /files/htmlpdf/ 357.4ms sql=980
GET /files/task-management/ 44.3ms sql=43
GET /database/devices/ 29.0ms sql=10
GET /files/hospital-info/ 4.5ms sql=3
GET /files/commission-manage/ 295.9ms sql=751
GET /files/projects/ 9.7ms sql=7
GET /files/ 92.4ms sql=37
GET /files/commission-manage/ 305.9ms sql=751
GET /files/projects/ 6.9ms sql=7
GET /files/ 17.2ms sql=37
GET /files/ 17.0ms sql=37
GET /files/ 76.0ms sql=37
GET /files/ 22.9ms sql=37
GET /files/projects/ 7.4ms sql=7
GET /files/commission-manage/ 282.3ms sql=751
GET /files/hospital-info/ 4.3ms sql=3
GET /database/devices/ 18.6ms sql=10
GET /files/task-management/ 44.4ms sql=43
GET /files/htmlpdf/ 356.3ms sql=980
GET /files/hospital-info/ 4.3ms sql=3
GET /files/commission-manage/ 281.7ms sql=751
GET /files/projects/ 10.2ms sql=7
GET /files/ 19.0ms sql=37
GET /files/projects/ 10.0ms sql=7
GET /files/commission-manage/ 336.1ms sql=751
GET /files/projects/ 630.9ms sql=1708
GET /files/commission-manage/ 371.6ms sql=753
GET /files/hospital-info/ 11.3ms sql=3
GET /database/devices/ 23.1ms sql=10
GET /files/ 33.6ms sql=39
GET /files/ 423.0ms sql=819
GET /files/ 370.4ms sql=819
GET /files/ 1191.1ms sql=3031
GET /files/ 376.4ms sql=819
GET /files/commission-manage/ 0.9ms sql=0
GET /login/ 1.1ms sql=0
GET /files/ 1152.0ms sql=3031
GET /files/ 1218.2ms sql=3150
GET /files/ 12.8ms sql=18
GET /help/coordinator/ 3.7ms sql=1
GET /users/ 6.8ms sql=3
GET /users/15/delete/ 4.1ms sql=4
GET /users/ 5.2ms sql=2
GET /files/commission-manage/ 340.3ms sql=905
GET /files/projects/ 9.8ms sql=8
GET /files/hospital-info/ 5.6ms sql=3
GET /files/projects/ 10.6ms sql=7
GET /files/ 22.0ms sql=39
GET /files/hospital-info/ 6.3ms sql=3
GET /database/devices/ 23.3ms sql=10
GET /files/task-management/ 64.5ms sql=43
GET /files/htmlpdf/ 357.3ms sql=980
GET /files/hospital-info/ 4.6ms sql=3
GET /files/commission-manage/ 341.5ms sql=903
GET /files/projects/ 10.7ms sql=7
GET /files/commission-manage/ 329.0ms sql=903
GET /files/task-management/ 127.3ms sql=43
GET /files/htmlpdf/ 381.2ms sql=980
GET /files/task-management/ 44.3ms sql=43
GET /database/devices/ 20.9ms sql=10
GET /files/ 17.3ms sql=18
GET /files/ 1105.3ms sql=1496
GET /files/ 1198.5ms sql=1496
GET /files/ 1121.9ms sql=1496
GET /files/ 1108.1ms sql=1496
GET /files/ 1214.9ms sql=1496
GET /files/ 1119.6ms sql=1496
GET /files/hospital-info/ 4.7ms sql=3
GET /files/commission-manage/ 298.5ms sql=751
GET /files/projects/ 7.2ms sql=7
GET /files/ 1125.7ms sql=1496
GET /files/ 1091.1ms sql=1496
GET /files/ 1185.7ms sql=1496
GET /files/ 1096.0ms sql=1496
GET /files/ 1324.3ms sql=1496
GET /files/ 552.4ms sql=772
GET /files/ 554.1ms sql=772
GET /files/ 546.5ms sql=772
GET /files/ 542.9ms sql=772
GET /files/ 654.1ms sql=772
GET /files/ 866.0ms sql=772
GET /files/ 549.5ms sql=772
GET /files/ 668.0ms sql=772
GET /files/3501/preview/ 4.7ms sql=2
GET /files/3501/raw/ 1.5ms sql=2
GET /users/ 6.7ms sql=2
GET /files/commission-manage/ 243.7ms sql=483
GET /files/projects/ 97.7ms sql=250
GET /files/projects/ 97.6ms sql=249
GET /files/projects/ 104.5ms sql=271
GET /files/projects/ 129.7ms sql=249
GET /files/projects/ 99.7ms sql=249
GET /files/projects/ 94.5ms sql=249
GET /files/projects/ 99.6ms sql=249
GET /files/projects/ 144.9ms sql=249
GET /files/projects/ 99.4ms sql=249
GET /files/projects/ 97.1ms sql=249
GET /files/projects/ 143.3ms sql=395
GET /files/projects/ 99.6ms sql=249
GET /files/projects/ 141.6ms sql=395
GET /api/v2/library/files/2824/download/ 5.2ms sql=0
GET /api/v2/inspections/projects/260001/tasks/32/export-frontend-json 3.1ms sql=0
GET /api/v2/inspections/projects/260001/tasks/40/export-frontend-json 2.9ms sql=0
GET /files/projects/ 174.5ms sql=395
GET /files/projects/ 8.6ms sql=4
GET /files/commission-manage/ 240.7ms sql=483
GET /files/projects/ 98.5ms sql=249
GET /files/projects/ 7.4ms sql=4
GET /files/commission-manage/ 244.9ms sql=483
GET /files/projects/ 93.2ms sql=249
GET /files/projects/ 96.4ms sql=249
GET /files/projects/ 7.1ms sql=4
GET /files/projects/ 10.2ms sql=4
GET /files/projects/ 7.2ms sql=4
GET /files/projects/ 7.2ms sql=4
GET /files/projects/ 586.2ms sql=1701
GET /files/projects/ 685.6ms sql=1702
GET /files/projects/ 841.2ms sql=1701
GET /files/projects/ 565.6ms sql=1701
GET /files/projects/ 615.9ms sql=1701
GET /api/v2/library/files/2026/download/ 24.9ms sql=0
GET /files/projects/ 678.7ms sql=2015
GET /files/projects/ 722.7ms sql=2014
GET /files/projects/ 685.2ms sql=2014
GET /files/projects/ 653.5ms sql=2014
GET /files/projects/ 193.8ms sql=518
GET /files/projects/ 120.3ms sql=316
GET /files/projects/ 237.0ms sql=518
GET /files/projects/ 131.2ms sql=316
GET /files/ 38.7ms sql=18
GET /files/ 610.7ms sql=776
GET /files/ 579.9ms sql=776
GET /files/ 586.3ms sql=776
GET /files/ 573.1ms sql=776
GET /files/3503/preview/ 3.3ms sql=2
GET /files/3503/raw/ 1.1ms sql=2
GET /files/ 605.8ms sql=780
GET /files/3509/preview/ 3.6ms sql=2
GET /files/3509/raw/ 1.1ms sql=2
GET /files/ 623.2ms sql=780
GET /files/ 557.9ms sql=634
GET /files/ 493.7ms sql=634
GET /files/ 481.8ms sql=634
GET /files/3510/preview/ 2.4ms sql=2
GET /files/3510/raw/ 1.1ms sql=2
GET /api/v2/library/files/2915/download/ 2.9ms sql=0
GET /api/v2/inspections/projects/260001/tasks/45/submit 2.9ms sql=0
GET /files/ 30.1ms sql=18
GET /files/ 582.4ms sql=780
GET /files/ 570.8ms sql=780
GET /files/ 637.1ms sql=780
GET /files/ 552.5ms sql=780
GET /files/ 618.7ms sql=780
GET /files/ 486.0ms sql=637
GET /files/ 486.3ms sql=637
GET /files/ 513.6ms sql=637
GET /files/3511/preview/ 3.1ms sql=2
GET /files/3511/raw/ 1.1ms sql=2
GET /files/ 1188.2ms sql=1520
GET /files/ 1117.5ms sql=1520
GET /files/ 1208.2ms sql=1520
GET /files/ 1204.9ms sql=1520
GET /files/ 591.1ms sql=784
GET /files/ 555.8ms sql=784
GET /files/ 558.8ms sql=784
GET /files/ 596.8ms sql=784
GET /files/3512/preview/ 3.3ms sql=2
GET /files/3512/raw/ 2.9ms sql=2
GET /files/hospital-info/ 5.3ms sql=2
GET /files/hospital-info/ 64.1ms sql=200
GET /files/hospital-info/ 60.8ms sql=197
GET /files/hospital-info/ 56.6ms sql=195
GET /files/projects/ 15.6ms sql=5
GET /files/projects/ 7.1ms sql=4
GET /files/projects/ 174.2ms sql=496
GET /files/hospital-info/ 3.9ms sql=2
GET /files/hospital-info/ 60.4ms sql=200
GET /files/hospital-info/ 62.3ms sql=197
GET /files/hospital-info/ 64.5ms sql=195
GET /files/projects/ 11.1ms sql=4
GET /files/projects/ 11.9ms sql=4
GET /files/projects/ 190.5ms sql=496
GET /files/projects/ 117.5ms sql=294
GET /files/hospital-info/ 4.0ms sql=2
GET /files/hospital-info/ 6.3ms sql=2
GET /files/hospital-info/ 14.9ms sql=13
GET /files/hospital-info/ 35.3ms sql=44
GET /files/hospital-info/api/equipment/ 3.9ms sql=7
GET /files/hospital-info/api/equipment/ 5.8ms sql=7
GET /files/hospital-info/ 24.1ms sql=40
GET /files/hospital-info/api/equipment/ 2.3ms sql=3
GET /files/hospital-info/api/equipment/ 2.6ms sql=4
GET /files/hospital-info/ 14.6ms sql=25
GET /files/projects/ 7.8ms sql=4
GET /files/projects/ 8.2ms sql=4
GET /files/projects/ 11.6ms sql=4
GET /files/projects/create-wizard-options/ 6.5ms sql=11
GET /files/projects/ 73.6ms sql=139
GET /files/projects/ 85.6ms sql=139
GET /files/projects/ 74.1ms sql=139
GET /files/projects/ 93.0ms sql=139
GET /files/projects/ 87.8ms sql=139
GET /files/projects/ 74.9ms sql=139
GET /files/projects/ 81.6ms sql=139
GET /files/projects/ 96.9ms sql=139
GET /files/projects/ 81.0ms sql=139
GET /files/projects/ 73.3ms sql=139
GET /files/projects/ 77.0ms sql=139
GET /files/commission-manage/ 330.3ms sql=501
GET /api/v2/registry/instruments/1/ 5.3ms sql=0
GET /files/task-management/ 0.9ms sql=0
GET /api/v2/library/files/2927/download 11.0ms sql=0
GET /help/usage/tour/start 5.6ms sql=0
GET /login/ 2.1ms sql=0
GET /api/v2/library/files/2927/download/ 2.9ms sql=0
GET /help/usage/tour/start/ 0.2ms sql=0
GET /login/ 0.7ms sql=0
GET /files/ 13.5ms sql=20
GET /files/ 668.4ms sql=790
GET /files/ 612.9ms sql=790
GET /files/ 1174.9ms sql=790
GET /files/ 599.0ms sql=790
GET /files/3519/preview/ 3.6ms sql=2
GET /files/3519/raw/ 1.6ms sql=2
GET /files/ 642.7ms sql=790
GET /files/ 500.6ms sql=642
GET /files/ 495.4ms sql=642
GET /files/ 519.6ms sql=642
GET /files/3520/preview/ 2.4ms sql=2
GET /files/3520/raw/ 1.1ms sql=2
GET /files/ 19.1ms sql=20
GET /files/ 699.5ms sql=790
GET /files/ 600.7ms sql=790
GET /files/ 557.5ms sql=790
GET /files/ 677.6ms sql=790
GET /files/ 571.3ms sql=790
GET /files/ 614.8ms sql=645
GET /files/ 525.6ms sql=645
GET /files/ 500.7ms sql=645
GET /files/3521/preview/ 2.5ms sql=2
GET /files/3521/raw/ 2.2ms sql=2
GET /api/v2/inspections/projects/260001/tasks/45/files/3519/download/site_record 3.3ms sql=0
GET /files/3521/download/ 1.1ms sql=2
GET /files/3521/download/ 1.0ms sql=2
GET /api/v2/inspections/projects/260001/tasks/45/files/site_record 3.4ms sql=0
GET /files/ 562.6ms sql=790
GET /files/ 564.4ms sql=790
GET /files/3519/preview/ 3.3ms sql=2
GET /files/3519/raw/ 1.1ms sql=2
GET / 0.3ms sql=0
GET /login/ 0.7ms sql=0
GET /files/ 13.3ms sql=20
GET /files/ 569.4ms sql=794
GET /files/ 588.4ms sql=794
GET /files/ 13.1ms sql=20
GET /files/ 642.7ms sql=794
GET /files/ 596.9ms sql=794
GET /files/ 1261.4ms sql=794
GET /files/ 565.9ms sql=794
GET /files/3528/preview/ 3.4ms sql=2
GET /files/3528/raw/ 1.1ms sql=2
GET /files/ 574.9ms sql=794
GET /files/ 495.7ms sql=648
GET /files/ 626.2ms sql=648
GET /files/ 505.4ms sql=648
GET /files/3529/preview/ 3.4ms sql=2
GET /files/3529/raw/ 1.5ms sql=2
GET /files/3529/download/ 1.5ms sql=2
GET /files/3529/download/ 1.0ms sql=2
GET /files/3529/preview/ 3.8ms sql=2
GET /files/3529/raw/ 1.9ms sql=2
GET /api/v2/inspections/projects/260001/tasks/45/files/3528/download/site_record 3.5ms sql=0
GET /files/commission-manage/ 252.4ms sql=501
GET /files/ 12.7ms sql=20
GET /files/ 529.7ms sql=648
GET /files/ 509.3ms sql=648
GET /files/ 634.4ms sql=648
GET /files/3529/preview/ 2.4ms sql=2
GET /files/3529/raw/ 1.5ms sql=2
GET /files/commission-manage/ 250.1ms sql=501
GET /files/commission-manage/ 285.8ms sql=501
GET / 0.3ms sql=0
GET /login/ 1.0ms sql=0
GET / 0.2ms sql=0
GET /login/ 0.7ms sql=0
GET / 9.2ms sql=9
GET /files/projects/ 11.6ms sql=7
GET /files/projects/create-wizard-options/ 6.6ms sql=11
GET /files/projects/ 53.9ms sql=82
GET / 0.2ms sql=0
GET / 0.3ms sql=0
GET /login/ 0.9ms sql=0
GET /files/projects/ 0.3ms sql=0
GET /login/ 0.9ms sql=0
GET /api/v2/registry/instruments/1 5.3ms sql=0
GET /api/v2/registry/instruments/1/ 3.0ms sql=0
GET / 0.3ms sql=0
GET /login/ 2.0ms sql=0
GET / 0.3ms sql=0
GET / 0.2ms sql=0
GET /login/ 0.6ms sql=0
GET / 0.2ms sql=0
GET /login/ 0.6ms sql=0
GET / 0.3ms sql=0
GET /login/ 0.9ms sql=0
GET /favicon.ico 5.4ms sql=0
GET / 0.3ms sql=0
GET /login/ 0.8ms sql=0
GET / 5.1ms sql=9
GET /api/v2/inspections/projects/260001/tasks 3.7ms sql=0
GET / 0.2ms sql=0
GET /login/ 0.9ms sql=0
GET /api/v2/library/files/1991/download/ 4.0ms sql=0
GET /api/v2/library/files/1558/download/ 2.5ms sql=0
GET /files/ 27.3ms sql=39
GET /files/task-management/ 77.3ms sql=43
GET /files/task-management/ 62.0ms sql=60
GET /files/htmlpdf/ 400.7ms sql=993
GET /files/htmlpdf/editor/1740/ 3.9ms sql=7
GET /files/htmlpdf/editor/1740/ 4.0ms sql=7
GET /files/htmlpdf/api/template-jsons/ 57.7ms sql=84
GET /files/htmlpdf/template/1740/ 1.8ms sql=4
GET / 5.7ms sql=7
GET /files/ 25.7ms sql=37
GET /files/ 1247.9ms sql=3141
GET /api/v2/library/files/1927/download/ 13.4ms sql=0
GET /api/v2/inspections/projects/260001/tasks/24/export-frontend-json 2.9ms sql=0
GET /files/ 1316.5ms sql=3141
GET /api/v2/auth/token/refresh/ 94.2ms sql=0
GET /files/task-management/ 68.7ms sql=43
GET /files/htmlpdf/api/import-json-from-library/ 0.3ms sql=0
GET /login/ 0.7ms sql=0
GET /files/htmlpdf/template/1740/ 0.3ms sql=0
GET /login/ 0.8ms sql=0
GET /api/v2/inspections/projects/260001/tasks/18/export-frontend-json 2.9ms sql=0
GET /api/v2/inspections/projects/260001/tasks/23/export-frontend-json 2.9ms sql=0
GET /files/task-management/ 0.3ms sql=0
GET /login/ 0.7ms sql=0
GET /files/htmlpdf/ 0.4ms sql=0
GET /files/htmlpdf/editor/1740/ 0.4ms sql=0
GET /login/ 0.7ms sql=0
GET /files/ 40.4ms sql=39
GET /files/ 1259.4ms sql=3155
GET /files/ 1184.9ms sql=3155
GET /files/ 1301.3ms sql=3155
GET /files/ 1194.9ms sql=3155
GET /files/ 1284.7ms sql=3155
GET /files/ 1510.0ms sql=3248
GET /files/ 1184.1ms sql=3248
GET /files/ 1293.0ms sql=3248
GET /files/3536/preview/ 4.2ms sql=7
GET /files/3536/raw/ 4.0ms sql=6
GET /files/ 0.4ms sql=0
GET /files/htmlpdf/ 350.4ms sql=980
GET /files/htmlpdf/ 374.4ms sql=993
GET /files/htmlpdf/editor/1947/ 6.4ms sql=7
GET /files/htmlpdf/editor/1947/ 6.9ms sql=7
GET /files/htmlpdf/api/template-jsons/ 31.7ms sql=42
GET /files/htmlpdf/template/1947/ 2.6ms sql=4
GET /files/htmlpdf/template/1927/ 1.8ms sql=4
GET /files/task-management/ 61.3ms sql=60
GET /files/3536/preview/ 6.6ms sql=7
GET /files/3536/raw/ 4.4ms sql=6
GET /files/htmlpdf/ 374.1ms sql=995
GET /files/htmlpdf/editor/1947/ 4.8ms sql=7
GET /files/htmlpdf/editor/1947/ 6.3ms sql=7
GET /files/htmlpdf/api/template-jsons/ 33.8ms sql=42
GET /files/htmlpdf/template/1947/ 2.6ms sql=4
GET /files/htmlpdf/api/template-jsons/ 0.4ms sql=0
GET /login/ 0.7ms sql=0
GET /files/htmlpdf/template/1927/ 2.7ms sql=4
GET /files/htmlpdf/ 0.4ms sql=0
GET /login/ 0.6ms sql=0
GET /files/ 1172.2ms sql=3155
GET /files/htmlpdf/api/site-template-bundle/ 0.4ms sql=0
GET /login/ 0.7ms sql=0
GET /files/ 20.3ms sql=37
GET /files/htmlpdf/template/1947/ 0.3ms sql=0
GET /login/ 0.9ms sql=0
GET /files/3536/preview/ 0.4ms sql=0
GET /login/ 0.9ms sql=0
GET /files/ 0.3ms sql=0
GET /files/task-management/ 0.3ms sql=0
GET /login/ 0.6ms sql=0
GET /api/v2/library/files/1991/download 5.6ms sql=0
GET /api/v2/library/files/1991/download/ 3.8ms sql=0
GET /files/task-management 5.6ms sql=0
GET /files/task-management/ 0.4ms sql=0
GET /login/ 0.8ms sql=0
GET /files/task-management/ 0.4ms sql=0
GET /login/ 0.9ms sql=0
GET /login/ 0.6ms sql=0
GET / 0.3ms sql=0
GET /login/ 0.7ms sql=0
GET / 0.2ms sql=0
GET /files/ 17.1ms sql=39
GET /api/v2/inspections/projects/260001/tasks/26/export-frontend-json 2.9ms sql=0
GET /api/v2/library/files/2024/download/ 3.6ms sql=0
GET /files/ 1146.2ms sql=3213
GET /files/ 1199.8ms sql=3211
GET /files/ 1128.2ms sql=3211
GET /files/ 1126.5ms sql=3211
GET /files/3548/preview/ 4.8ms sql=7
GET /files/3548/raw/ 2.2ms sql=6
GET /files/ 17.5ms sql=37
GET /files/ 1115.2ms sql=3248
GET /files/ 1174.4ms sql=3248
GET /files/ 1115.7ms sql=3248
GET /files/3536/preview/ 4.5ms sql=7
GET /files/3536/raw/ 2.4ms sql=6
GET /login/ 0.6ms sql=0
GET / 6.1ms sql=9
GET /files/ 17.1ms sql=37
GET /files/ 17.2ms sql=37
GET /files/ 18.3ms sql=37
GET /files/ 17.7ms sql=37
GET /files/ 18.1ms sql=37
GET /files/ 1516.2ms sql=4983
GET /files/ 1139.8ms sql=3225
GET /files/ 1106.8ms sql=3225
GET /files/ 1217.3ms sql=3225
GET /files/ 1131.2ms sql=3225
GET /files/ 1261.5ms sql=3225
GET /files/ 1250.7ms sql=3225
GET /files/ 1137.9ms sql=3261
GET /files/ 1200.6ms sql=3261
GET /files/3548/preview/ 0.4ms sql=0
GET /files/ 1138.4ms sql=3261
GET /files/3551/preview/ 5.4ms sql=7
GET /files/3551/raw/ 2.8ms sql=6
GET /files/3551/raw/ 0.3ms sql=0
GET /files/ 0.3ms sql=0
GET /login/ 0.8ms sql=0
GET /api/v2/inspections/projects/260001/tasks/32/export-frontend-json 3.4ms sql=0
GET /files/ 19.1ms sql=39
GET /files/ 23.4ms sql=39
GET /files/ 1242.6ms sql=3239
GET /files/ 1315.4ms sql=3239
GET /files/ 1217.1ms sql=3239
GET /files/ 1201.7ms sql=3239
GET /files/ 1289.6ms sql=3239
GET /files/ 2097.1ms sql=3274
GET /files/ 1285.4ms sql=3274
GET /files/ 1226.4ms sql=3274
GET /files/3558/preview/ 4.4ms sql=7
GET /files/3558/raw/ 3.4ms sql=6
GET /files/3558/raw/ 0.3ms sql=0
GET /files/3558/preview/ 0.3ms sql=0
GET /login/ 0.9ms sql=0
GET /files/ 0.3ms sql=0
GET /login/ 0.6ms sql=0
GET /api/v2/library/files/2026/download 5.5ms sql=0
GET /api/v2/library/files/2026/download/ 2.8ms sql=0
GET / 0.3ms sql=0
GET /login/ 0.6ms sql=0
GET / 0.3ms sql=0
GET /login/ 0.9ms sql=0
GET / 0.4ms sql=0
GET /login/ 0.7ms sql=0
GET / 0.3ms sql=0
GET /login/ 0.9ms sql=0
GET /console 3.9ms sql=0
GET / 0.3ms sql=0
GET /login/ 0.7ms sql=0
GET / 0.3ms sql=0
GET /login/ 0.6ms sql=0
GET /api/v2/inspections/projects 3.5ms sql=0
GET / 0.3ms sql=0
GET /api/filter 3.3ms sql=0
GET /article 3.3ms sql=0
GET / 0.2ms sql=0
GET /login/ 0.9ms sql=0
GET /browse 5.8ms sql=0
GET /filter 5.9ms sql=0
GET /find 4.1ms sql=0
GET /articles 3.5ms sql=0
GET /api/query 4.2ms sql=0
GET /search 3.5ms sql=0
GET / 0.4ms sql=0
GET / 0.3ms sql=0
GET /login/ 0.9ms sql=0
GET /favicon.ico 5.4ms sql=0
GET / 0.3ms sql=0
GET /login/ 0.8ms sql=0
GET /api/v2/inspections/projects/260001/tasks 4.0ms sql=0
GET /api/v2/inspections/projects/260001/tasks 3.1ms sql=0
GET / 0.4ms sql=0
GET /login/ 0.9ms sql=0
GET / 0.3ms sql=0
GET /login/ 0.6ms sql=0
GET / 0.3ms sql=0
GET /login/ 0.9ms sql=0
GET /api/v2/inspections/projects 2.5ms sql=0
GET /login/ 0.9ms sql=0
GET / 8.8ms sql=6
GET /logout/ 4.7ms sql=4
GET /login/ 0.9ms sql=0
GET / 4.8ms sql=8
GET /files/ 26.0ms sql=26
GET /files/ 551.2ms sql=660
GET /files/ 483.8ms sql=660
GET /files/ 506.9ms sql=660
GET /files/3558/preview/ 5.1ms sql=4
GET /files/3558/raw/ 1.1ms sql=2
GET /files/ 470.7ms sql=660
GET /files/ 458.2ms sql=660
GET /files/3551/preview/ 3.0ms sql=4
GET /files/3551/raw/ 1.2ms sql=2
GET /files/htmlpdf/ 124.2ms sql=226
GET /files/htmlpdf/ 132.4ms sql=225
GET /files/htmlpdf/ 127.9ms sql=226
GET /files/htmlpdf/ 130.4ms sql=230
GET /files/ 15.2ms sql=26
GET /files/ 526.1ms sql=660
GET /files/ 471.8ms sql=660
GET /files/ 503.3ms sql=660
GET /files/task-management/ 42.0ms sql=36
GET /files/task-management/ 44.6ms sql=36
GET /files/task-management/ 113.9ms sql=37
GET /files/task-management/ 51.9ms sql=47
GET /files/htmlpdf/ 130.3ms sql=225
GET /files/htmlpdf/ 122.0ms sql=225
GET /files/htmlpdf/ 130.5ms sql=226
GET /files/htmlpdf/ 129.7ms sql=230
GET /files/htmlpdf/editor/1947/ 3.6ms sql=5
GET /files/htmlpdf/editor/1947/ 3.5ms sql=5
GET /files/htmlpdf/api/template-jsons/ 19.5ms sql=12
GET /files/htmlpdf/template/1947/ 2.9ms sql=2
GET /files/htmlpdf/template/1927/ 0.9ms sql=2
GET /files/htmlpdf/template/1927/ 1.0ms sql=2
GET /files/htmlpdf/template/1927/ 1.1ms sql=2
GET /files/htmlpdf/template/1927/ 1.1ms sql=2
GET /files/htmlpdf/template/1927/ 1.0ms sql=2
GET /files/task-management/ 57.4ms sql=47
